n,n_drivers,seed,driver,cls,B,routes_off,routes_on,ext_off,ext_on,fired,A_evals,wall_off_s,wall_on_s
12,5,42,gw0,GW,3,6518,838,22844,9736,4583,447,0.24234190000061062,0.0990006000001813
12,5,42,gw1,GW,3,6518,800,22844,10025,4743,455,0.2041693999999552,0.11735140000018873
12,5,42,od0,OD,3,2,2,301,301,0,2,0.001193500000226777,0.00190530000054423
12,5,42,od1,OD,3,3,3,235,235,0,0,0.0008501000002070214,0.0008116999997582752
12,5,42,od2,OD,3,4,4,302,302,0,1,0.0009993999992730096,0.0010693000003811903
10,4,1,gw0,GW,3,8533,2149,22162,12153,4454,268,0.2529982000005475,0.13967260000026727
10,4,1,gw1,GW,3,8533,2117,22162,12318,4566,268,0.23016089999964606,0.16012020000016491
10,4,1,od0,OD,3,3,3,499,499,0,0,0.0021728000001530745,0.0019983000001957407
10,4,1,od1,OD,3,3,3,582,582,0,2,0.002096999999594118,0.002411200000096869
15,5,7,gw0,GW,3,27192,2647,74044,27195,14618,689,0.880320400000528,0.338616699999875
15,5,7,gw1,GW,3,27194,2686,74046,28073,15372,773,0.8821148999995785,0.37709090000043943
15,5,7,od0,OD,3,3,3,748,748,0,0,0.0024034000007304712,0.002728200000092329
15,5,7,od1,OD,3,4,4,548,548,0,1,0.0017903999996633502,0.0018786999999065301
15,5,7,od2,OD,3,2,2,204,204,0,0,0.0006709999997838167,0.0006817000003138673
12,6,123,gw0,GW,3,12757,1954,34260,14158,6435,413,0.3700207000001683,0.19790959999954794
12,6,123,gw1,GW,3,12762,1873,34265,14189,6611,482,0.45020649999969464,0.1749325000000681
12,6,123,gw2,GW,3,12761,1882,34264,13787,6277,420,0.36006150000048365,0.17641209999965213
12,6,123,od0,OD,3,3,3,309,309,0,1,0.0019430000002103043,0.001263400000425463
12,6,123,od1,OD,3,7,7,807,807,0,5,0.0027733000006264774,0.003099100000326871
12,6,123,od2,OD,3,0,0,24,24,0,0,8.370000068680383e-05,8.410000009462237e-05
10,4,999,gw0,GW,3,5517,1127,16277,8499,3721,261,0.16085999999995693,0.0983194000000367
10,4,999,gw1,GW,3,5517,1102,16277,8069,3546,265,0.15365990000009333,0.1003937000004953
10,4,999,od0,OD,3,5,5,290,290,0,0,0.001481199999943783,0.0017699999998512794
10,4,999,od1,OD,3,5,5,402,402,0,2,0.002368399999795656,0.0025653000002421322
