n_components,seed,n_drivers,n_orders,n_winners,Z_star,t_naive_solve_wall,t_decomp_solve_wall,t_naive_solve_det,t_decomp_solve_det,t_step1,speedup_wall,speedup_det,max_abs_diff
2,0,8,8,4,73.07,0.025703899999999946,0.009283299999999994,7.268967628479004,1.1528692245483398,0.00010710000000002662,2.768832204065361,6.3051103054006585,0.0
2,1,8,8,4,62.093,0.052265499999999965,0.01138629999999996,4.443681716918945,0.2867279052734375,0.00010820000000000274,4.59020928659882,15.497904581980736,1.4210854715202004e-14
2,2,8,8,4,61.269999999999996,0.08902699999999991,0.012118299999999915,4.400040626525879,0.21283626556396484,0.00011890000000003287,7.346492494821925,20.67335947126694,1.4210854715202004e-14
4,0,16,16,7,145.584,0.0679280000000001,0.020259499999999986,27.695430755615234,1.3684864044189453,0.0001998999999999196,3.3528961721661514,20.23800212131053,2.842170943040401e-14
4,1,16,16,7,127.589,0.0602672999999998,0.023650400000000182,22.30729103088379,0.5085611343383789,0.0002634000000000247,2.5482571119304254,43.86353876590438,0.0
4,2,16,16,8,142.564,0.062164499999999956,0.02513030000000005,25.37043285369873,0.4568634033203125,0.00019039999999992396,2.473687142612696,55.53176872849938,2.842170943040401e-14
8,0,32,32,12,283.538,0.12099769999999999,0.02529640000000044,98.93495464324951,1.775700569152832,0.0004291000000000711,4.783198399772216,55.716012238735914,5.684341886080802e-14
8,1,32,32,14,269.13,0.14167590000000008,0.05426090000000072,105.62588691711426,1.0530643463134766,0.0004162000000000887,2.611012718181936,100.30335495346027,5.684341886080802e-14
8,2,32,32,16,291.844,0.1270907000000001,0.024342299999999817,131.46481132507324,1.8341693878173828,0.00042290000000000383,5.220981583498728,71.67539279538036,1.1368683772161603e-13
16,0,64,64,27,563.87,0.2980582000000005,0.038831799999999195,451.8363389968872,2.634488105773926,0.0010297000000001333,7.675621526687062,171.50820988965998,1.1368683772161603e-13
16,1,64,64,27,548.354,0.34006110000000156,0.04661159999999853,434.65645122528076,1.7801904678344727,0.0012802000000000646,7.2956324176816985,244.16289103829558,2.2737367544323206e-13
16,2,64,64,31,581.9549999999999,0.37275490000000033,0.04066319999999912,522.9372615814209,2.694441795349121,0.0010353999999996866,9.166885537783754,194.07999923548672,1.1368683772161603e-13
32,0,128,128,59,1117.6609999999998,1.300309500000001,0.08711239999999787,2085.609736442566,5.742888450622559,0.003147000000000233,14.926801465692975,363.1638946802937,6.821210263296962e-13
32,1,128,128,56,1117.1779999999999,1.3374399000000023,0.0932489999999957,1889.0659799575806,3.7285003662109375,0.002988300000000166,14.342672843677295,506.65570455001205,2.2737367544323206e-13
32,2,128,128,61,1165.79,1.3027749999999996,0.08135750000000641,2099.243809700012,5.3745012283325195,0.0029833999999997474,16.012967458438336,390.5932328442911,4.547473508864641e-13
