n_components,seed,n_drivers,n_orders,n_winners,Z_star,t_naive_solve,t_decomp_solve,t_naive_wall,t_decomp_wall,t_step1,speedup_solve,speedup_wall,max_abs_diff
2,0,8,8,4,73.07,0.04,0.04011339999764459,0.15233579999767244,0.14152440000179922,0.00011339999764459208,0.9971730145624342,1.0763924807011072,0.0
2,1,8,8,4,62.093,0.04,0.04012379999679979,0.1518862000084482,0.16393069998594,0.00012379999679978937,0.9969145495489046,0.9265268800869829,1.4210854715202004e-14
2,2,8,8,4,61.27,0.04,0.05010470000415808,0.1603567999918596,0.16491880001558457,0.0001047000041580759,0.7983283004724205,0.9723379019050958,0.0
4,0,16,16,7,145.584,0.07,0.0702542000001995,0.27549960000033025,0.24814280001010047,0.0002542000001994893,0.9963817109838449,1.1102461969040256,2.842170943040401e-14
4,1,16,16,7,127.589,0.07,0.07018950000230689,0.2935440999935963,0.2735996000119485,0.00018950000230688602,0.9973001659464641,1.0728966708313055,0.0
4,2,16,16,8,142.564,0.12,0.08027399999817135,0.37647610001295106,0.2988150000019232,0.0002739999981713481,1.4948800359111742,1.2598969262270237,2.842170943040401e-14
8,0,32,32,12,283.538,0.22,0.15039629999810133,0.5426713999986532,0.46512670000083745,0.00039629999810131267,1.4628019439492685,1.1667173696923359,5.684341886080802e-14
8,1,32,32,14,269.13,0.6799999999999999,0.1405399000001489,1.1098286000051303,0.4712352999995346,0.0005399000001489185,4.838483590775854,2.3551474178743113,5.684341886080802e-14
8,2,32,32,16,291.844,0.3,0.1604045000023325,0.7672557000114466,0.5919377999962308,0.0004045000023324974,1.870271719282424,1.2961762198939353,5.684341886080802e-14
16,0,64,64,27,563.87,0.6900000000000004,0.3009738999942785,1.4593165000114823,0.9731994999820017,0.0009738999942783266,2.2925575939080343,1.4995039558060508,1.1368683772161603e-13
16,1,64,64,27,548.354,2.2200000000000006,0.27101010000071263,3.0828417999873636,1.0134370000014314,0.001010100000712555,8.191576623875505,3.041966890870384,1.1368683772161603e-13
16,2,64,64,31,581.955,2.520000000000001,0.33133319999440586,3.441052799971658,1.14914160000626,0.0013331999944057316,7.605636863563772,2.994454991406553,1.1368683772161603e-13
32,0,128,128,59,1117.661,2.6700000000000013,0.6434059000026904,4.559929299983196,2.3423855999935768,0.003405900002690032,4.149790979518274,1.9467030961920617,2.2737367544323206e-13
32,1,128,128,56,1117.178,7.840000000000002,0.5932064999977595,9.698075500018604,2.06077840000944,0.003206499997759238,13.216308317642527,4.706025402815839,2.2737367544323206e-13
32,2,128,128,61,1165.79,7.85,0.6330030999987506,9.84444030001032,2.2412603999691783,0.0030030999987502582,12.401203090499074,4.392367928396763,2.2737367544323206e-13
