n_components,seed,n_drivers,n_orders,n_winners,t_cold_wall,t_warm_wall,t_cold_det,t_warm_det,speedup_wall,speedup_det,max_abs_diff
2,0,8,8,4,0.025307100000000027,0.027817400000000103,7.269008636474609,7.304919242858887,0.9097579213010538,0.9950840515561643,0.0
2,1,8,8,4,0.028085999999999944,0.021410699999999894,4.443681716918945,4.480340003967285,1.3117740195322938,0.9918179676060568,0.0
2,2,8,8,4,0.03266019999999992,0.026909799999999984,4.400040626525879,4.436079978942871,1.2136916662331172,0.9918758560287319,0.0
4,0,16,16,7,0.054030299999999976,0.05838920000000003,27.695322036743164,27.828310012817383,0.9253474957697647,0.9952211263992328,0.0
4,1,16,16,7,0.05664799999999992,0.05756709999999987,22.30722999572754,22.442371368408203,0.9840342834709417,0.9939782935384939,0.0
4,2,16,16,8,0.05564710000000006,0.05986480000000016,25.370253562927246,25.52131938934326,0.929546244203604,0.9940807987192427,0.0
8,0,32,32,12,0.10755239999999988,0.10767880000000041,98.93475437164307,99.40222644805908,0.9988261384785071,0.995297166943637,0.0
8,1,32,32,14,0.14150929999999984,0.13851939999999963,105.62529850006104,106.00204181671143,1.0215847022149982,0.9964458862282878,0.0
8,2,32,32,16,0.1689558,0.23001019999999972,131.4645881652832,132.08518409729004,0.7345578587384394,0.9953015477379377,0.0
16,0,64,64,27,0.34326529999999833,0.350652300000001,451.83598613739014,453.958890914917,0.978933547562635,0.9953235748434218,0.0
16,1,64,64,27,0.4081895999999996,0.41380209999999984,434.65503787994385,436.3068046569824,0.9864367532209232,0.9962142080769583,0.0
16,2,64,64,31,0.41903110000000243,0.422047100000003,522.9368295669556,525.3839330673218,0.9928538781571996,0.9953422566882101,0.0
32,0,128,128,59,1.5060184999999962,1.5808756000000042,2085.611090660095,2093.3334522247314,0.9526483298243026,0.9963109739843745,0.0
32,1,128,128,56,1.4612200999999931,1.4818148000000022,1889.0651969909668,1894.5687103271484,0.9861017044775036,0.9970951101925296,2.2737367544323206e-13
32,2,128,128,61,1.4435959,1.5077795000000052,2099.241424560547,2105.717092514038,0.9574317066918572,0.9969247208105435,0.0
