n,B_gw,B_od,tw_width,n_drivers,seed,runtime_seconds,peak_frontier_size,total_states_generated,total_states_surviving,n_complete_bundles_found,status
10,2,1,30,10,0,0.0,20,108,58,3,completed
10,2,1,30,10,1,0.0042,20,111,61,6,completed
10,2,1,30,10,2,0.0,20,105,55,0,completed
10,2,1,30,10,3,0.0021,20,108,58,3,completed
10,2,1,30,10,4,0.0,20,116,66,11,completed
10,2,1,60,10,0,0.0,20,112,62,7,completed
10,2,1,60,10,1,0.0,20,108,58,3,completed
10,2,1,60,10,2,0.0,20,105,55,0,completed
10,2,1,60,10,3,0.0,20,107,57,2,completed
10,2,1,60,10,4,0.0,20,114,64,9,completed
10,2,1,120,10,0,0.0,20,115,65,10,completed
10,2,1,120,10,1,0.0,20,107,57,2,completed
10,2,1,120,10,2,0.0032,20,108,58,3,completed
10,2,1,120,10,3,0.0,20,121,71,16,completed
10,2,1,120,10,4,0.0,20,110,60,5,completed
10,2,1,240,10,0,0.001,20,109,59,4,completed
10,2,1,240,10,1,0.0019,20,112,62,7,completed
10,2,1,240,10,2,0.0031,20,109,59,4,completed
10,2,1,240,10,3,0.0,20,112,62,7,completed
10,2,1,240,10,4,0.0027,20,115,65,10,completed
10,2,2,30,10,0,0.0176,328,1773,606,4,completed
10,2,2,30,10,1,0.0125,267,1390,537,11,completed
10,2,2,30,10,2,0.0113,297,1690,621,3,completed
10,2,2,30,10,3,0.0115,358,1904,599,4,completed
10,2,2,30,10,4,0.01,235,1297,506,4,completed
10,2,2,60,10,0,0.021,416,2485,871,6,completed
10,2,2,60,10,1,0.0132,356,1998,717,2,completed
10,2,2,60,10,2,0.011,332,1882,669,4,completed
10,2,2,60,10,3,0.0142,406,2297,790,6,completed
10,2,2,60,10,4,0.0,299,1690,665,5,completed
10,2,2,120,10,0,0.0289,380,2220,802,7,completed
10,2,2,120,10,1,0.0161,411,2242,789,4,completed
10,2,2,120,10,2,0.0149,407,2318,788,3,completed
10,2,2,120,10,3,0.0115,338,1966,734,9,completed
10,2,2,120,10,4,0.0159,376,2194,791,1,completed
10,2,2,240,10,0,0.0167,418,2281,718,3,completed
10,2,2,240,10,1,0.0139,437,2365,746,1,completed
10,2,2,240,10,2,0.0168,508,2920,957,7,completed
10,2,2,240,10,3,0.017,498,2740,882,7,completed
10,2,2,240,10,4,0.0159,451,2517,798,3,completed
30,2,1,30,10,0,0.003,60,327,177,22,completed
30,2,1,30,10,1,0.003,60,323,173,18,completed
30,2,1,30,10,2,0.003,60,318,168,13,completed
30,2,1,30,10,3,0.003,60,326,176,21,completed
30,2,1,30,10,4,0.002,60,332,182,27,completed
30,2,1,60,10,0,0.002,60,321,171,16,completed
30,2,1,60,10,1,0.002,60,313,163,8,completed
30,2,1,60,10,2,0.0025,60,322,172,17,completed
30,2,1,60,10,3,0.0,60,322,172,17,completed
30,2,1,60,10,4,0.0045,60,310,160,5,completed
30,2,1,120,10,0,0.0035,60,316,166,11,completed
30,2,1,120,10,1,0.0028,60,317,167,12,completed
30,2,1,120,10,2,0.002,60,337,187,32,completed
30,2,1,120,10,3,0.0025,60,325,175,20,completed
30,2,1,120,10,4,0.0048,60,320,170,15,completed
30,2,1,240,10,0,0.003,60,324,174,19,completed
30,2,1,240,10,1,0.002,60,320,170,15,completed
30,2,1,240,10,2,0.0029,60,312,162,7,completed
30,2,1,240,10,3,0.002,60,314,164,9,completed
30,2,1,240,10,4,0.002,60,324,174,19,completed
30,2,2,30,10,0,0.0926,2728,14084,5173,13,completed
30,2,2,30,10,1,0.0872,2523,13497,4666,15,completed
30,2,2,30,10,2,0.1178,2650,13991,4926,17,completed
30,2,2,30,10,3,0.0846,2165,11859,4546,8,completed
30,2,2,30,10,4,0.1248,2723,14868,5110,19,completed
30,2,2,60,10,0,0.1393,3166,17477,6422,2,completed
30,2,2,60,10,1,0.1467,3272,17615,6333,18,completed
30,2,2,60,10,2,0.1487,3412,18965,6897,30,completed
30,2,2,60,10,3,0.1161,3054,16763,6226,4,completed
30,2,2,60,10,4,0.145,3256,17712,6433,13,completed
30,2,2,120,10,0,0.1339,3400,18985,6785,10,completed
30,2,2,120,10,1,0.148,3710,20624,7174,9,completed
30,2,2,120,10,2,0.1519,3963,21825,7332,12,completed
30,2,2,120,10,3,0.1458,3666,20609,7110,15,completed
30,2,2,120,10,4,0.141,3723,20852,7119,19,completed
30,2,2,240,10,0,0.185,4396,23882,7428,13,completed
30,2,2,240,10,1,0.1658,4389,24435,7795,20,completed
30,2,2,240,10,2,0.1607,4524,24705,7717,12,completed
30,2,2,240,10,3,0.1702,4248,23671,7492,12,completed
30,2,2,240,10,4,0.1649,4320,23607,7453,3,completed
50,2,1,30,10,0,0.004,100,525,275,20,completed
50,2,1,30,10,1,0.0054,100,522,272,17,completed
50,2,1,30,10,2,0.004,100,527,277,22,completed
50,2,1,30,10,3,0.0043,100,535,285,30,completed
50,2,1,30,10,4,0.004,100,536,286,31,completed
50,2,1,60,10,0,0.004,100,534,284,29,completed
50,2,1,60,10,1,0.004,100,519,269,14,completed
50,2,1,60,10,2,0.0052,100,529,279,24,completed
50,2,1,60,10,3,0.004,100,538,288,33,completed
50,2,1,60,10,4,0.003,100,525,275,20,completed
50,2,1,120,10,0,0.0044,100,525,275,20,completed
50,2,1,120,10,1,0.003,100,531,281,26,completed
50,2,1,120,10,2,0.0042,100,539,289,34,completed
50,2,1,120,10,3,0.0,100,545,295,40,completed
50,2,1,120,10,4,0.0055,100,525,275,20,completed
50,2,1,240,10,0,0.0,100,521,271,16,completed
50,2,1,240,10,1,0.003,100,531,281,26,completed
50,2,1,240,10,2,0.004,100,535,285,30,completed
50,2,1,240,10,3,0.0062,100,534,284,29,completed
50,2,1,240,10,4,0.0022,100,540,290,35,completed
50,2,2,30,10,0,0.3795,7506,40188,14154,36,completed
50,2,2,30,10,1,0.3012,6499,34938,12767,22,completed
50,2,2,30,10,2,0.3207,6488,33484,13096,22,completed
50,2,2,30,10,3,0.4166,8699,48309,15865,25,completed
50,2,2,30,10,4,0.2927,7200,37601,13884,27,completed
50,2,2,60,10,0,0.4459,9582,53489,19229,16,completed
50,2,2,60,10,1,0.4752,9683,53115,18974,30,completed
50,2,2,60,10,2,0.4436,9400,52862,18889,18,completed
50,2,2,60,10,3,0.4236,9766,53733,19057,13,completed
50,2,2,60,10,4,0.3781,8889,48719,17793,18,completed
50,2,2,120,10,0,0.4538,10103,54941,19039,14,completed
50,2,2,120,10,1,0.4562,9615,53066,18768,8,completed
50,2,2,120,10,2,0.4612,10634,59738,20408,13,completed
50,2,2,120,10,3,0.4134,9609,52333,18174,19,completed
50,2,2,120,10,4,0.4539,9757,54783,19438,13,completed
50,2,2,240,10,0,0.5595,12353,67004,21030,30,completed
50,2,2,240,10,1,0.5283,11805,64361,20326,21,completed
50,2,2,240,10,2,0.5366,12528,68490,21841,31,completed
50,2,2,240,10,3,0.5658,12664,68257,21312,12,completed
50,2,2,240,10,4,0.5949,12354,68086,21557,22,completed
75,2,1,30,10,0,0.0087,150,809,434,54,completed
75,2,1,30,10,1,0.0098,150,811,436,56,completed
75,2,1,30,10,2,0.0077,150,788,413,33,completed
75,2,1,30,10,3,0.0058,150,775,400,20,completed
75,2,1,30,10,4,0.0053,150,810,435,55,completed
75,2,1,60,10,0,0.0056,150,796,421,41,completed
75,2,1,60,10,1,0.006,150,774,399,19,completed
75,2,1,60,10,2,0.0056,150,806,431,51,completed
75,2,1,60,10,3,0.0056,150,792,417,37,completed
75,2,1,60,10,4,0.0063,150,775,400,20,completed
75,2,1,120,10,0,0.0075,150,785,410,30,completed
75,2,1,120,10,1,0.0083,150,801,426,46,completed
75,2,1,120,10,2,0.0054,150,824,449,69,completed
75,2,1,120,10,3,0.0082,150,814,439,59,completed
75,2,1,120,10,4,0.0094,150,772,397,17,completed
75,2,1,240,10,0,0.005,150,788,413,33,completed
75,2,1,240,10,1,0.007,150,787,412,32,completed
75,2,1,240,10,2,0.0077,150,800,425,45,completed
75,2,1,240,10,3,0.006,150,813,438,58,completed
75,2,1,240,10,4,0.009,150,790,415,35,completed
75,2,2,30,10,0,0.7596,17622,91946,30770,35,completed
75,2,2,30,10,1,0.7487,17407,90148,31926,30,completed
75,2,2,30,10,2,0.8912,18003,96165,33774,41,completed
75,2,2,30,10,3,0.7353,16265,84102,30651,28,completed
75,2,2,30,10,4,0.6585,14645,73910,26812,27,completed
75,2,2,60,10,0,1.2236,25845,143834,48814,59,completed
75,2,2,60,10,1,1.1606,21280,117127,42318,59,completed
75,2,2,60,10,2,0.9383,20949,112704,40776,78,completed
75,2,2,60,10,3,0.7834,17375,93444,36553,22,completed
75,2,2,60,10,4,0.9297,21602,119362,42526,44,completed
75,2,2,120,10,0,1.0903,22606,123049,42272,37,completed
75,2,2,120,10,1,1.1331,24187,132661,44698,48,completed
75,2,2,120,10,2,1.0573,23429,129557,44199,24,completed
75,2,2,120,10,3,1.1001,23414,131853,45681,61,completed
75,2,2,120,10,4,1.0926,23757,130516,43836,31,completed
75,2,2,240,10,0,1.3153,27865,152203,47720,50,completed
75,2,2,240,10,1,1.4221,29289,157737,48919,54,completed
75,2,2,240,10,2,1.2599,27787,153639,48306,46,completed
75,2,2,240,10,3,1.3217,29110,162315,51368,43,completed
75,2,2,240,10,4,1.2947,28188,157093,50183,43,completed
100,2,1,30,10,0,0.0074,200,1071,571,66,completed
100,2,1,30,10,1,0.0064,200,1039,539,34,completed
100,2,1,30,10,2,0.0182,200,1078,578,73,completed
100,2,1,30,10,3,0.002,200,1037,537,32,completed
100,2,1,30,10,4,0.0138,200,1077,577,72,completed
100,2,1,60,10,0,0.0071,200,1024,524,19,completed
100,2,1,60,10,1,0.008,200,1080,580,75,completed
100,2,1,60,10,2,0.0105,200,1068,568,63,completed
100,2,1,60,10,3,0.0,200,1042,542,37,completed
100,2,1,60,10,4,0.008,200,1041,541,36,completed
100,2,1,120,10,0,0.008,200,1056,556,51,completed
100,2,1,120,10,1,0.0084,200,1057,557,52,completed
100,2,1,120,10,2,0.0068,200,1056,556,51,completed
100,2,1,120,10,3,0.0053,200,1029,529,24,completed
100,2,1,120,10,4,0.0067,200,1042,542,37,completed
100,2,1,240,10,0,0.0109,200,1059,559,54,completed
100,2,1,240,10,1,0.0083,200,1061,561,56,completed
100,2,1,240,10,2,0.0086,200,1058,558,53,completed
100,2,1,240,10,3,0.0122,200,1083,583,78,completed
100,2,1,240,10,4,0.0,200,1060,560,55,completed
100,2,2,30,10,0,1.6246,31884,170044,59559,32,completed
100,2,2,30,10,1,1.4072,31442,162147,55391,37,completed
100,2,2,30,10,2,1.3612,29459,152207,53645,86,completed
100,2,2,30,10,3,1.3192,28295,145588,53098,55,completed
100,2,2,30,10,4,1.3688,30233,154202,54011,66,completed
100,2,2,60,10,0,1.9476,40802,223360,78187,63,completed
100,2,2,60,10,1,1.926,39565,219020,77380,63,completed
100,2,2,60,10,2,1.8503,37554,203837,73369,76,completed
100,2,2,60,10,3,1.7593,36917,199719,71883,44,completed
100,2,2,60,10,4,2.102,42116,232247,81058,56,completed
100,2,2,120,10,0,2.2376,44693,243833,82268,53,completed
100,2,2,120,10,1,2.1532,43364,239874,80536,46,completed
100,2,2,120,10,2,1.9983,39815,217023,76005,80,completed
100,2,2,120,10,3,2.0976,42686,233709,80371,76,completed
100,2,2,120,10,4,2.1003,41767,232934,79536,81,completed
100,2,2,240,10,0,2.5303,49779,270795,84079,29,completed
100,2,2,240,10,1,2.3837,48399,264824,82398,63,completed
100,2,2,240,10,2,2.4921,49813,272228,85311,51,completed
100,2,2,240,10,3,2.4164,49218,268220,83273,48,completed
100,2,2,240,10,4,2.5949,49268,271036,85306,51,completed
