n,B_gw,B_od,tw_width,tau,spatial_mode,supply_ratio,n_drivers,seed,n_edges,n_components,largest_component_fraction,median_component_size,n_singleton_components,component_sizes,dp_runtime_s,total_bundles_in_pool,status
30,3,1,120,30,dispersed,0.3,9,0,36,1,1.0,9.0,0,9,9.5089,18139,completed
30,3,1,120,30,dispersed,0.3,9,1,35,1,1.0,9.0,0,9,17.5553,18138,completed
30,3,1,120,30,dispersed,0.3,9,2,36,1,1.0,9.0,0,9,13.0425,18134,completed
30,3,1,120,30,dispersed,0.3,9,3,36,1,1.0,9.0,0,9,17.1256,18154,completed
30,3,1,120,30,dispersed,0.3,9,4,36,1,1.0,9.0,0,9,14.7578,18145,completed
30,3,1,120,30,dispersed,0.3,9,5,32,1,1.0,9.0,0,9,12.1227,18117,completed
30,3,1,120,30,dispersed,0.3,9,6,33,1,1.0,9.0,0,9,10.341,18127,completed
30,3,1,120,30,dispersed,0.3,9,7,36,1,1.0,9.0,0,9,17.6797,18130,completed
30,3,1,120,30,dispersed,0.3,9,8,33,1,1.0,9.0,0,9,11.2967,18125,completed
30,3,1,120,30,dispersed,0.3,9,9,36,1,1.0,9.0,0,9,11.1351,18131,completed
30,3,1,120,45,dispersed,0.3,9,0,36,1,1.0,9.0,0,9,17.2139,18175,completed
30,3,1,120,45,dispersed,0.3,9,1,36,1,1.0,9.0,0,9,21.5328,18194,completed
30,3,1,120,45,dispersed,0.3,9,2,36,1,1.0,9.0,0,9,16.7491,18181,completed
30,3,1,120,45,dispersed,0.3,9,3,36,1,1.0,9.0,0,9,10.4292,18148,completed
30,3,1,120,45,dispersed,0.3,9,4,36,1,1.0,9.0,0,9,12.085,18178,completed
30,3,1,120,45,dispersed,0.3,9,5,36,1,1.0,9.0,0,9,15.6274,18156,completed
30,3,1,120,45,dispersed,0.3,9,6,36,1,1.0,9.0,0,9,15.1727,18168,completed
30,3,1,120,45,dispersed,0.3,9,7,36,1,1.0,9.0,0,9,12.9455,18156,completed
30,3,1,120,45,dispersed,0.3,9,8,36,1,1.0,9.0,0,9,12.4329,18148,completed
30,3,1,120,45,dispersed,0.3,9,9,36,1,1.0,9.0,0,9,20.5761,18149,completed
30,3,1,120,60,dispersed,0.3,9,0,36,1,1.0,9.0,0,9,16.5032,18187,completed
30,3,1,120,60,dispersed,0.3,9,1,36,1,1.0,9.0,0,9,24.6525,18208,completed
30,3,1,120,60,dispersed,0.3,9,2,36,1,1.0,9.0,0,9,18.9031,18185,completed
30,3,1,120,60,dispersed,0.3,9,3,36,1,1.0,9.0,0,9,17.3339,18184,completed
30,3,1,120,60,dispersed,0.3,9,4,36,1,1.0,9.0,0,9,13.5905,18170,completed
30,3,1,120,60,dispersed,0.3,9,5,36,1,1.0,9.0,0,9,16.0273,18183,completed
30,3,1,120,60,dispersed,0.3,9,6,36,1,1.0,9.0,0,9,20.9671,18177,completed
30,3,1,120,60,dispersed,0.3,9,7,36,1,1.0,9.0,0,9,14.0697,18159,completed
30,3,1,120,60,dispersed,0.3,9,8,36,1,1.0,9.0,0,9,15.3944,18164,completed
30,3,1,120,60,dispersed,0.3,9,9,36,1,1.0,9.0,0,9,12.5784,18176,completed
30,3,1,120,30,dispersed,0.6,18,0,146,1,1.0,18.0,0,18,27.0938,40766,completed
30,3,1,120,30,dispersed,0.6,18,1,153,1,1.0,18.0,0,18,24.7062,40795,completed
30,3,1,120,30,dispersed,0.6,18,2,153,1,1.0,18.0,0,18,43.8377,40812,completed
30,3,1,120,30,dispersed,0.6,18,3,145,1,1.0,18.0,0,18,30.1933,40773,completed
30,3,1,120,30,dispersed,0.6,18,4,153,1,1.0,18.0,0,18,27.0934,40815,completed
30,3,1,120,30,dispersed,0.6,18,5,153,1,1.0,18.0,0,18,43.3575,40817,completed
30,3,1,120,30,dispersed,0.6,18,6,153,1,1.0,18.0,0,18,43.7295,40777,completed
30,3,1,120,30,dispersed,0.6,18,7,153,1,1.0,18.0,0,18,33.7507,40824,completed
30,3,1,120,30,dispersed,0.6,18,8,147,1,1.0,18.0,0,18,25.1908,40795,completed
30,3,1,120,30,dispersed,0.6,18,9,151,1,1.0,18.0,0,18,29.2703,40783,completed
30,3,1,120,45,dispersed,0.6,18,0,153,1,1.0,18.0,0,18,40.7738,40827,completed
30,3,1,120,45,dispersed,0.6,18,1,153,1,1.0,18.0,0,18,37.6862,40834,completed
30,3,1,120,45,dispersed,0.6,18,2,153,1,1.0,18.0,0,18,38.7823,40859,completed
30,3,1,120,45,dispersed,0.6,18,3,153,1,1.0,18.0,0,18,37.7625,40827,completed
30,3,1,120,45,dispersed,0.6,18,4,153,1,1.0,18.0,0,18,54.1561,40893,completed
30,3,1,120,45,dispersed,0.6,18,5,153,1,1.0,18.0,0,18,27.8692,40831,completed
30,3,1,120,45,dispersed,0.6,18,6,153,1,1.0,18.0,0,18,31.441,40818,completed
30,3,1,120,45,dispersed,0.6,18,7,153,1,1.0,18.0,0,18,41.7285,40868,completed
30,3,1,120,45,dispersed,0.6,18,8,153,1,1.0,18.0,0,18,39.7369,40843,completed
30,3,1,120,45,dispersed,0.6,18,9,153,1,1.0,18.0,0,18,34.8844,40841,completed
30,3,1,120,60,dispersed,0.6,18,0,153,1,1.0,18.0,0,18,50.1799,40859,completed
30,3,1,120,60,dispersed,0.6,18,1,153,1,1.0,18.0,0,18,29.7352,40838,completed
30,3,1,120,60,dispersed,0.6,18,2,153,1,1.0,18.0,0,18,31.2958,40845,completed
30,3,1,120,60,dispersed,0.6,18,3,153,1,1.0,18.0,0,18,43.2271,40915,completed
30,3,1,120,60,dispersed,0.6,18,4,153,1,1.0,18.0,0,18,31.7954,40860,completed
30,3,1,120,60,dispersed,0.6,18,5,153,1,1.0,18.0,0,18,31.8804,40854,completed
30,3,1,120,60,dispersed,0.6,18,6,153,1,1.0,18.0,0,18,31.2965,40845,completed
30,3,1,120,60,dispersed,0.6,18,7,153,1,1.0,18.0,0,18,36.2561,40875,completed
30,3,1,120,60,dispersed,0.6,18,8,153,1,1.0,18.0,0,18,35.9135,40882,completed
30,3,1,120,60,dispersed,0.6,18,9,153,1,1.0,18.0,0,18,29.7587,40837,completed
30,3,1,120,30,dispersed,1.0,30,0,421,1,1.0,30.0,0,30,76.6641,67981,completed
30,3,1,120,30,dispersed,1.0,30,1,423,1,1.0,30.0,0,30,56.5312,67961,completed
30,3,1,120,30,dispersed,1.0,30,2,432,1,1.0,30.0,0,30,53.928,67998,completed
30,3,1,120,30,dispersed,1.0,30,3,422,1,1.0,30.0,0,30,54.8898,67972,completed
30,3,1,120,30,dispersed,1.0,30,4,434,1,1.0,30.0,0,30,87.6914,68037,completed
30,3,1,120,30,dispersed,1.0,30,5,435,1,1.0,30.0,0,30,48.1729,67998,completed
30,3,1,120,30,dispersed,1.0,30,6,431,1,1.0,30.0,0,30,69.8204,68018,completed
30,3,1,120,30,dispersed,1.0,30,7,401,2,0.966667,15.0,1,29|1,68.9498,67981,completed
30,3,1,120,30,dispersed,1.0,30,8,406,2,0.966667,15.0,1,29|1,58.8033,67993,completed
30,3,1,120,30,dispersed,1.0,30,9,434,1,1.0,30.0,0,30,60.6121,67992,completed
30,3,1,120,45,dispersed,1.0,30,0,435,1,1.0,30.0,0,30,66.1788,68066,completed
30,3,1,120,45,dispersed,1.0,30,1,435,1,1.0,30.0,0,30,77.1061,68126,completed
30,3,1,120,45,dispersed,1.0,30,2,435,1,1.0,30.0,0,30,75.8865,68078,completed
30,3,1,120,45,dispersed,1.0,30,3,435,1,1.0,30.0,0,30,67.3697,68055,completed
30,3,1,120,45,dispersed,1.0,30,4,435,1,1.0,30.0,0,30,66.265,68034,completed
30,3,1,120,45,dispersed,1.0,30,5,435,1,1.0,30.0,0,30,49.5368,68043,completed
30,3,1,120,45,dispersed,1.0,30,6,435,1,1.0,30.0,0,30,100.1983,68069,completed
30,3,1,120,45,dispersed,1.0,30,7,435,1,1.0,30.0,0,30,78.4209,68095,completed
30,3,1,120,45,dispersed,1.0,30,8,435,1,1.0,30.0,0,30,72.147,68080,completed
30,3,1,120,45,dispersed,1.0,30,9,435,1,1.0,30.0,0,30,64.0089,68096,completed
30,3,1,120,60,dispersed,1.0,30,0,435,1,1.0,30.0,0,30,70.8917,68099,completed
30,3,1,120,60,dispersed,1.0,30,1,435,1,1.0,30.0,0,30,60.1628,68121,completed
30,3,1,120,60,dispersed,1.0,30,2,435,1,1.0,30.0,0,30,76.0876,68148,completed
30,3,1,120,60,dispersed,1.0,30,3,435,1,1.0,30.0,0,30,83.9112,68120,completed
30,3,1,120,60,dispersed,1.0,30,4,435,1,1.0,30.0,0,30,52.0658,68073,completed
30,3,1,120,60,dispersed,1.0,30,5,435,1,1.0,30.0,0,30,54.2233,68071,completed
30,3,1,120,60,dispersed,1.0,30,6,435,1,1.0,30.0,0,30,85.4188,68114,completed
30,3,1,120,60,dispersed,1.0,30,7,435,1,1.0,30.0,0,30,49.7889,68004,completed
30,3,1,120,60,dispersed,1.0,30,8,435,1,1.0,30.0,0,30,79.2075,68132,completed
30,3,1,120,60,dispersed,1.0,30,9,435,1,1.0,30.0,0,30,80.1685,68066,completed
30,3,1,120,30,clustered,0.3,9,0,35,1,1.0,9.0,0,9,11.7078,18145,completed
30,3,1,120,30,clustered,0.3,9,1,36,1,1.0,9.0,0,9,17.5488,18150,completed
30,3,1,120,30,clustered,0.3,9,2,34,1,1.0,9.0,0,9,16.7515,18136,completed
30,3,1,120,30,clustered,0.3,9,3,35,1,1.0,9.0,0,9,20.0064,18147,completed
30,3,1,120,30,clustered,0.3,9,4,36,1,1.0,9.0,0,9,9.9798,18142,completed
30,3,1,120,30,clustered,0.3,9,5,36,1,1.0,9.0,0,9,11.1158,18131,completed
30,3,1,120,30,clustered,0.3,9,6,35,1,1.0,9.0,0,9,19.4124,18145,completed
30,3,1,120,30,clustered,0.3,9,7,36,1,1.0,9.0,0,9,17.9922,18150,completed
30,3,1,120,30,clustered,0.3,9,8,36,1,1.0,9.0,0,9,15.2696,18159,completed
30,3,1,120,30,clustered,0.3,9,9,32,1,1.0,9.0,0,9,14.7927,18131,completed
30,3,1,120,45,clustered,0.3,9,0,36,1,1.0,9.0,0,9,14.2458,18161,completed
30,3,1,120,45,clustered,0.3,9,1,36,1,1.0,9.0,0,9,16.7253,18156,completed
30,3,1,120,45,clustered,0.3,9,2,36,1,1.0,9.0,0,9,12.2433,18144,completed
30,3,1,120,45,clustered,0.3,9,3,36,1,1.0,9.0,0,9,14.8403,18185,completed
30,3,1,120,45,clustered,0.3,9,4,36,1,1.0,9.0,0,9,13.1026,18167,completed
30,3,1,120,45,clustered,0.3,9,5,36,1,1.0,9.0,0,9,16.8516,18179,completed
30,3,1,120,45,clustered,0.3,9,6,36,1,1.0,9.0,0,9,18.8314,18166,completed
30,3,1,120,45,clustered,0.3,9,7,36,1,1.0,9.0,0,9,17.8903,18148,completed
30,3,1,120,45,clustered,0.3,9,8,36,1,1.0,9.0,0,9,14.0956,18152,completed
30,3,1,120,45,clustered,0.3,9,9,36,1,1.0,9.0,0,9,16.4485,18174,completed
30,3,1,120,60,clustered,0.3,9,0,36,1,1.0,9.0,0,9,13.0191,18163,completed
30,3,1,120,60,clustered,0.3,9,1,36,1,1.0,9.0,0,9,13.0551,18168,completed
30,3,1,120,60,clustered,0.3,9,2,36,1,1.0,9.0,0,9,21.1696,18195,completed
30,3,1,120,60,clustered,0.3,9,3,36,1,1.0,9.0,0,9,20.0785,18178,completed
30,3,1,120,60,clustered,0.3,9,4,36,1,1.0,9.0,0,9,23.1101,18191,completed
30,3,1,120,60,clustered,0.3,9,5,36,1,1.0,9.0,0,9,18.4288,18197,completed
30,3,1,120,60,clustered,0.3,9,6,36,1,1.0,9.0,0,9,18.8738,18182,completed
30,3,1,120,60,clustered,0.3,9,7,36,1,1.0,9.0,0,9,15.96,18169,completed
30,3,1,120,60,clustered,0.3,9,8,36,1,1.0,9.0,0,9,15.3422,18174,completed
30,3,1,120,60,clustered,0.3,9,9,36,1,1.0,9.0,0,9,19.3219,18180,completed
30,3,1,120,30,clustered,0.6,18,0,153,1,1.0,18.0,0,18,30.9997,40811,completed
30,3,1,120,30,clustered,0.6,18,1,153,1,1.0,18.0,0,18,45.2756,40796,completed
30,3,1,120,30,clustered,0.6,18,2,153,1,1.0,18.0,0,18,28.5207,40783,completed
30,3,1,120,30,clustered,0.6,18,3,153,1,1.0,18.0,0,18,35.9482,40800,completed
30,3,1,120,30,clustered,0.6,18,4,150,1,1.0,18.0,0,18,33.2702,40789,completed
30,3,1,120,30,clustered,0.6,18,5,153,1,1.0,18.0,0,18,42.934,40808,completed
30,3,1,120,30,clustered,0.6,18,6,148,1,1.0,18.0,0,18,40.2456,40782,completed
30,3,1,120,30,clustered,0.6,18,7,127,2,0.944444,9.0,1,17|1,37.5531,40761,completed
30,3,1,120,30,clustered,0.6,18,8,152,1,1.0,18.0,0,18,25.8755,40808,completed
30,3,1,120,30,clustered,0.6,18,9,153,1,1.0,18.0,0,18,38.4883,40795,completed
30,3,1,120,45,clustered,0.6,18,0,153,1,1.0,18.0,0,18,40.3084,40803,completed
30,3,1,120,45,clustered,0.6,18,1,153,1,1.0,18.0,0,18,30.9178,40868,completed
30,3,1,120,45,clustered,0.6,18,2,153,1,1.0,18.0,0,18,42.3763,40889,completed
30,3,1,120,45,clustered,0.6,18,3,153,1,1.0,18.0,0,18,32.0685,40814,completed
30,3,1,120,45,clustered,0.6,18,4,153,1,1.0,18.0,0,18,33.6648,40835,completed
30,3,1,120,45,clustered,0.6,18,5,153,1,1.0,18.0,0,18,36.3769,40825,completed
30,3,1,120,45,clustered,0.6,18,6,153,1,1.0,18.0,0,18,34.3437,40877,completed
30,3,1,120,45,clustered,0.6,18,7,153,1,1.0,18.0,0,18,30.569,40809,completed
30,3,1,120,45,clustered,0.6,18,8,153,1,1.0,18.0,0,18,38.2383,40877,completed
30,3,1,120,45,clustered,0.6,18,9,153,1,1.0,18.0,0,18,55.1403,40821,completed
30,3,1,120,60,clustered,0.6,18,0,153,1,1.0,18.0,0,18,35.326,40842,completed
30,3,1,120,60,clustered,0.6,18,1,153,1,1.0,18.0,0,18,39.8908,40832,completed
30,3,1,120,60,clustered,0.6,18,2,153,1,1.0,18.0,0,18,29.4096,40866,completed
30,3,1,120,60,clustered,0.6,18,3,153,1,1.0,18.0,0,18,31.8305,40873,completed
30,3,1,120,60,clustered,0.6,18,4,153,1,1.0,18.0,0,18,27.0168,40847,completed
30,3,1,120,60,clustered,0.6,18,5,153,1,1.0,18.0,0,18,33.0954,40817,completed
30,3,1,120,60,clustered,0.6,18,6,153,1,1.0,18.0,0,18,41.9864,40875,completed
30,3,1,120,60,clustered,0.6,18,7,153,1,1.0,18.0,0,18,35.4797,40843,completed
30,3,1,120,60,clustered,0.6,18,8,153,1,1.0,18.0,0,18,38.5207,40852,completed
30,3,1,120,60,clustered,0.6,18,9,153,1,1.0,18.0,0,18,44.4333,40872,completed
30,3,1,120,30,clustered,1.0,30,0,426,1,1.0,30.0,0,30,83.537,67964,completed
30,3,1,120,30,clustered,1.0,30,1,422,1,1.0,30.0,0,30,77.3732,67992,completed
30,3,1,120,30,clustered,1.0,30,2,429,1,1.0,30.0,0,30,60.422,68006,completed
30,3,1,120,30,clustered,1.0,30,3,435,1,1.0,30.0,0,30,63.8043,68009,completed
30,3,1,120,30,clustered,1.0,30,4,433,1,1.0,30.0,0,30,61.6506,67990,completed
30,3,1,120,30,clustered,1.0,30,5,402,2,0.966667,15.0,1,29|1,57.3432,67959,completed
30,3,1,120,30,clustered,1.0,30,6,428,1,1.0,30.0,0,30,81.614,67981,completed
30,3,1,120,30,clustered,1.0,30,7,429,1,1.0,30.0,0,30,56.1313,68022,completed
30,3,1,120,30,clustered,1.0,30,8,429,1,1.0,30.0,0,30,91.5424,67988,completed
30,3,1,120,30,clustered,1.0,30,9,415,1,1.0,30.0,0,30,48.4808,67978,completed
30,3,1,120,45,clustered,1.0,30,0,435,1,1.0,30.0,0,30,62.9338,68036,completed
30,3,1,120,45,clustered,1.0,30,1,435,1,1.0,30.0,0,30,82.8889,68070,completed
30,3,1,120,45,clustered,1.0,30,2,435,1,1.0,30.0,0,30,70.1871,68074,completed
30,3,1,120,45,clustered,1.0,30,3,435,1,1.0,30.0,0,30,70.5188,68075,completed
30,3,1,120,45,clustered,1.0,30,4,435,1,1.0,30.0,0,30,93.7326,68107,completed
30,3,1,120,45,clustered,1.0,30,5,435,1,1.0,30.0,0,30,94.8225,68064,completed
30,3,1,120,45,clustered,1.0,30,6,435,1,1.0,30.0,0,30,55.3802,68021,completed
30,3,1,120,45,clustered,1.0,30,7,435,1,1.0,30.0,0,30,52.2657,68048,completed
30,3,1,120,45,clustered,1.0,30,8,435,1,1.0,30.0,0,30,73.691,68048,completed
30,3,1,120,45,clustered,1.0,30,9,435,1,1.0,30.0,0,30,62.1162,68045,completed
30,3,1,120,60,clustered,1.0,30,0,435,1,1.0,30.0,0,30,71.9358,68110,completed
30,3,1,120,60,clustered,1.0,30,1,435,1,1.0,30.0,0,30,76.8943,68151,completed
30,3,1,120,60,clustered,1.0,30,2,435,1,1.0,30.0,0,30,85.1642,68125,completed
30,3,1,120,60,clustered,1.0,30,3,435,1,1.0,30.0,0,30,69.8153,68093,completed
30,3,1,120,60,clustered,1.0,30,4,435,1,1.0,30.0,0,30,75.2093,68092,completed
30,3,1,120,60,clustered,1.0,30,5,435,1,1.0,30.0,0,30,72.1073,68089,completed
30,3,1,120,60,clustered,1.0,30,6,435,1,1.0,30.0,0,30,80.1996,68113,completed
30,3,1,120,60,clustered,1.0,30,7,435,1,1.0,30.0,0,30,83.496,68063,completed
30,3,1,120,60,clustered,1.0,30,8,435,1,1.0,30.0,0,30,66.3128,68103,completed
30,3,1,120,60,clustered,1.0,30,9,435,1,1.0,30.0,0,30,97.7339,68148,completed
50,3,1,120,30,dispersed,0.3,15,0,105,1,1.0,15.0,0,15,127.7664,167112,completed
50,3,1,120,30,dispersed,0.3,15,1,105,1,1.0,15.0,0,15,136.5984,167068,completed
50,3,1,120,30,dispersed,0.3,15,2,105,1,1.0,15.0,0,15,148.2981,167090,completed
50,3,1,120,30,dispersed,0.3,15,3,102,1,1.0,15.0,0,15,171.5665,167085,completed
50,3,1,120,30,dispersed,0.3,15,4,105,1,1.0,15.0,0,15,140.0279,167098,completed
50,3,1,120,30,dispersed,0.3,15,5,105,1,1.0,15.0,0,15,100.9025,167053,completed
50,3,1,120,30,dispersed,0.3,15,6,104,1,1.0,15.0,0,15,116.7963,167068,completed
50,3,1,120,30,dispersed,0.3,15,7,102,1,1.0,15.0,0,15,134.3821,167079,completed
50,3,1,120,30,dispersed,0.3,15,8,104,1,1.0,15.0,0,15,148.6235,167089,completed
50,3,1,120,30,dispersed,0.3,15,9,105,1,1.0,15.0,0,15,158.3321,167104,completed
50,3,1,120,45,dispersed,0.3,15,0,105,1,1.0,15.0,0,15,145.3972,167144,completed
50,3,1,120,45,dispersed,0.3,15,1,105,1,1.0,15.0,0,15,117.1736,167142,completed
50,3,1,120,45,dispersed,0.3,15,2,105,1,1.0,15.0,0,15,140.8632,167157,completed
50,3,1,120,45,dispersed,0.3,15,3,105,1,1.0,15.0,0,15,153.0262,167172,completed
50,3,1,120,45,dispersed,0.3,15,4,105,1,1.0,15.0,0,15,118.1038,167168,completed
50,3,1,120,45,dispersed,0.3,15,5,105,1,1.0,15.0,0,15,140.2123,167143,completed
50,3,1,120,45,dispersed,0.3,15,6,105,1,1.0,15.0,0,15,122.687,167144,completed
50,3,1,120,45,dispersed,0.3,15,7,105,1,1.0,15.0,0,15,97.1672,167158,completed
50,3,1,120,45,dispersed,0.3,15,8,105,1,1.0,15.0,0,15,112.7588,167161,completed
50,3,1,120,45,dispersed,0.3,15,9,105,1,1.0,15.0,0,15,85.3169,167139,completed
50,3,1,120,60,dispersed,0.3,15,0,105,1,1.0,15.0,0,15,131.4026,167211,completed
50,3,1,120,60,dispersed,0.3,15,1,105,1,1.0,15.0,0,15,112.111,167189,completed
50,3,1,120,60,dispersed,0.3,15,2,105,1,1.0,15.0,0,15,135.8775,167200,completed
50,3,1,120,60,dispersed,0.3,15,3,105,1,1.0,15.0,0,15,110.6535,167149,completed
50,3,1,120,60,dispersed,0.3,15,4,105,1,1.0,15.0,0,15,96.1554,167148,completed
50,3,1,120,60,dispersed,0.3,15,5,105,1,1.0,15.0,0,15,137.774,167231,completed
50,3,1,120,60,dispersed,0.3,15,6,105,1,1.0,15.0,0,15,111.8753,167191,completed
50,3,1,120,60,dispersed,0.3,15,7,105,1,1.0,15.0,0,15,153.9125,167193,completed
50,3,1,120,60,dispersed,0.3,15,8,105,1,1.0,15.0,0,15,89.48,167179,completed
50,3,1,120,60,dispersed,0.3,15,9,105,1,1.0,15.0,0,15,113.6053,167193,completed
50,3,1,120,30,dispersed,0.6,30,0,434,1,1.0,30.0,0,30,208.4172,313333,completed
50,3,1,120,30,dispersed,0.6,30,1,426,1,1.0,30.0,0,30,187.6928,313319,completed
50,3,1,120,30,dispersed,0.6,30,2,430,1,1.0,30.0,0,30,229.7663,313299,completed
50,3,1,120,30,dispersed,0.6,30,3,435,1,1.0,30.0,0,30,219.1072,313370,completed
50,3,1,120,30,dispersed,0.6,30,4,434,1,1.0,30.0,0,30,176.3572,313268,completed
50,3,1,120,30,dispersed,0.6,30,5,435,1,1.0,30.0,0,30,254.9443,313290,completed
50,3,1,120,30,dispersed,0.6,30,6,386,2,0.966667,15.0,1,29|1,201.2014,313262,completed
50,3,1,120,30,dispersed,0.6,30,7,429,1,1.0,30.0,0,30,222.1339,313354,completed
50,3,1,120,30,dispersed,0.6,30,8,425,1,1.0,30.0,0,30,204.139,313266,completed
50,3,1,120,30,dispersed,0.6,30,9,435,1,1.0,30.0,0,30,198.7915,313330,completed
50,3,1,120,45,dispersed,0.6,30,0,435,1,1.0,30.0,0,30,176.5238,313359,completed
50,3,1,120,45,dispersed,0.6,30,1,435,1,1.0,30.0,0,30,253.7319,313497,completed
50,3,1,120,45,dispersed,0.6,30,2,435,1,1.0,30.0,0,30,222.7276,313396,completed
50,3,1,120,45,dispersed,0.6,30,3,435,1,1.0,30.0,0,30,191.8491,313456,completed
50,3,1,120,45,dispersed,0.6,30,4,435,1,1.0,30.0,0,30,185.2658,313399,completed
50,3,1,120,45,dispersed,0.6,30,5,435,1,1.0,30.0,0,30,198.6825,313510,completed
50,3,1,120,45,dispersed,0.6,30,6,435,1,1.0,30.0,0,30,235.9412,313424,completed
50,3,1,120,45,dispersed,0.6,30,7,435,1,1.0,30.0,0,30,183.6102,313421,completed
50,3,1,120,45,dispersed,0.6,30,8,435,1,1.0,30.0,0,30,199.6003,313381,completed
50,3,1,120,45,dispersed,0.6,30,9,435,1,1.0,30.0,0,30,242.3187,313476,completed
50,3,1,120,60,dispersed,0.6,30,0,435,1,1.0,30.0,0,30,189.0009,313497,completed
50,3,1,120,60,dispersed,0.6,30,1,435,1,1.0,30.0,0,30,259.408,313521,completed
50,3,1,120,60,dispersed,0.6,30,2,435,1,1.0,30.0,0,30,217.1069,313474,completed
50,3,1,120,60,dispersed,0.6,30,3,435,1,1.0,30.0,0,30,216.647,313572,completed
50,3,1,120,60,dispersed,0.6,30,4,435,1,1.0,30.0,0,30,238.3263,313555,completed
50,3,1,120,60,dispersed,0.6,30,5,435,1,1.0,30.0,0,30,209.2049,313500,completed
50,3,1,120,60,dispersed,0.6,30,6,435,1,1.0,30.0,0,30,258.8759,313573,completed
50,3,1,120,60,dispersed,0.6,30,7,435,1,1.0,30.0,0,30,225.7754,313590,completed
50,3,1,120,60,dispersed,0.6,30,8,435,1,1.0,30.0,0,30,244.4593,313527,completed
50,3,1,120,60,dispersed,0.6,30,9,435,1,1.0,30.0,0,30,183.7835,313446,completed
50,3,1,120,30,dispersed,1.0,50,0,1224,1,1.0,50.0,0,50,385.6187,522161,completed
50,3,1,120,30,dispersed,1.0,50,1,1199,1,1.0,50.0,0,50,293.3467,522164,completed
50,3,1,120,30,dispersed,1.0,50,2,1225,1,1.0,50.0,0,50,335.5143,522229,completed
50,3,1,120,30,dispersed,1.0,50,3,1225,1,1.0,50.0,0,50,354.0984,522247,completed
50,3,1,120,30,dispersed,1.0,50,4,1223,1,1.0,50.0,0,50,349.6483,522162,completed
50,3,1,120,30,dispersed,1.0,50,5,1213,1,1.0,50.0,0,50,382.0432,522180,completed
50,3,1,120,30,dispersed,1.0,50,6,1204,1,1.0,50.0,0,50,361.6414,522220,completed
50,3,1,120,30,dispersed,1.0,50,7,1206,1,1.0,50.0,0,50,400.5034,522165,completed
50,3,1,120,30,dispersed,1.0,50,8,1210,1,1.0,50.0,0,50,383.5138,522206,completed
50,3,1,120,30,dispersed,1.0,50,9,1223,1,1.0,50.0,0,50,325.1274,522180,completed
50,3,1,120,45,dispersed,1.0,50,0,1225,1,1.0,50.0,0,50,369.5953,522444,completed
50,3,1,120,45,dispersed,1.0,50,1,1225,1,1.0,50.0,0,50,483.6789,522417,completed
50,3,1,120,45,dispersed,1.0,50,2,1225,1,1.0,50.0,0,50,368.7262,522324,completed
50,3,1,120,45,dispersed,1.0,50,3,1225,1,1.0,50.0,0,50,462.7178,522465,completed
50,3,1,120,45,dispersed,1.0,50,4,1225,1,1.0,50.0,0,50,397.5449,522398,completed
50,3,1,120,45,dispersed,1.0,50,5,1225,1,1.0,50.0,0,50,373.3456,522324,completed
50,3,1,120,45,dispersed,1.0,50,6,1225,1,1.0,50.0,0,50,334.98,522347,completed
50,3,1,120,45,dispersed,1.0,50,7,1225,1,1.0,50.0,0,50,443.5679,522477,completed
50,3,1,120,45,dispersed,1.0,50,8,1225,1,1.0,50.0,0,50,355.0829,522225,completed
50,3,1,120,45,dispersed,1.0,50,9,1225,1,1.0,50.0,0,50,342.9714,522351,completed
50,3,1,120,60,dispersed,1.0,50,0,1225,1,1.0,50.0,0,50,313.3412,522360,completed
50,3,1,120,60,dispersed,1.0,50,1,1225,1,1.0,50.0,0,50,405.7042,522476,completed
50,3,1,120,60,dispersed,1.0,50,2,1225,1,1.0,50.0,0,50,331.493,522569,completed
50,3,1,120,60,dispersed,1.0,50,3,1225,1,1.0,50.0,0,50,416.4415,522500,completed
50,3,1,120,60,dispersed,1.0,50,4,1225,1,1.0,50.0,0,50,450.4254,522579,completed
50,3,1,120,60,dispersed,1.0,50,5,1225,1,1.0,50.0,0,50,312.8812,522373,completed
50,3,1,120,60,dispersed,1.0,50,6,1225,1,1.0,50.0,0,50,410.9548,522394,completed
50,3,1,120,60,dispersed,1.0,50,7,1225,1,1.0,50.0,0,50,326.8064,522462,completed
50,3,1,120,60,dispersed,1.0,50,8,1225,1,1.0,50.0,0,50,347.3957,522552,completed
50,3,1,120,60,dispersed,1.0,50,9,1225,1,1.0,50.0,0,50,414.6894,522530,completed
50,3,1,120,30,clustered,0.3,15,0,105,1,1.0,15.0,0,15,97.9309,167100,completed
50,3,1,120,30,clustered,0.3,15,1,105,1,1.0,15.0,0,15,109.3687,167082,completed
50,3,1,120,30,clustered,0.3,15,2,105,1,1.0,15.0,0,15,88.2159,167111,completed
50,3,1,120,30,clustered,0.3,15,3,102,1,1.0,15.0,0,15,103.0188,167071,completed
50,3,1,120,30,clustered,0.3,15,4,105,1,1.0,15.0,0,15,120.2489,167102,completed
50,3,1,120,30,clustered,0.3,15,5,105,1,1.0,15.0,0,15,108.2608,167085,completed
50,3,1,120,30,clustered,0.3,15,6,102,1,1.0,15.0,0,15,130.6389,167084,completed
50,3,1,120,30,clustered,0.3,15,7,105,1,1.0,15.0,0,15,129.1129,167086,completed
50,3,1,120,30,clustered,0.3,15,8,105,1,1.0,15.0,0,15,94.67,167097,completed
50,3,1,120,30,clustered,0.3,15,9,105,1,1.0,15.0,0,15,108.8527,167110,completed
50,3,1,120,45,clustered,0.3,15,0,105,1,1.0,15.0,0,15,163.9957,167195,completed
50,3,1,120,45,clustered,0.3,15,1,105,1,1.0,15.0,0,15,163.4989,167137,completed
50,3,1,120,45,clustered,0.3,15,2,105,1,1.0,15.0,0,15,115.337,167129,completed
50,3,1,120,45,clustered,0.3,15,3,105,1,1.0,15.0,0,15,165.8856,167176,completed
50,3,1,120,45,clustered,0.3,15,4,105,1,1.0,15.0,0,15,160.5288,167156,completed
50,3,1,120,45,clustered,0.3,15,5,105,1,1.0,15.0,0,15,134.0496,167186,completed
50,3,1,120,45,clustered,0.3,15,6,105,1,1.0,15.0,0,15,154.8014,167169,completed
50,3,1,120,45,clustered,0.3,15,7,105,1,1.0,15.0,0,15,148.9547,167174,completed
50,3,1,120,45,clustered,0.3,15,8,105,1,1.0,15.0,0,15,212.0097,167195,completed
50,3,1,120,45,clustered,0.3,15,9,105,1,1.0,15.0,0,15,123.6361,167138,completed
50,3,1,120,60,clustered,0.3,15,0,105,1,1.0,15.0,0,15,149.7508,167197,completed
50,3,1,120,60,clustered,0.3,15,1,105,1,1.0,15.0,0,15,157.1708,167177,completed
50,3,1,120,60,clustered,0.3,15,2,105,1,1.0,15.0,0,15,137.9265,167171,completed
50,3,1,120,60,clustered,0.3,15,3,105,1,1.0,15.0,0,15,158.8276,167203,completed
50,3,1,120,60,clustered,0.3,15,4,105,1,1.0,15.0,0,15,189.0197,167203,completed
50,3,1,120,60,clustered,0.3,15,5,105,1,1.0,15.0,0,15,168.5895,167191,completed
50,3,1,120,60,clustered,0.3,15,6,105,1,1.0,15.0,0,15,160.818,167213,completed
50,3,1,120,60,clustered,0.3,15,7,105,1,1.0,15.0,0,15,165.7109,167171,completed
50,3,1,120,60,clustered,0.3,15,8,105,1,1.0,15.0,0,15,147.9033,167203,completed
50,3,1,120,60,clustered,0.3,15,9,105,1,1.0,15.0,0,15,146.5837,167204,completed
50,3,1,120,30,clustered,0.6,30,0,435,1,1.0,30.0,0,30,202.659,313282,completed
50,3,1,120,30,clustered,0.6,30,1,433,1,1.0,30.0,0,30,234.8188,313293,completed
50,3,1,120,30,clustered,0.6,30,2,433,1,1.0,30.0,0,30,239.1551,313304,completed
50,3,1,120,30,clustered,0.6,30,3,435,1,1.0,30.0,0,30,237.3948,313316,completed
50,3,1,120,30,clustered,0.6,30,4,435,1,1.0,30.0,0,30,185.7311,313323,completed
50,3,1,120,30,clustered,0.6,30,5,428,1,1.0,30.0,0,30,241.6743,313316,completed
50,3,1,120,30,clustered,0.6,30,6,425,1,1.0,30.0,0,30,224.3342,313267,completed
50,3,1,120,30,clustered,0.6,30,7,433,1,1.0,30.0,0,30,250.6989,313284,completed
50,3,1,120,30,clustered,0.6,30,8,434,1,1.0,30.0,0,30,272.2888,313347,completed
50,3,1,120,30,clustered,0.6,30,9,424,1,1.0,30.0,0,30,290.6491,313264,completed
50,3,1,120,45,clustered,0.6,30,0,435,1,1.0,30.0,0,30,267.2414,313417,completed
50,3,1,120,45,clustered,0.6,30,1,435,1,1.0,30.0,0,30,291.2561,313395,completed
50,3,1,120,45,clustered,0.6,30,2,435,1,1.0,30.0,0,30,248.6771,313427,completed
50,3,1,120,45,clustered,0.6,30,3,435,1,1.0,30.0,0,30,283.932,313499,completed
50,3,1,120,45,clustered,0.6,30,4,435,1,1.0,30.0,0,30,211.9672,313446,completed
50,3,1,120,45,clustered,0.6,30,5,435,1,1.0,30.0,0,30,243.6289,313528,completed
50,3,1,120,45,clustered,0.6,30,6,435,1,1.0,30.0,0,30,246.8825,313498,completed
50,3,1,120,45,clustered,0.6,30,7,435,1,1.0,30.0,0,30,275.5824,313529,completed
50,3,1,120,45,clustered,0.6,30,8,435,1,1.0,30.0,0,30,192.9152,313426,completed
50,3,1,120,45,clustered,0.6,30,9,435,1,1.0,30.0,0,30,202.2526,313394,completed
50,3,1,120,60,clustered,0.6,30,0,435,1,1.0,30.0,0,30,213.0921,313529,completed
50,3,1,120,60,clustered,0.6,30,1,435,1,1.0,30.0,0,30,154.5056,313477,completed
50,3,1,120,60,clustered,0.6,30,2,435,1,1.0,30.0,0,30,255.769,313524,completed
50,3,1,120,60,clustered,0.6,30,3,435,1,1.0,30.0,0,30,251.8412,313454,completed
50,3,1,120,60,clustered,0.6,30,4,435,1,1.0,30.0,0,30,287.583,313515,completed
50,3,1,120,60,clustered,0.6,30,5,435,1,1.0,30.0,0,30,253.2263,313520,completed
50,3,1,120,60,clustered,0.6,30,6,435,1,1.0,30.0,0,30,331.5662,313571,completed
50,3,1,120,60,clustered,0.6,30,7,435,1,1.0,30.0,0,30,282.3806,313513,completed
50,3,1,120,60,clustered,0.6,30,8,435,1,1.0,30.0,0,30,289.7397,313501,completed
50,3,1,120,60,clustered,0.6,30,9,435,1,1.0,30.0,0,30,308.3196,313577,completed
50,3,1,120,30,clustered,1.0,50,0,1225,1,1.0,50.0,0,50,436.1536,522229,completed
50,3,1,120,30,clustered,1.0,50,1,1128,3,0.96,1.0,2,48|1|1,470.6259,522149,completed
50,3,1,120,30,clustered,1.0,50,2,1218,1,1.0,50.0,0,50,321.9004,522088,completed
50,3,1,120,30,clustered,1.0,50,3,1201,1,1.0,50.0,0,50,414.3325,522129,completed
50,3,1,120,30,clustered,1.0,50,4,1213,1,1.0,50.0,0,50,363.5439,522122,completed
50,3,1,120,30,clustered,1.0,50,5,1205,1,1.0,50.0,0,50,471.452,522193,completed
50,3,1,120,30,clustered,1.0,50,6,1225,1,1.0,50.0,0,50,462.2608,522177,completed
50,3,1,120,30,clustered,1.0,50,7,1192,1,1.0,50.0,0,50,394.9136,522181,completed
50,3,1,120,30,clustered,1.0,50,8,1202,1,1.0,50.0,0,50,343.8356,522134,completed
50,3,1,120,30,clustered,1.0,50,9,1214,1,1.0,50.0,0,50,426.7058,522152,completed
50,3,1,120,45,clustered,1.0,50,0,1225,1,1.0,50.0,0,50,422.6319,522443,completed
50,3,1,120,45,clustered,1.0,50,1,1225,1,1.0,50.0,0,50,549.3943,522404,completed
50,3,1,120,45,clustered,1.0,50,2,1225,1,1.0,50.0,0,50,335.5054,522278,completed
50,3,1,120,45,clustered,1.0,50,3,1225,1,1.0,50.0,0,50,454.853,522488,completed
50,3,1,120,45,clustered,1.0,50,4,1225,1,1.0,50.0,0,50,435.8806,522387,completed
50,3,1,120,45,clustered,1.0,50,5,1225,1,1.0,50.0,0,50,437.334,522400,completed
50,3,1,120,45,clustered,1.0,50,6,1225,1,1.0,50.0,0,50,468.6454,522388,completed
50,3,1,120,45,clustered,1.0,50,7,1225,1,1.0,50.0,0,50,536.9351,522372,completed
50,3,1,120,45,clustered,1.0,50,8,1225,1,1.0,50.0,0,50,446.4365,522348,completed
50,3,1,120,45,clustered,1.0,50,9,1225,1,1.0,50.0,0,50,509.225,522459,completed
50,3,1,120,60,clustered,1.0,50,0,1225,1,1.0,50.0,0,50,452.33,522530,completed
50,3,1,120,60,clustered,1.0,50,1,1225,1,1.0,50.0,0,50,501.4623,522531,completed
50,3,1,120,60,clustered,1.0,50,2,1225,1,1.0,50.0,0,50,340.8347,522382,completed
50,3,1,120,60,clustered,1.0,50,3,1225,1,1.0,50.0,0,50,332.1492,522353,completed
50,3,1,120,60,clustered,1.0,50,4,1225,1,1.0,50.0,0,50,494.2833,522642,completed
50,3,1,120,60,clustered,1.0,50,5,1225,1,1.0,50.0,0,50,384.3426,522439,completed
50,3,1,120,60,clustered,1.0,50,6,1225,1,1.0,50.0,0,50,341.1912,522395,completed
50,3,1,120,60,clustered,1.0,50,7,1225,1,1.0,50.0,0,50,478.244,522599,completed
50,3,1,120,60,clustered,1.0,50,8,1225,1,1.0,50.0,0,50,335.3157,522475,completed
50,3,1,120,60,clustered,1.0,50,9,1225,1,1.0,50.0,0,50,593.6823,522600,completed
30,3,2,120,30,dispersed,0.3,9,0,36,1,1.0,9.0,0,9,10.5215,18157,completed
30,3,2,120,30,dispersed,0.3,9,1,34,1,1.0,9.0,0,9,15.325,18141,completed
30,3,2,120,30,dispersed,0.3,9,2,36,1,1.0,9.0,0,9,13.1016,18147,completed
30,3,2,120,30,dispersed,0.3,9,3,34,1,1.0,9.0,0,9,12.1057,18130,completed
30,3,2,120,30,dispersed,0.3,9,4,36,1,1.0,9.0,0,9,8.9491,18132,completed
30,3,2,120,30,dispersed,0.3,9,5,34,1,1.0,9.0,0,9,12.5659,18165,completed
30,3,2,120,30,dispersed,0.3,9,6,36,1,1.0,9.0,0,9,16.8038,18171,completed
30,3,2,120,30,dispersed,0.3,9,7,36,1,1.0,9.0,0,9,14.8552,18142,completed
30,3,2,120,30,dispersed,0.3,9,8,36,1,1.0,9.0,0,9,14.313,18162,completed
30,3,2,120,30,dispersed,0.3,9,9,36,1,1.0,9.0,0,9,12.2382,18147,completed
30,3,2,120,45,dispersed,0.3,9,0,36,1,1.0,9.0,0,9,13.8025,18305,completed
30,3,2,120,45,dispersed,0.3,9,1,36,1,1.0,9.0,0,9,15.2836,18330,completed
30,3,2,120,45,dispersed,0.3,9,2,36,1,1.0,9.0,0,9,10.6226,18168,completed
30,3,2,120,45,dispersed,0.3,9,3,36,1,1.0,9.0,0,9,12.4374,18262,completed
30,3,2,120,45,dispersed,0.3,9,4,36,1,1.0,9.0,0,9,14.8257,18171,completed
30,3,2,120,45,dispersed,0.3,9,5,36,1,1.0,9.0,0,9,14.6813,18352,completed
30,3,2,120,45,dispersed,0.3,9,6,36,1,1.0,9.0,0,9,9.5766,18217,completed
30,3,2,120,45,dispersed,0.3,9,7,36,1,1.0,9.0,0,9,18.8287,18281,completed
30,3,2,120,45,dispersed,0.3,9,8,36,1,1.0,9.0,0,9,12.6646,18256,completed
30,3,2,120,45,dispersed,0.3,9,9,36,1,1.0,9.0,0,9,19.1645,18307,completed
30,3,2,120,60,dispersed,0.3,9,0,36,1,1.0,9.0,0,9,14.4707,18502,completed
30,3,2,120,60,dispersed,0.3,9,1,36,1,1.0,9.0,0,9,17.2969,18466,completed
30,3,2,120,60,dispersed,0.3,9,2,36,1,1.0,9.0,0,9,15.9871,18454,completed
30,3,2,120,60,dispersed,0.3,9,3,36,1,1.0,9.0,0,9,13.5258,18304,completed
30,3,2,120,60,dispersed,0.3,9,4,36,1,1.0,9.0,0,9,19.5608,18488,completed
30,3,2,120,60,dispersed,0.3,9,5,36,1,1.0,9.0,0,9,14.0255,18371,completed
30,3,2,120,60,dispersed,0.3,9,6,36,1,1.0,9.0,0,9,22.7246,18680,completed
30,3,2,120,60,dispersed,0.3,9,7,36,1,1.0,9.0,0,9,14.5033,18317,completed
30,3,2,120,60,dispersed,0.3,9,8,36,1,1.0,9.0,0,9,14.3104,18265,completed
30,3,2,120,60,dispersed,0.3,9,9,36,1,1.0,9.0,0,9,19.1689,18768,completed
30,3,2,120,30,dispersed,0.6,18,0,150,1,1.0,18.0,0,18,32.4995,40823,completed
30,3,2,120,30,dispersed,0.6,18,1,143,1,1.0,18.0,0,18,32.2875,40763,completed
30,3,2,120,30,dispersed,0.6,18,2,148,1,1.0,18.0,0,18,24.6171,40776,completed
30,3,2,120,30,dispersed,0.6,18,3,147,1,1.0,18.0,0,18,28.1233,40793,completed
30,3,2,120,30,dispersed,0.6,18,4,153,1,1.0,18.0,0,18,47.3667,40816,completed
30,3,2,120,30,dispersed,0.6,18,5,147,1,1.0,18.0,0,18,40.804,40774,completed
30,3,2,120,30,dispersed,0.6,18,6,145,1,1.0,18.0,0,18,26.8364,40790,completed
30,3,2,120,30,dispersed,0.6,18,7,126,2,0.944444,9.0,1,17|1,30.9484,40756,completed
30,3,2,120,30,dispersed,0.6,18,8,152,1,1.0,18.0,0,18,37.9135,40827,completed
30,3,2,120,45,dispersed,0.6,18,4,153,1,1.0,18.0,0,18,38.6557,40887,completed
30,3,2,120,45,dispersed,0.6,18,9,153,1,1.0,18.0,0,18,43.5441,40947,completed
30,3,2,120,45,dispersed,0.6,18,7,153,1,1.0,18.0,0,18,46.0797,40996,completed
30,3,2,120,45,dispersed,0.6,18,5,153,1,1.0,18.0,0,18,46.8969,40925,completed
30,3,2,120,30,dispersed,0.6,18,9,149,1,1.0,18.0,0,18,48.7458,40806,completed
30,3,2,120,45,dispersed,0.6,18,3,153,1,1.0,18.0,0,18,51.3746,40971,completed
30,3,2,120,45,dispersed,0.6,18,8,153,1,1.0,18.0,0,18,55.4019,41068,completed
30,3,2,120,45,dispersed,0.6,18,6,153,1,1.0,18.0,0,18,56.3599,41010,completed
30,3,2,120,45,dispersed,0.6,18,0,153,1,1.0,18.0,0,18,63.3439,40898,completed
30,3,2,120,45,dispersed,0.6,18,1,153,1,1.0,18.0,0,18,65.3675,40984,completed
30,3,2,120,45,dispersed,0.6,18,2,153,1,1.0,18.0,0,18,69.5058,40907,completed
30,3,2,120,60,dispersed,0.6,18,0,153,1,1.0,18.0,0,18,49.9138,41221,completed
30,3,2,120,60,dispersed,0.6,18,1,153,1,1.0,18.0,0,18,48.6317,41470,completed
30,3,2,120,60,dispersed,0.6,18,7,153,1,1.0,18.0,0,18,45.2697,41422,completed
30,3,2,120,60,dispersed,0.6,18,2,153,1,1.0,18.0,0,18,55.684,41464,completed
30,3,2,120,60,dispersed,0.6,18,3,153,1,1.0,18.0,0,18,55.7607,41451,completed
30,3,2,120,60,dispersed,0.6,18,5,153,1,1.0,18.0,0,18,54.2198,41371,completed
30,3,2,120,60,dispersed,0.6,18,8,153,1,1.0,18.0,0,18,57.3874,41413,completed
30,3,2,120,60,dispersed,0.6,18,6,153,1,1.0,18.0,0,18,67.4466,41945,completed
30,3,2,120,60,dispersed,0.6,18,9,153,1,1.0,18.0,0,18,69.5185,41451,completed
30,3,2,120,60,dispersed,0.6,18,4,153,1,1.0,18.0,0,18,86.346,41630,completed
30,3,2,120,30,dispersed,1.0,30,0,406,2,0.966667,15.0,1,29|1,96.7495,68015,completed
30,3,2,120,30,dispersed,1.0,30,1,429,1,1.0,30.0,0,30,84.2466,68028,completed
30,3,2,120,30,dispersed,1.0,30,2,434,1,1.0,30.0,0,30,89.6695,68001,completed
30,3,2,120,30,dispersed,1.0,30,4,435,1,1.0,30.0,0,30,93.1276,68107,completed
30,3,2,120,30,dispersed,1.0,30,5,423,1,1.0,30.0,0,30,94.5681,67999,completed
30,3,2,120,30,dispersed,1.0,30,3,435,1,1.0,30.0,0,30,101.0074,68010,completed
30,3,2,120,30,dispersed,1.0,30,7,430,1,1.0,30.0,0,30,86.9306,68067,completed
30,3,2,120,30,dispersed,1.0,30,8,401,2,0.966667,15.0,1,29|1,91.562,67952,completed
30,3,2,120,45,dispersed,1.0,30,0,435,1,1.0,30.0,0,30,80.6648,68264,completed
30,3,2,120,30,dispersed,1.0,30,6,433,1,1.0,30.0,0,30,111.8396,68047,completed
30,3,2,120,30,dispersed,1.0,30,9,433,1,1.0,30.0,0,30,110.5415,68031,completed
30,3,2,120,45,dispersed,1.0,30,1,435,1,1.0,30.0,0,30,86.689,68572,completed
30,3,2,120,45,dispersed,1.0,30,5,435,1,1.0,30.0,0,30,76.7855,68287,completed
30,3,2,120,45,dispersed,1.0,30,2,435,1,1.0,30.0,0,30,103.0583,68190,completed
30,3,2,120,45,dispersed,1.0,30,4,435,1,1.0,30.0,0,30,87.2806,68480,completed
30,3,2,120,45,dispersed,1.0,30,3,435,1,1.0,30.0,0,30,116.5489,68472,completed
30,3,2,120,60,dispersed,1.0,30,0,435,1,1.0,30.0,0,30,84.2229,68747,completed
30,3,2,120,45,dispersed,1.0,30,6,435,1,1.0,30.0,0,30,113.6084,68522,completed
30,3,2,120,45,dispersed,1.0,30,7,435,1,1.0,30.0,0,30,111.7593,68288,completed
30,3,2,120,45,dispersed,1.0,30,9,435,1,1.0,30.0,0,30,108.6741,68269,completed
30,3,2,120,30,clustered,0.3,9,0,32,1,1.0,9.0,0,9,26.0227,18136,completed
30,3,2,120,45,dispersed,1.0,30,8,435,1,1.0,30.0,0,30,138.1021,68673,completed
30,3,2,120,60,dispersed,1.0,30,2,435,1,1.0,30.0,0,30,120.8337,68896,completed
30,3,2,120,30,clustered,0.3,9,2,36,1,1.0,9.0,0,9,22.2863,18134,completed
30,3,2,120,30,clustered,0.3,9,1,36,1,1.0,9.0,0,9,25.9124,18136,completed
30,3,2,120,60,dispersed,1.0,30,4,435,1,1.0,30.0,0,30,101.5037,69257,completed
30,3,2,120,60,dispersed,1.0,30,3,435,1,1.0,30.0,0,30,116.8961,69421,completed
30,3,2,120,30,clustered,0.3,9,4,36,1,1.0,9.0,0,9,17.8949,18143,completed
30,3,2,120,30,clustered,0.3,9,5,28,2,0.888889,4.5,1,8|1,20.6159,18145,completed
30,3,2,120,60,dispersed,1.0,30,1,435,1,1.0,30.0,0,30,153.5592,70759,completed
30,3,2,120,60,dispersed,1.0,30,5,435,1,1.0,30.0,0,30,116.8993,69963,completed
30,3,2,120,30,clustered,0.3,9,3,36,1,1.0,9.0,0,9,27.6059,18152,completed
30,3,2,120,30,clustered,0.3,9,6,34,1,1.0,9.0,0,9,25.2712,18141,completed
30,3,2,120,45,clustered,0.3,9,0,36,1,1.0,9.0,0,9,18.5774,18364,completed
30,3,2,120,60,dispersed,1.0,30,6,435,1,1.0,30.0,0,30,120.4441,69164,completed
30,3,2,120,60,dispersed,1.0,30,8,435,1,1.0,30.0,0,30,103.7015,69147,completed
30,3,2,120,45,clustered,0.3,9,2,36,1,1.0,9.0,0,9,19.5524,18208,completed
30,3,2,120,30,clustered,0.3,9,8,35,1,1.0,9.0,0,9,28.1309,18126,completed
30,3,2,120,30,clustered,0.3,9,7,36,1,1.0,9.0,0,9,31.1986,18194,completed
30,3,2,120,30,clustered,0.3,9,9,36,1,1.0,9.0,0,9,25.2943,18141,completed
30,3,2,120,45,clustered,0.3,9,1,36,1,1.0,9.0,0,9,24.3268,18289,completed
30,3,2,120,45,clustered,0.3,9,3,36,1,1.0,9.0,0,9,24.5108,18194,completed
30,3,2,120,60,dispersed,1.0,30,9,435,1,1.0,30.0,0,30,112.343,68895,completed
30,3,2,120,60,dispersed,1.0,30,7,435,1,1.0,30.0,0,30,136.8293,68857,completed
30,3,2,120,45,clustered,0.3,9,8,36,1,1.0,9.0,0,9,21.2267,18312,completed
30,3,2,120,45,clustered,0.3,9,7,36,1,1.0,9.0,0,9,22.1177,18167,completed
30,3,2,120,60,clustered,0.3,9,2,36,1,1.0,9.0,0,9,19.2365,18344,completed
30,3,2,120,45,clustered,0.3,9,6,36,1,1.0,9.0,0,9,26.7233,18346,completed
30,3,2,120,45,clustered,0.3,9,4,36,1,1.0,9.0,0,9,30.2576,18335,completed
30,3,2,120,60,clustered,0.3,9,1,36,1,1.0,9.0,0,9,24.437,18274,completed
30,3,2,120,45,clustered,0.3,9,9,36,1,1.0,9.0,0,9,26.9844,18367,completed
30,3,2,120,45,clustered,0.3,9,5,36,1,1.0,9.0,0,9,31.9311,18480,completed
30,3,2,120,60,clustered,0.3,9,0,36,1,1.0,9.0,0,9,30.6584,18816,completed
30,3,2,120,60,clustered,0.3,9,3,36,1,1.0,9.0,0,9,24.903,18594,completed
30,3,2,120,60,clustered,0.3,9,4,36,1,1.0,9.0,0,9,19.3183,18425,completed
30,3,2,120,60,clustered,0.3,9,5,36,1,1.0,9.0,0,9,17.8664,18540,completed
30,3,2,120,60,clustered,0.3,9,6,36,1,1.0,9.0,0,9,19.4956,18270,completed
30,3,2,120,60,clustered,0.3,9,9,36,1,1.0,9.0,0,9,27.9646,18845,completed
30,3,2,120,60,clustered,0.3,9,8,36,1,1.0,9.0,0,9,30.0974,18690,completed
30,3,2,120,60,clustered,0.3,9,7,36,1,1.0,9.0,0,9,31.2571,18624,completed
30,3,2,120,30,clustered,0.6,18,3,131,2,0.944444,9.0,1,17|1,41.7222,40777,completed
30,3,2,120,30,clustered,0.6,18,4,147,1,1.0,18.0,0,18,41.53,40788,completed
30,3,2,120,30,clustered,0.6,18,2,151,1,1.0,18.0,0,18,48.675,40813,completed
30,3,2,120,30,clustered,0.6,18,6,150,1,1.0,18.0,0,18,40.9615,40782,completed
30,3,2,120,30,clustered,0.6,18,1,153,1,1.0,18.0,0,18,56.0738,40814,completed
30,3,2,120,30,clustered,0.6,18,5,148,1,1.0,18.0,0,18,49.0725,40814,completed
30,3,2,120,30,clustered,0.6,18,7,150,1,1.0,18.0,0,18,56.4976,40822,completed
30,3,2,120,30,clustered,0.6,18,0,136,1,1.0,18.0,0,18,71.9539,40773,completed
30,3,2,120,30,clustered,0.6,18,9,153,1,1.0,18.0,0,18,48.1455,40811,completed
30,3,2,120,45,clustered,0.6,18,0,153,1,1.0,18.0,0,18,50.2655,40924,completed
30,3,2,120,30,clustered,0.6,18,8,149,1,1.0,18.0,0,18,53.5689,40812,completed
30,3,2,120,45,clustered,0.6,18,1,153,1,1.0,18.0,0,18,43.5486,40959,completed
30,3,2,120,45,clustered,0.6,18,5,153,1,1.0,18.0,0,18,42.952,41028,completed
30,3,2,120,45,clustered,0.6,18,6,153,1,1.0,18.0,0,18,46.8125,40909,completed
30,3,2,120,45,clustered,0.6,18,2,153,1,1.0,18.0,0,18,61.2922,40973,completed
30,3,2,120,45,clustered,0.6,18,3,153,1,1.0,18.0,0,18,70.2826,40857,completed
30,3,2,120,45,clustered,0.6,18,4,153,1,1.0,18.0,0,18,71.3897,41229,completed
30,3,2,120,45,clustered,0.6,18,8,153,1,1.0,18.0,0,18,54.0064,41057,completed
30,3,2,120,45,clustered,0.6,18,7,153,1,1.0,18.0,0,18,65.7534,40893,completed
30,3,2,120,60,clustered,0.6,18,3,153,1,1.0,18.0,0,18,43.1269,41090,completed
30,3,2,120,60,clustered,0.6,18,1,153,1,1.0,18.0,0,18,63.2801,41344,completed
30,3,2,120,60,clustered,0.6,18,4,153,1,1.0,18.0,0,18,48.1264,41349,completed
30,3,2,120,45,clustered,0.6,18,9,153,1,1.0,18.0,0,18,81.117,41304,completed
30,3,2,120,60,clustered,0.6,18,5,153,1,1.0,18.0,0,18,48.3225,41401,completed
30,3,2,120,60,clustered,0.6,18,0,153,1,1.0,18.0,0,18,85.1171,41707,completed
30,3,2,120,60,clustered,0.6,18,2,153,1,1.0,18.0,0,18,85.5934,42301,completed
30,3,2,120,60,clustered,0.6,18,8,153,1,1.0,18.0,0,18,52.2056,41262,completed
30,3,2,120,60,clustered,0.6,18,7,153,1,1.0,18.0,0,18,53.9193,41440,completed
30,3,2,120,60,clustered,0.6,18,9,153,1,1.0,18.0,0,18,44.3599,41015,completed
30,3,2,120,60,clustered,0.6,18,6,153,1,1.0,18.0,0,18,65.7612,41180,completed
30,3,2,120,30,clustered,1.0,30,5,435,1,1.0,30.0,0,30,71.0932,68014,completed
30,3,2,120,30,clustered,1.0,30,0,382,2,0.966667,15.0,1,29|1,103.395,67976,completed
30,3,2,120,30,clustered,1.0,30,2,435,1,1.0,30.0,0,30,105.1751,67975,completed
30,3,2,120,30,clustered,1.0,30,3,433,1,1.0,30.0,0,30,101.024,68013,completed
30,3,2,120,30,clustered,1.0,30,1,426,1,1.0,30.0,0,30,120.0111,68034,completed
30,3,2,120,30,clustered,1.0,30,7,432,1,1.0,30.0,0,30,87.4213,67974,completed
30,3,2,120,30,clustered,1.0,30,8,435,1,1.0,30.0,0,30,89.9001,68071,completed
30,3,2,120,30,clustered,1.0,30,6,425,1,1.0,30.0,0,30,94.27,67985,completed
30,3,2,120,30,clustered,1.0,30,9,399,2,0.966667,15.0,1,29|1,99.3454,68027,completed
30,3,2,120,30,clustered,1.0,30,4,423,1,1.0,30.0,0,30,123.2143,68024,completed
30,3,2,120,45,clustered,1.0,30,0,435,1,1.0,30.0,0,30,103.5176,68306,completed
30,3,2,120,45,clustered,1.0,30,1,435,1,1.0,30.0,0,30,83.9934,68150,completed
30,3,2,120,45,clustered,1.0,30,2,435,1,1.0,30.0,0,30,104.4608,68419,completed
30,3,2,120,45,clustered,1.0,30,3,435,1,1.0,30.0,0,30,98.3054,68418,completed
30,3,2,120,45,clustered,1.0,30,5,435,1,1.0,30.0,0,30,93.8564,68224,completed
30,3,2,120,45,clustered,1.0,30,6,435,1,1.0,30.0,0,30,97.1283,68677,completed
30,3,2,120,45,clustered,1.0,30,4,435,1,1.0,30.0,0,30,106.2344,68240,completed
30,3,2,120,60,clustered,1.0,30,1,435,1,1.0,30.0,0,30,81.5257,68631,completed
30,3,2,120,45,clustered,1.0,30,7,435,1,1.0,30.0,0,30,106.2025,68482,completed
30,3,2,120,45,clustered,1.0,30,8,435,1,1.0,30.0,0,30,118.2543,68436,completed
30,3,2,120,45,clustered,1.0,30,9,435,1,1.0,30.0,0,30,115.7443,68348,completed
30,3,2,120,60,clustered,1.0,30,0,435,1,1.0,30.0,0,30,139.8726,68714,completed
30,3,2,120,60,clustered,1.0,30,4,435,1,1.0,30.0,0,30,79.2667,68757,completed
30,3,2,120,60,clustered,1.0,30,2,435,1,1.0,30.0,0,30,127.5733,69442,completed
30,3,2,120,60,clustered,1.0,30,3,435,1,1.0,30.0,0,30,105.9789,69134,completed
30,3,2,120,60,clustered,1.0,30,5,435,1,1.0,30.0,0,30,99.9892,69347,completed
30,3,2,120,60,clustered,1.0,30,6,435,1,1.0,30.0,0,30,128.2794,69018,completed
30,3,2,120,60,clustered,1.0,30,8,435,1,1.0,30.0,0,30,119.6074,69383,completed
30,3,2,120,60,clustered,1.0,30,9,435,1,1.0,30.0,0,30,123.9339,68827,completed
30,3,2,120,60,clustered,1.0,30,7,435,1,1.0,30.0,0,30,137.2595,69280,completed
50,3,2,120,30,dispersed,0.3,15,0,102,1,1.0,15.0,0,15,226.0139,167083,completed
50,3,2,120,30,dispersed,0.3,15,1,105,1,1.0,15.0,0,15,250.1489,167094,completed
50,3,2,120,30,dispersed,0.3,15,5,104,1,1.0,15.0,0,15,234.8799,167108,completed
50,3,2,120,30,dispersed,0.3,15,6,105,1,1.0,15.0,0,15,237.4745,167062,completed
50,3,2,120,30,dispersed,0.3,15,4,105,1,1.0,15.0,0,15,258.7933,167197,completed
50,3,2,120,30,dispersed,0.3,15,7,105,1,1.0,15.0,0,15,219.9257,167125,completed
50,3,2,120,30,dispersed,0.3,15,3,104,1,1.0,15.0,0,15,282.3096,167126,completed
50,3,2,120,30,dispersed,0.3,15,2,105,1,1.0,15.0,0,15,301.8486,167130,completed
50,3,2,120,30,dispersed,0.3,15,8,103,1,1.0,15.0,0,15,254.2559,167125,completed
50,3,2,120,45,dispersed,0.3,15,0,105,1,1.0,15.0,0,15,248.615,167376,completed
50,3,2,120,30,dispersed,0.3,15,9,105,1,1.0,15.0,0,15,255.1507,167111,completed
50,3,2,120,45,dispersed,0.3,15,2,105,1,1.0,15.0,0,15,207.9864,167319,completed
50,3,2,120,45,dispersed,0.3,15,1,105,1,1.0,15.0,0,15,242.1093,167640,completed
50,3,2,120,45,dispersed,0.3,15,5,105,1,1.0,15.0,0,15,214.0929,167774,completed
50,3,2,120,45,dispersed,0.3,15,3,105,1,1.0,15.0,0,15,242.8015,167560,completed
50,3,2,120,45,dispersed,0.3,15,6,105,1,1.0,15.0,0,15,242.2946,167468,completed
50,3,2,120,45,dispersed,0.3,15,7,105,1,1.0,15.0,0,15,235.8663,167395,completed
50,3,2,120,45,dispersed,0.3,15,9,105,1,1.0,15.0,0,15,213.8897,167518,completed
50,3,2,120,45,dispersed,0.3,15,8,105,1,1.0,15.0,0,15,241.7314,167542,completed
50,3,2,120,45,dispersed,0.3,15,4,105,1,1.0,15.0,0,15,278.1967,167720,completed
50,3,2,120,60,dispersed,0.3,15,1,105,1,1.0,15.0,0,15,222.7293,168117,completed
50,3,2,120,60,dispersed,0.3,15,0,105,1,1.0,15.0,0,15,248.1564,168894,completed
50,3,2,120,60,dispersed,0.3,15,3,105,1,1.0,15.0,0,15,205.5251,168725,completed
50,3,2,120,60,dispersed,0.3,15,2,105,1,1.0,15.0,0,15,238.5204,168945,completed
50,3,2,120,60,dispersed,0.3,15,8,105,1,1.0,15.0,0,15,175.6216,168270,completed
50,3,2,120,60,dispersed,0.3,15,6,105,1,1.0,15.0,0,15,191.2263,168235,completed
50,3,2,120,60,dispersed,0.3,15,5,105,1,1.0,15.0,0,15,221.4197,168063,completed
50,3,2,120,60,dispersed,0.3,15,4,105,1,1.0,15.0,0,15,243.2765,168072,completed
50,3,2,120,60,dispersed,0.3,15,7,105,1,1.0,15.0,0,15,222.3078,169249,completed
50,3,2,120,60,dispersed,0.3,15,9,105,1,1.0,15.0,0,15,233.3255,168422,completed
50,3,2,120,30,dispersed,0.6,30,0,402,2,0.966667,15.0,1,29|1,353.2041,313306,completed
50,3,2,120,30,dispersed,0.6,30,4,428,1,1.0,30.0,0,30,277.4669,313368,completed
50,3,2,120,30,dispersed,0.6,30,1,430,1,1.0,30.0,0,30,413.7145,313429,completed
50,3,2,120,30,dispersed,0.6,30,2,433,1,1.0,30.0,0,30,402.659,313346,completed
50,3,2,120,30,dispersed,0.6,30,6,423,1,1.0,30.0,0,30,294.3448,313247,completed
50,3,2,120,30,dispersed,0.6,30,3,435,1,1.0,30.0,0,30,378.7759,313386,completed
50,3,2,120,45,dispersed,0.6,30,0,435,1,1.0,30.0,0,30,305.9818,314008,completed
50,3,2,120,30,dispersed,0.6,30,5,420,1,1.0,30.0,0,30,428.7036,313313,completed
50,3,2,120,30,dispersed,0.6,30,7,435,1,1.0,30.0,0,30,418.5169,313323,completed
50,3,2,120,30,dispersed,0.6,30,9,435,1,1.0,30.0,0,30,398.7256,313357,completed
50,3,2,120,30,dispersed,0.6,30,8,419,1,1.0,30.0,0,30,456.4605,313310,completed
50,3,2,120,45,dispersed,0.6,30,2,435,1,1.0,30.0,0,30,328.2561,314138,completed
50,3,2,120,45,dispersed,0.6,30,4,435,1,1.0,30.0,0,30,299.841,314231,completed
50,3,2,120,45,dispersed,0.6,30,1,435,1,1.0,30.0,0,30,402.9434,314707,completed
50,3,2,120,45,dispersed,0.6,30,3,435,1,1.0,30.0,0,30,426.7325,314336,completed
50,3,2,120,45,dispersed,0.6,30,6,435,1,1.0,30.0,0,30,392.0868,314066,completed
50,3,2,120,45,dispersed,0.6,30,5,435,1,1.0,30.0,0,30,475.9372,314121,completed
50,3,2,120,45,dispersed,0.6,30,7,435,1,1.0,30.0,0,30,424.9424,314106,completed
50,3,2,120,60,dispersed,0.6,30,0,435,1,1.0,30.0,0,30,414.8047,317731,completed
50,3,2,120,45,dispersed,0.6,30,9,435,1,1.0,30.0,0,30,447.7226,314220,completed
50,3,2,120,45,dispersed,0.6,30,8,435,1,1.0,30.0,0,30,479.7297,314230,completed
50,3,2,120,60,dispersed,0.6,30,4,435,1,1.0,30.0,0,30,353.4139,315589,completed
50,3,2,120,60,dispersed,0.6,30,1,435,1,1.0,30.0,0,30,475.6628,316263,completed
50,3,2,120,60,dispersed,0.6,30,3,435,1,1.0,30.0,0,30,413.5419,317408,completed
50,3,2,120,60,dispersed,0.6,30,2,435,1,1.0,30.0,0,30,457.6582,317336,completed
50,3,2,120,60,dispersed,0.6,30,5,435,1,1.0,30.0,0,30,393.609,315447,completed
50,3,2,120,60,dispersed,0.6,30,6,435,1,1.0,30.0,0,30,526.294,316510,completed
50,3,2,120,60,dispersed,0.6,30,8,435,1,1.0,30.0,0,30,436.2285,316024,completed
50,3,2,120,60,dispersed,0.6,30,7,435,1,1.0,30.0,0,30,476.3062,317073,completed
50,3,2,120,60,dispersed,0.6,30,9,435,1,1.0,30.0,0,30,530.2146,316323,completed
50,3,2,120,30,dispersed,1.0,50,2,1213,1,1.0,50.0,0,50,678.5935,522131,completed
50,3,2,120,30,dispersed,1.0,50,4,1224,1,1.0,50.0,0,50,727.303,522258,completed
50,3,2,120,30,dispersed,1.0,50,3,1225,1,1.0,50.0,0,50,754.9073,522254,completed
50,3,2,120,30,dispersed,1.0,50,0,1224,1,1.0,50.0,0,50,846.1311,522250,completed
50,3,2,120,30,dispersed,1.0,50,5,1224,1,1.0,50.0,0,50,862.9828,522233,completed
50,3,2,120,30,dispersed,1.0,50,1,1211,1,1.0,50.0,0,50,1021.6947,522289,completed
50,3,2,120,30,dispersed,1.0,50,6,1196,1,1.0,50.0,0,50,885.0871,522190,completed
50,3,2,120,30,dispersed,1.0,50,7,1204,1,1.0,50.0,0,50,817.0562,522223,completed
50,3,2,120,30,dispersed,1.0,50,8,1217,1,1.0,50.0,0,50,811.16,522261,completed
50,3,2,120,30,dispersed,1.0,50,9,1225,1,1.0,50.0,0,50,906.4383,522230,completed
50,3,2,120,45,dispersed,1.0,50,0,1225,1,1.0,50.0,0,50,922.1233,524116,completed
50,3,2,120,45,dispersed,1.0,50,2,1225,1,1.0,50.0,0,50,714.9861,523706,completed
50,3,2,120,45,dispersed,1.0,50,1,1225,1,1.0,50.0,0,50,849.126,523329,completed
50,3,2,120,45,dispersed,1.0,50,3,1225,1,1.0,50.0,0,50,876.1556,523053,completed
50,3,2,120,45,dispersed,1.0,50,4,1225,1,1.0,50.0,0,50,1000.0249,524127,completed
50,3,2,120,45,dispersed,1.0,50,5,1225,1,1.0,50.0,0,50,917.614,524572,completed
50,3,2,120,45,dispersed,1.0,50,7,1225,1,1.0,50.0,0,50,850.4232,523705,completed
50,3,2,120,45,dispersed,1.0,50,9,1225,1,1.0,50.0,0,50,801.2324,523410,completed
50,3,2,120,45,dispersed,1.0,50,6,1225,1,1.0,50.0,0,50,926.2906,523654,completed
50,3,2,120,45,dispersed,1.0,50,8,1225,1,1.0,50.0,0,50,909.1374,523455,completed
50,3,2,120,60,dispersed,1.0,50,0,1225,1,1.0,50.0,0,50,822.3123,527506,completed
50,3,2,120,60,dispersed,1.0,50,1,1225,1,1.0,50.0,0,50,865.3896,527025,completed
50,3,2,120,30,clustered,0.3,15,0,105,1,1.0,15.0,0,15,224.5959,167118,completed
50,3,2,120,30,clustered,0.3,15,1,105,1,1.0,15.0,0,15,216.016,167152,completed
50,3,2,120,60,dispersed,1.0,50,2,1225,1,1.0,50.0,0,50,800.6467,527863,completed
50,3,2,120,60,dispersed,1.0,50,3,1225,1,1.0,50.0,0,50,877.3686,529003,completed
50,3,2,120,30,clustered,0.3,15,2,105,1,1.0,15.0,0,15,198.2795,167081,completed
50,3,2,120,60,dispersed,1.0,50,4,1225,1,1.0,50.0,0,50,783.6695,528142,completed
50,3,2,120,30,clustered,0.3,15,5,105,1,1.0,15.0,0,15,166.211,167076,completed
50,3,2,120,30,clustered,0.3,15,3,105,1,1.0,15.0,0,15,218.8675,167140,completed
50,3,2,120,30,clustered,0.3,15,4,105,1,1.0,15.0,0,15,213.7209,167128,completed
50,3,2,120,60,dispersed,1.0,50,7,1225,1,1.0,50.0,0,50,685.5779,527410,completed
50,3,2,120,60,dispersed,1.0,50,5,1225,1,1.0,50.0,0,50,778.0443,526882,completed
50,3,2,120,30,clustered,0.3,15,6,102,1,1.0,15.0,0,15,187.1758,167098,completed
50,3,2,120,60,dispersed,1.0,50,6,1225,1,1.0,50.0,0,50,749.1387,524480,completed
50,3,2,120,30,clustered,0.3,15,8,103,1,1.0,15.0,0,15,187.0268,167056,completed
50,3,2,120,30,clustered,0.3,15,9,105,1,1.0,15.0,0,15,187.1298,167165,completed
50,3,2,120,60,dispersed,1.0,50,9,1225,1,1.0,50.0,0,50,725.1853,526307,completed
50,3,2,120,45,clustered,0.3,15,0,105,1,1.0,15.0,0,15,201.6048,167482,completed
50,3,2,120,45,clustered,0.3,15,1,105,1,1.0,15.0,0,15,200.1979,167694,completed
50,3,2,120,30,clustered,0.3,15,7,105,1,1.0,15.0,0,15,278.1659,167141,completed
50,3,2,120,60,dispersed,1.0,50,8,1225,1,1.0,50.0,0,50,836.0979,528788,completed
50,3,2,120,45,clustered,0.3,15,4,105,1,1.0,15.0,0,15,148.5056,167282,completed
50,3,2,120,45,clustered,0.3,15,2,105,1,1.0,15.0,0,15,206.0113,167865,completed
50,3,2,120,45,clustered,0.3,15,7,105,1,1.0,15.0,0,15,151.7302,167388,completed
50,3,2,120,45,clustered,0.3,15,3,105,1,1.0,15.0,0,15,222.8006,167978,completed
50,3,2,120,45,clustered,0.3,15,5,105,1,1.0,15.0,0,15,193.2315,167906,completed
50,3,2,120,45,clustered,0.3,15,8,105,1,1.0,15.0,0,15,162.851,167229,completed
50,3,2,120,45,clustered,0.3,15,6,105,1,1.0,15.0,0,15,214.145,167677,completed
50,3,2,120,60,clustered,0.3,15,1,105,1,1.0,15.0,0,15,162.0886,167750,completed
50,3,2,120,45,clustered,0.3,15,9,105,1,1.0,15.0,0,15,219.9402,167606,completed
50,3,2,120,60,clustered,0.3,15,0,105,1,1.0,15.0,0,15,213.8467,168655,completed
50,3,2,120,60,clustered,0.3,15,3,105,1,1.0,15.0,0,15,139.9549,168271,completed
50,3,2,120,60,clustered,0.3,15,4,105,1,1.0,15.0,0,15,192.5689,168215,completed
50,3,2,120,60,clustered,0.3,15,2,105,1,1.0,15.0,0,15,217.9012,168900,completed
50,3,2,120,60,clustered,0.3,15,5,105,1,1.0,15.0,0,15,174.5791,168282,completed
50,3,2,120,60,clustered,0.3,15,6,105,1,1.0,15.0,0,15,179.3293,168211,completed
50,3,2,120,60,clustered,0.3,15,8,105,1,1.0,15.0,0,15,180.8525,168028,completed
50,3,2,120,60,clustered,0.3,15,7,105,1,1.0,15.0,0,15,192.3449,168830,completed
50,3,2,120,60,clustered,0.3,15,9,105,1,1.0,15.0,0,15,202.0998,168356,completed
50,3,2,120,30,clustered,0.6,30,0,433,1,1.0,30.0,0,30,307.7364,313347,completed
50,3,2,120,30,clustered,0.6,30,3,435,1,1.0,30.0,0,30,349.9349,313343,completed
50,3,2,120,30,clustered,0.6,30,6,424,1,1.0,30.0,0,30,285.5403,313305,completed
50,3,2,120,30,clustered,0.6,30,2,435,1,1.0,30.0,0,30,365.5655,313585,completed
50,3,2,120,30,clustered,0.6,30,1,427,1,1.0,30.0,0,30,397.1413,313291,completed
50,3,2,120,30,clustered,0.6,30,4,400,2,0.966667,15.0,1,29|1,321.1319,313326,completed
50,3,2,120,30,clustered,0.6,30,7,435,1,1.0,30.0,0,30,354.4918,313371,completed
50,3,2,120,30,clustered,0.6,30,9,435,1,1.0,30.0,0,30,345.4946,313369,completed
50,3,2,120,30,clustered,0.6,30,8,435,1,1.0,30.0,0,30,359.9592,313412,completed
50,3,2,120,45,clustered,0.6,30,0,435,1,1.0,30.0,0,30,404.403,314303,completed
50,3,2,120,30,clustered,0.6,30,5,435,1,1.0,30.0,0,30,496.2617,313433,completed
50,3,2,120,45,clustered,0.6,30,3,435,1,1.0,30.0,0,30,340.886,313812,completed
50,3,2,120,45,clustered,0.6,30,6,434,1,1.0,30.0,0,30,325.9657,314359,completed
50,3,2,120,45,clustered,0.6,30,7,435,1,1.0,30.0,0,30,294.2959,314094,completed
50,3,2,120,45,clustered,0.6,30,2,435,1,1.0,30.0,0,30,424.9908,313916,completed
50,3,2,120,45,clustered,0.6,30,8,435,1,1.0,30.0,0,30,321.9424,313769,completed
50,3,2,120,45,clustered,0.6,30,5,435,1,1.0,30.0,0,30,395.174,314033,completed
50,3,2,120,45,clustered,0.6,30,1,435,1,1.0,30.0,0,30,506.0928,314275,completed
50,3,2,120,45,clustered,0.6,30,9,435,1,1.0,30.0,0,30,374.1085,314203,completed
50,3,2,120,45,clustered,0.6,30,4,435,1,1.0,30.0,0,30,469.1173,314793,completed
50,3,2,120,60,clustered,0.6,30,1,435,1,1.0,30.0,0,30,364.2381,316315,completed
50,3,2,120,60,clustered,0.6,30,0,435,1,1.0,30.0,0,30,402.8356,316671,completed
50,3,2,120,60,clustered,0.6,30,8,435,1,1.0,30.0,0,30,318.7253,316660,completed
50,3,2,120,60,clustered,0.6,30,2,435,1,1.0,30.0,0,30,425.5317,317466,completed
50,3,2,120,60,clustered,0.6,30,4,435,1,1.0,30.0,0,30,393.3963,315431,completed
50,3,2,120,60,clustered,0.6,30,3,435,1,1.0,30.0,0,30,420.2466,315277,completed
50,3,2,120,60,clustered,0.6,30,6,435,1,1.0,30.0,0,30,357.9895,315399,completed
50,3,2,120,60,clustered,0.6,30,7,435,1,1.0,30.0,0,30,373.2306,317367,completed
50,3,2,120,60,clustered,0.6,30,9,435,1,1.0,30.0,0,30,357.4301,315612,completed
50,3,2,120,60,clustered,0.6,30,5,435,1,1.0,30.0,0,30,530.1547,315672,completed
50,3,2,120,30,clustered,1.0,50,2,1142,2,0.98,25.0,1,49|1,503.1251,522079,completed
50,3,2,120,30,clustered,1.0,50,0,1169,2,0.98,25.0,1,49|1,829.6468,522171,completed
50,3,2,120,30,clustered,1.0,50,1,1218,1,1.0,50.0,0,50,828.6039,522354,completed
50,3,2,120,30,clustered,1.0,50,3,1211,1,1.0,50.0,0,50,681.5489,522202,completed
50,3,2,120,30,clustered,1.0,50,4,1208,1,1.0,50.0,0,50,674.6764,522242,completed
50,3,2,120,30,clustered,1.0,50,6,1221,1,1.0,50.0,0,50,684.6156,522284,completed
50,3,2,120,30,clustered,1.0,50,8,1166,2,0.98,25.0,1,49|1,667.5989,522204,completed
50,3,2,120,30,clustered,1.0,50,5,1225,1,1.0,50.0,0,50,750.8935,522225,completed
50,3,2,120,30,clustered,1.0,50,9,1225,1,1.0,50.0,0,50,688.9719,522220,completed
50,3,2,120,30,clustered,1.0,50,7,1208,1,1.0,50.0,0,50,824.038,522370,completed
50,3,2,120,45,clustered,1.0,50,0,1225,1,1.0,50.0,0,50,681.8878,523777,completed
50,3,2,120,45,clustered,1.0,50,1,1225,1,1.0,50.0,0,50,747.928,523802,completed
50,3,2,120,45,clustered,1.0,50,2,1225,1,1.0,50.0,0,50,626.3703,523716,completed
50,3,2,120,45,clustered,1.0,50,3,1225,1,1.0,50.0,0,50,680.837,523577,completed
50,3,2,120,45,clustered,1.0,50,5,1225,1,1.0,50.0,0,50,679.0469,524488,completed
50,3,2,120,45,clustered,1.0,50,6,1225,1,1.0,50.0,0,50,664.3756,524296,completed
50,3,2,120,45,clustered,1.0,50,8,1225,1,1.0,50.0,0,50,663.9598,523304,completed
50,3,2,120,45,clustered,1.0,50,4,1225,1,1.0,50.0,0,50,834.8931,524324,completed
50,3,2,120,45,clustered,1.0,50,9,1225,1,1.0,50.0,0,50,758.5669,524299,completed
50,3,2,120,45,clustered,1.0,50,7,1225,1,1.0,50.0,0,50,1055.676,523862,completed
50,3,2,120,60,clustered,1.0,50,0,1225,1,1.0,50.0,0,50,918.8439,529001,completed
50,3,2,120,60,clustered,1.0,50,1,1225,1,1.0,50.0,0,50,976.0255,527322,completed
50,3,2,120,60,clustered,1.0,50,2,1225,1,1.0,50.0,0,50,766.5735,526339,completed
50,3,2,120,60,clustered,1.0,50,3,1225,1,1.0,50.0,0,50,892.0525,529915,completed
50,3,2,120,60,clustered,1.0,50,4,1225,1,1.0,50.0,0,50,889.1144,526056,completed
50,3,2,120,60,clustered,1.0,50,6,1225,1,1.0,50.0,0,50,1128.7188,526386,completed
50,3,2,120,60,clustered,1.0,50,5,1225,1,1.0,50.0,0,50,1211.26,527025,completed
50,3,2,120,60,clustered,1.0,50,9,1225,1,1.0,50.0,0,50,1057.9545,525664,completed
50,3,2,120,60,clustered,1.0,50,7,1225,1,1.0,50.0,0,50,1157.0354,525925,completed
50,3,2,120,60,clustered,1.0,50,8,1225,1,1.0,50.0,0,50,1039.4612,526538,completed
