n,B_gw,B_od,tau,spatial_mode,supply_ratio,seed,n_drivers,n_orders,n_distinct_pickup,ratio,top1_share,top2_share,avg_pool_size,max_pool_size,n_components,largest_component_fraction,component_sizes
30,3,1,30.0,clustered,0.3,137787398,9,30,30,1.0,0.03333333333333333,0.06666666666666667,2016.111111111111,4525,1,1.0,9
30,3,1,30.0,clustered,0.3,837594111,9,30,30,1.0,0.03333333333333333,0.06666666666666667,2016.6666666666667,4525,1,1.0,9
30,3,1,30.0,clustered,0.3,1835953131,9,30,30,1.0,0.03333333333333333,0.06666666666666667,2015.111111111111,4525,1,1.0,9
30,3,1,30.0,clustered,0.3,1038875158,9,30,30,1.0,0.03333333333333333,0.06666666666666667,2016.3333333333333,4525,1,1.0,9
30,3,1,30.0,clustered,0.3,1245452041,9,30,30,1.0,0.03333333333333333,0.06666666666666667,2015.7777777777778,4525,1,1.0,9
30,3,1,30.0,clustered,0.3,1477482092,9,30,30,1.0,0.03333333333333333,0.06666666666666667,2014.5555555555557,4525,1,1.0,9
30,3,1,30.0,clustered,0.3,1223331418,9,30,30,1.0,0.03333333333333333,0.06666666666666667,2016.111111111111,4525,1,1.0,9
30,3,1,30.0,clustered,0.3,1109693497,9,30,30,1.0,0.03333333333333333,0.06666666666666667,2016.6666666666667,4525,1,1.0,9
30,3,1,30.0,clustered,0.3,321958830,9,30,30,1.0,0.03333333333333333,0.06666666666666667,2017.6666666666667,4525,1,1.0,9
30,3,1,30.0,clustered,0.3,1606716748,9,30,30,1.0,0.03333333333333333,0.06666666666666667,2014.5555555555557,4525,1,1.0,9
30,3,1,30.0,clustered,0.6,799669631,18,30,30,1.0,0.03333333333333333,0.06666666666666667,2267.277777777778,4525,1,1.0,18
30,3,1,30.0,clustered,0.6,1657629414,18,30,30,1.0,0.03333333333333333,0.06666666666666667,2266.4444444444443,4525,1,1.0,18
30,3,1,30.0,clustered,0.6,860804513,18,30,30,1.0,0.03333333333333333,0.06666666666666667,2265.722222222222,4525,1,1.0,18
30,3,1,30.0,clustered,0.6,118246156,18,30,30,1.0,0.03333333333333333,0.06666666666666667,2266.6666666666665,4525,1,1.0,18
30,3,1,30.0,clustered,0.6,568374155,18,30,30,1.0,0.03333333333333333,0.06666666666666667,2266.0555555555557,4525,1,1.0,18
30,3,1,30.0,clustered,0.6,2033029826,18,30,30,1.0,0.03333333333333333,0.06666666666666667,2267.1111111111113,4525,1,1.0,18
30,3,1,30.0,clustered,0.6,351178899,18,30,30,1.0,0.03333333333333333,0.06666666666666667,2265.6666666666665,4525,1,1.0,18
30,3,1,30.0,clustered,0.6,621680284,18,30,30,1.0,0.03333333333333333,0.06666666666666667,2264.5,4525,2,0.944444,17|1
30,3,1,30.0,clustered,0.6,870000713,18,30,30,1.0,0.03333333333333333,0.06666666666666667,2267.1111111111113,4525,1,1.0,18
30,3,1,30.0,clustered,0.6,168710284,18,30,30,1.0,0.03333333333333333,0.06666666666666667,2266.3888888888887,4525,1,1.0,18
30,3,1,30.0,clustered,1.0,1952319238,30,30,30,1.0,0.03333333333333333,0.06666666666666667,2265.4666666666667,4525,1,1.0,30
30,3,1,30.0,clustered,1.0,1892958036,30,30,30,1.0,0.03333333333333333,0.06666666666666667,2266.4,4525,1,1.0,30
30,3,1,30.0,clustered,1.0,1525537932,30,30,30,1.0,0.03333333333333333,0.06666666666666667,2266.866666666667,4525,1,1.0,30
30,3,1,30.0,clustered,1.0,547915026,30,30,30,1.0,0.03333333333333333,0.06666666666666667,2266.9666666666667,4525,1,1.0,30
30,3,1,30.0,clustered,1.0,1251828430,30,30,30,1.0,0.03333333333333333,0.06666666666666667,2266.3333333333335,4525,1,1.0,30
30,3,1,30.0,clustered,1.0,673012567,30,30,30,1.0,0.03333333333333333,0.06666666666666667,2265.3,4525,2,0.966667,29|1
30,3,1,30.0,clustered,1.0,2016612469,30,30,30,1.0,0.03333333333333333,0.06666666666666667,2266.0333333333333,4525,1,1.0,30
30,3,1,30.0,clustered,1.0,325651120,30,30,30,1.0,0.03333333333333333,0.06666666666666667,2267.4,4525,1,1.0,30
30,3,1,30.0,clustered,1.0,449757152,30,30,30,1.0,0.03333333333333333,0.06666666666666667,2266.266666666667,4525,1,1.0,30
30,3,1,30.0,clustered,1.0,1514804218,30,30,30,1.0,0.03333333333333333,0.06666666666666667,2265.9333333333334,4525,1,1.0,30
30,3,1,30.0,dispersed,0.3,1395577041,9,30,30,1.0,0.03333333333333333,0.06666666666666667,2015.4444444444443,4525,1,1.0,9
30,3,1,30.0,dispersed,0.3,1233410513,9,30,30,1.0,0.03333333333333333,0.06666666666666667,2015.3333333333333,4525,1,1.0,9
30,3,1,30.0,dispersed,0.3,953284303,9,30,30,1.0,0.03333333333333333,0.06666666666666667,2014.888888888889,4525,1,1.0,9
30,3,1,30.0,dispersed,0.3,678094514,9,30,30,1.0,0.03333333333333333,0.06666666666666667,2017.111111111111,4525,1,1.0,9
30,3,1,30.0,dispersed,0.3,685559782,9,30,30,1.0,0.03333333333333333,0.06666666666666667,2016.111111111111,4525,1,1.0,9
30,3,1,30.0,dispersed,0.3,1671373398,9,30,30,1.0,0.03333333333333333,0.06666666666666667,2013,4525,1,1.0,9
30,3,1,30.0,dispersed,0.3,275487749,9,30,30,1.0,0.03333333333333333,0.06666666666666667,2014.111111111111,4525,1,1.0,9
30,3,1,30.0,dispersed,0.3,1636886922,9,30,30,1.0,0.03333333333333333,0.06666666666666667,2014.4444444444443,4525,1,1.0,9
30,3,1,30.0,dispersed,0.3,1372730064,9,30,30,1.0,0.03333333333333333,0.06666666666666667,2013.888888888889,4525,1,1.0,9
30,3,1,30.0,dispersed,0.3,560538607,9,30,30,1.0,0.03333333333333333,0.06666666666666667,2014.5555555555557,4525,1,1.0,9
30,3,1,30.0,dispersed,0.6,1419066336,18,30,30,1.0,0.03333333333333333,0.06666666666666667,2264.777777777778,4525,1,1.0,18
30,3,1,30.0,dispersed,0.6,677047883,18,30,30,1.0,0.03333333333333333,0.06666666666666667,2266.3888888888887,4525,1,1.0,18
30,3,1,30.0,dispersed,0.6,1936670963,18,30,30,1.0,0.03333333333333333,0.06666666666666667,2267.3333333333335,4525,1,1.0,18
30,3,1,30.0,dispersed,0.6,615680738,18,30,30,1.0,0.03333333333333333,0.06666666666666667,2265.1666666666665,4525,1,1.0,18
30,3,1,30.0,dispersed,0.6,890807540,18,30,30,1.0,0.03333333333333333,0.06666666666666667,2267.5,4525,1,1.0,18
30,3,1,30.0,dispersed,0.6,402348806,18,30,30,1.0,0.03333333333333333,0.06666666666666667,2267.6111111111113,4525,1,1.0,18
30,3,1,30.0,dispersed,0.6,107628952,18,30,30,1.0,0.03333333333333333,0.06666666666666667,2265.3888888888887,4525,1,1.0,18
30,3,1,30.0,dispersed,0.6,174693227,18,30,30,1.0,0.03333333333333333,0.06666666666666667,2268,4525,1,1.0,18
30,3,1,30.0,dispersed,0.6,1819903367,18,30,30,1.0,0.03333333333333333,0.06666666666666667,2266.3888888888887,4525,1,1.0,18
30,3,1,30.0,dispersed,0.6,1483443033,18,30,30,1.0,0.03333333333333333,0.06666666666666667,2265.722222222222,4525,1,1.0,18
30,3,1,30.0,dispersed,1.0,966751300,30,30,30,1.0,0.03333333333333333,0.06666666666666667,2266.0333333333333,4525,1,1.0,30
30,3,1,30.0,dispersed,1.0,160051391,30,30,30,1.0,0.03333333333333333,0.06666666666666667,2265.366666666667,4525,1,1.0,30
30,3,1,30.0,dispersed,1.0,1988746152,30,30,30,1.0,0.03333333333333333,0.06666666666666667,2266.6,4525,1,1.0,30
30,3,1,30.0,dispersed,1.0,1780907334,30,30,30,1.0,0.03333333333333333,0.06666666666666667,2265.733333333333,4525,1,1.0,30
30,3,1,30.0,dispersed,1.0,1177010075,30,30,30,1.0,0.03333333333333333,0.06666666666666667,2267.9,4525,1,1.0,30
30,3,1,30.0,dispersed,1.0,2141253017,30,30,30,1.0,0.03333333333333333,0.06666666666666667,2266.6,4525,1,1.0,30
30,3,1,30.0,dispersed,1.0,245755295,30,30,30,1.0,0.03333333333333333,0.06666666666666667,2267.266666666667,4525,1,1.0,30
30,3,1,30.0,dispersed,1.0,1188965449,30,30,30,1.0,0.03333333333333333,0.06666666666666667,2266.0333333333333,4525,2,0.966667,29|1
30,3,1,30.0,dispersed,1.0,2041990435,30,30,30,1.0,0.03333333333333333,0.06666666666666667,2266.4333333333334,4525,2,0.966667,29|1
30,3,1,30.0,dispersed,1.0,242108937,30,30,30,1.0,0.03333333333333333,0.06666666666666667,2266.4,4525,1,1.0,30
30,3,1,45.0,clustered,0.3,444020330,9,30,30,1.0,0.03333333333333333,0.06666666666666667,2017.888888888889,4525,1,1.0,9
30,3,1,45.0,clustered,0.3,298272283,9,30,30,1.0,0.03333333333333333,0.06666666666666667,2017.3333333333333,4525,1,1.0,9
30,3,1,45.0,clustered,0.3,713062724,9,30,30,1.0,0.03333333333333333,0.06666666666666667,2016,4525,1,1.0,9
30,3,1,45.0,clustered,0.3,863338318,9,30,30,1.0,0.03333333333333333,0.06666666666666667,2020.5555555555557,4525,1,1.0,9
30,3,1,45.0,clustered,0.3,1351614037,9,30,30,1.0,0.03333333333333333,0.06666666666666667,2018.5555555555557,4525,1,1.0,9
30,3,1,45.0,clustered,0.3,490351194,9,30,30,1.0,0.03333333333333333,0.06666666666666667,2019.888888888889,4525,1,1.0,9
30,3,1,45.0,clustered,0.3,1171280040,9,30,30,1.0,0.03333333333333333,0.06666666666666667,2018.4444444444443,4525,1,1.0,9
30,3,1,45.0,clustered,0.3,1757351136,9,30,30,1.0,0.03333333333333333,0.06666666666666667,2016.4444444444443,4525,1,1.0,9
30,3,1,45.0,clustered,0.3,1258075225,9,30,30,1.0,0.03333333333333333,0.06666666666666667,2016.888888888889,4525,1,1.0,9
30,3,1,45.0,clustered,0.3,746339353,9,30,30,1.0,0.03333333333333333,0.06666666666666667,2019.3333333333333,4525,1,1.0,9
30,3,1,45.0,clustered,0.6,475126014,18,30,30,1.0,0.03333333333333333,0.06666666666666667,2266.8333333333335,4525,1,1.0,18
30,3,1,45.0,clustered,0.6,649039175,18,30,30,1.0,0.03333333333333333,0.06666666666666667,2270.4444444444443,4525,1,1.0,18
30,3,1,45.0,clustered,0.6,790725123,18,30,30,1.0,0.03333333333333333,0.06666666666666667,2271.6111111111113,4525,1,1.0,18
30,3,1,45.0,clustered,0.6,865647042,18,30,30,1.0,0.03333333333333333,0.06666666666666667,2267.4444444444443,4525,1,1.0,18
30,3,1,45.0,clustered,0.6,342429679,18,30,30,1.0,0.03333333333333333,0.06666666666666667,2268.6111111111113,4525,1,1.0,18
30,3,1,45.0,clustered,0.6,267150394,18,30,30,1.0,0.03333333333333333,0.06666666666666667,2268.0555555555557,4525,1,1.0,18
30,3,1,45.0,clustered,0.6,2101943565,18,30,30,1.0,0.03333333333333333,0.06666666666666667,2270.9444444444443,4525,1,1.0,18
30,3,1,45.0,clustered,0.6,43871660,18,30,30,1.0,0.03333333333333333,0.06666666666666667,2267.1666666666665,4525,1,1.0,18
30,3,1,45.0,clustered,0.6,232938437,18,30,30,1.0,0.03333333333333333,0.06666666666666667,2270.9444444444443,4525,1,1.0,18
30,3,1,45.0,clustered,0.6,729431918,18,30,30,1.0,0.03333333333333333,0.06666666666666667,2267.8333333333335,4525,1,1.0,18
30,3,1,45.0,clustered,1.0,121825621,30,30,30,1.0,0.03333333333333333,0.06666666666666667,2267.866666666667,4525,1,1.0,30
30,3,1,45.0,clustered,1.0,1325415953,30,30,30,1.0,0.03333333333333333,0.06666666666666667,2269,4525,1,1.0,30
30,3,1,45.0,clustered,1.0,1283951493,30,30,30,1.0,0.03333333333333333,0.06666666666666667,2269.133333333333,4525,1,1.0,30
30,3,1,45.0,clustered,1.0,2097014012,30,30,30,1.0,0.03333333333333333,0.06666666666666667,2269.1666666666665,4525,1,1.0,30
30,3,1,45.0,clustered,1.0,721663708,30,30,30,1.0,0.03333333333333333,0.06666666666666667,2270.233333333333,4525,1,1.0,30
30,3,1,45.0,clustered,1.0,887387813,30,30,30,1.0,0.03333333333333333,0.06666666666666667,2268.8,4525,1,1.0,30
30,3,1,45.0,clustered,1.0,1705750670,30,30,30,1.0,0.03333333333333333,0.06666666666666667,2267.366666666667,4525,1,1.0,30
30,3,1,45.0,clustered,1.0,1022367799,30,30,30,1.0,0.03333333333333333,0.06666666666666667,2268.266666666667,4525,1,1.0,30
30,3,1,45.0,clustered,1.0,1652454158,30,30,30,1.0,0.03333333333333333,0.06666666666666667,2268.266666666667,4525,1,1.0,30
30,3,1,45.0,clustered,1.0,1221845398,30,30,30,1.0,0.03333333333333333,0.06666666666666667,2268.1666666666665,4525,1,1.0,30
30,3,1,45.0,dispersed,0.3,681629291,9,30,30,1.0,0.03333333333333333,0.06666666666666667,2019.4444444444443,4525,1,1.0,9
30,3,1,45.0,dispersed,0.3,41120075,9,30,30,1.0,0.03333333333333333,0.06666666666666667,2021.5555555555557,4525,1,1.0,9
30,3,1,45.0,dispersed,0.3,983175440,9,30,30,1.0,0.03333333333333333,0.06666666666666667,2020.111111111111,4525,1,1.0,9
30,3,1,45.0,dispersed,0.3,1281270513,9,30,30,1.0,0.03333333333333333,0.06666666666666667,2016.4444444444443,4525,1,1.0,9
30,3,1,45.0,dispersed,0.3,1046340408,9,30,30,1.0,0.03333333333333333,0.06666666666666667,2019.7777777777778,4525,1,1.0,9
30,3,1,45.0,dispersed,0.3,577625117,9,30,30,1.0,0.03333333333333333,0.06666666666666667,2017.3333333333333,4525,1,1.0,9
30,3,1,45.0,dispersed,0.3,1955662471,9,30,30,1.0,0.03333333333333333,0.06666666666666667,2018.6666666666667,4525,1,1.0,9
30,3,1,45.0,dispersed,0.3,1419797407,9,30,30,1.0,0.03333333333333333,0.06666666666666667,2017.3333333333333,4525,1,1.0,9
30,3,1,45.0,dispersed,0.3,2048164813,9,30,30,1.0,0.03333333333333333,0.06666666666666667,2016.4444444444443,4525,1,1.0,9
30,3,1,45.0,dispersed,0.3,1295251644,9,30,30,1.0,0.03333333333333333,0.06666666666666667,2016.5555555555557,4525,1,1.0,9
30,3,1,45.0,dispersed,0.6,1507146778,18,30,30,1.0,0.03333333333333333,0.06666666666666667,2268.1666666666665,4525,1,1.0,18
30,3,1,45.0,dispersed,0.6,1112061871,18,30,30,1.0,0.03333333333333333,0.06666666666666667,2268.5555555555557,4525,1,1.0,18
30,3,1,45.0,dispersed,0.6,1629228545,18,30,30,1.0,0.03333333333333333,0.06666666666666667,2269.9444444444443,4525,1,1.0,18
30,3,1,45.0,dispersed,0.6,967484981,18,30,30,1.0,0.03333333333333333,0.06666666666666667,2268.1666666666665,4525,1,1.0,18
30,3,1,45.0,dispersed,0.6,2145460797,18,30,30,1.0,0.03333333333333333,0.06666666666666667,2271.8333333333335,4525,1,1.0,18
30,3,1,45.0,dispersed,0.6,1228317452,18,30,30,1.0,0.03333333333333333,0.06666666666666667,2268.3888888888887,4525,1,1.0,18
30,3,1,45.0,dispersed,0.6,2009249046,18,30,30,1.0,0.03333333333333333,0.06666666666666667,2267.6666666666665,4525,1,1.0,18
30,3,1,45.0,dispersed,0.6,906515441,18,30,30,1.0,0.03333333333333333,0.06666666666666667,2270.4444444444443,4525,1,1.0,18
30,3,1,45.0,dispersed,0.6,756129452,18,30,30,1.0,0.03333333333333333,0.06666666666666667,2269.0555555555557,4525,1,1.0,18
30,3,1,45.0,dispersed,0.6,380905646,18,30,30,1.0,0.03333333333333333,0.06666666666666667,2268.9444444444443,4525,1,1.0,18
30,3,1,45.0,dispersed,1.0,242011799,30,30,30,1.0,0.03333333333333333,0.06666666666666667,2268.866666666667,4525,1,1.0,30
30,3,1,45.0,dispersed,1.0,356904679,30,30,30,1.0,0.03333333333333333,0.06666666666666667,2270.866666666667,4525,1,1.0,30
30,3,1,45.0,dispersed,1.0,465649490,30,30,30,1.0,0.03333333333333333,0.06666666666666667,2269.266666666667,4525,1,1.0,30
30,3,1,45.0,dispersed,1.0,517233904,30,30,30,1.0,0.03333333333333333,0.06666666666666667,2268.5,4525,1,1.0,30
30,3,1,45.0,dispersed,1.0,1617656062,30,30,30,1.0,0.03333333333333333,0.06666666666666667,2267.8,4525,1,1.0,30
30,3,1,45.0,dispersed,1.0,1918680169,30,30,30,1.0,0.03333333333333333,0.06666666666666667,2268.1,4525,1,1.0,30
30,3,1,45.0,dispersed,1.0,1896526598,30,30,30,1.0,0.03333333333333333,0.06666666666666667,2268.9666666666667,4525,1,1.0,30
30,3,1,45.0,dispersed,1.0,2012529390,30,30,30,1.0,0.03333333333333333,0.06666666666666667,2269.8333333333335,4525,1,1.0,30
30,3,1,45.0,dispersed,1.0,1506141594,30,30,30,1.0,0.03333333333333333,0.06666666666666667,2269.3333333333335,4525,1,1.0,30
30,3,1,45.0,dispersed,1.0,895680573,30,30,30,1.0,0.03333333333333333,0.06666666666666667,2269.866666666667,4525,1,1.0,30
30,3,1,60.0,clustered,0.3,2002294046,9,30,30,1.0,0.03333333333333333,0.06666666666666667,2018.111111111111,4525,1,1.0,9
30,3,1,60.0,clustered,0.3,1191955699,9,30,30,1.0,0.03333333333333333,0.06666666666666667,2018.6666666666667,4525,1,1.0,9
30,3,1,60.0,clustered,0.3,1559645903,9,30,30,1.0,0.03333333333333333,0.06666666666666667,2021.6666666666667,4525,1,1.0,9
30,3,1,60.0,clustered,0.3,680613334,9,30,30,1.0,0.03333333333333333,0.06666666666666667,2019.7777777777778,4525,1,1.0,9
30,3,1,60.0,clustered,0.3,1216358966,9,30,30,1.0,0.03333333333333333,0.06666666666666667,2021.2222222222222,4525,1,1.0,9
30,3,1,60.0,clustered,0.3,1647659668,9,30,30,1.0,0.03333333333333333,0.06666666666666667,2021.888888888889,4525,1,1.0,9
30,3,1,60.0,clustered,0.3,524511912,9,30,30,1.0,0.03333333333333333,0.06666666666666667,2020.2222222222222,4525,1,1.0,9
30,3,1,60.0,clustered,0.3,619619286,9,30,30,1.0,0.03333333333333333,0.06666666666666667,2018.7777777777778,4525,1,1.0,9
30,3,1,60.0,clustered,0.3,1653848259,9,30,30,1.0,0.03333333333333333,0.06666666666666667,2019.3333333333333,4525,1,1.0,9
30,3,1,60.0,clustered,0.3,967873605,9,30,30,1.0,0.03333333333333333,0.06666666666666667,2020,4525,1,1.0,9
30,3,1,60.0,clustered,0.6,381529990,18,30,30,1.0,0.03333333333333333,0.06666666666666667,2269,4525,1,1.0,18
30,3,1,60.0,clustered,0.6,830832991,18,30,30,1.0,0.03333333333333333,0.06666666666666667,2268.4444444444443,4525,1,1.0,18
30,3,1,60.0,clustered,0.6,1455993120,18,30,30,1.0,0.03333333333333333,0.06666666666666667,2270.3333333333335,4525,1,1.0,18
30,3,1,60.0,clustered,0.6,903627875,18,30,30,1.0,0.03333333333333333,0.06666666666666667,2270.722222222222,4525,1,1.0,18
30,3,1,60.0,clustered,0.6,1707969844,18,30,30,1.0,0.03333333333333333,0.06666666666666667,2269.277777777778,4525,1,1.0,18
30,3,1,60.0,clustered,0.6,1700696089,18,30,30,1.0,0.03333333333333333,0.06666666666666667,2267.6111111111113,4525,1,1.0,18
30,3,1,60.0,clustered,0.6,112149210,18,30,30,1.0,0.03333333333333333,0.06666666666666667,2270.8333333333335,4525,1,1.0,18
30,3,1,60.0,clustered,0.6,718308492,18,30,30,1.0,0.03333333333333333,0.06666666666666667,2269.0555555555557,4525,1,1.0,18
30,3,1,60.0,clustered,0.6,1719525021,18,30,30,1.0,0.03333333333333333,0.06666666666666667,2269.5555555555557,4525,1,1.0,18
30,3,1,60.0,clustered,0.6,945160407,18,30,30,1.0,0.03333333333333333,0.06666666666666667,2270.6666666666665,4525,1,1.0,18
30,3,1,60.0,clustered,1.0,1018031259,30,30,30,1.0,0.03333333333333333,0.06666666666666667,2270.3333333333335,4525,1,1.0,30
30,3,1,60.0,clustered,1.0,1119232435,30,30,30,1.0,0.03333333333333333,0.06666666666666667,2271.7,4525,1,1.0,30
30,3,1,60.0,clustered,1.0,388545895,30,30,30,1.0,0.03333333333333333,0.06666666666666667,2270.8333333333335,4525,1,1.0,30
30,3,1,60.0,clustered,1.0,463138352,30,30,30,1.0,0.03333333333333333,0.06666666666666667,2269.766666666667,4525,1,1.0,30
30,3,1,60.0,clustered,1.0,1796104725,30,30,30,1.0,0.03333333333333333,0.06666666666666667,2269.733333333333,4525,1,1.0,30
30,3,1,60.0,clustered,1.0,1846175591,30,30,30,1.0,0.03333333333333333,0.06666666666666667,2269.633333333333,4525,1,1.0,30
30,3,1,60.0,clustered,1.0,491884790,30,30,30,1.0,0.03333333333333333,0.06666666666666667,2270.4333333333334,4525,1,1.0,30
30,3,1,60.0,clustered,1.0,4568229,30,30,30,1.0,0.03333333333333333,0.06666666666666667,2268.766666666667,4525,1,1.0,30
30,3,1,60.0,clustered,1.0,793157924,30,30,30,1.0,0.03333333333333333,0.06666666666666667,2270.1,4525,1,1.0,30
30,3,1,60.0,clustered,1.0,79703734,30,30,30,1.0,0.03333333333333333,0.06666666666666667,2271.6,4525,1,1.0,30
30,3,1,60.0,dispersed,0.3,866316747,9,30,30,1.0,0.03333333333333333,0.06666666666666667,2020.7777777777778,4525,1,1.0,9
30,3,1,60.0,dispersed,0.3,575525294,9,30,30,1.0,0.03333333333333333,0.06666666666666667,2023.111111111111,4525,1,1.0,9
30,3,1,60.0,dispersed,0.3,1441137135,9,30,30,1.0,0.03333333333333333,0.06666666666666667,2020.5555555555557,4525,1,1.0,9
30,3,1,60.0,dispersed,0.3,1735411419,9,30,30,1.0,0.03333333333333333,0.06666666666666667,2020.4444444444443,4525,1,1.0,9
30,3,1,60.0,dispersed,0.3,953114552,9,30,30,1.0,0.03333333333333333,0.06666666666666667,2018.888888888889,4525,1,1.0,9
30,3,1,60.0,dispersed,0.3,67895322,9,30,30,1.0,0.03333333333333333,0.06666666666666667,2020.3333333333333,4525,1,1.0,9
30,3,1,60.0,dispersed,0.3,924909436,9,30,30,1.0,0.03333333333333333,0.06666666666666667,2019.6666666666667,4525,1,1.0,9
30,3,1,60.0,dispersed,0.3,778567187,9,30,30,1.0,0.03333333333333333,0.06666666666666667,2017.6666666666667,4525,1,1.0,9
30,3,1,60.0,dispersed,0.3,1639845567,9,30,30,1.0,0.03333333333333333,0.06666666666666667,2018.2222222222222,4525,1,1.0,9
30,3,1,60.0,dispersed,0.3,1880804468,9,30,30,1.0,0.03333333333333333,0.06666666666666667,2019.5555555555557,4525,1,1.0,9
30,3,1,60.0,dispersed,0.6,1604827354,18,30,30,1.0,0.03333333333333333,0.06666666666666667,2269.9444444444443,4525,1,1.0,18
30,3,1,60.0,dispersed,0.6,1720521666,18,30,30,1.0,0.03333333333333333,0.06666666666666667,2268.777777777778,4525,1,1.0,18
30,3,1,60.0,dispersed,0.6,161216314,18,30,30,1.0,0.03333333333333333,0.06666666666666667,2269.1666666666665,4525,1,1.0,18
30,3,1,60.0,dispersed,0.6,119794142,18,30,30,1.0,0.03333333333333333,0.06666666666666667,2273.0555555555557,4525,1,1.0,18
30,3,1,60.0,dispersed,0.6,1512279267,18,30,30,1.0,0.03333333333333333,0.06666666666666667,2270,4525,1,1.0,18
30,3,1,60.0,dispersed,0.6,771493955,18,30,30,1.0,0.03333333333333333,0.06666666666666667,2269.6666666666665,4525,1,1.0,18
30,3,1,60.0,dispersed,0.6,2141715095,18,30,30,1.0,0.03333333333333333,0.06666666666666667,2269.1666666666665,4525,1,1.0,18
30,3,1,60.0,dispersed,0.6,14856677,18,30,30,1.0,0.03333333333333333,0.06666666666666667,2270.8333333333335,4525,1,1.0,18
30,3,1,60.0,dispersed,0.6,432035015,18,30,30,1.0,0.03333333333333333,0.06666666666666667,2271.222222222222,4525,1,1.0,18
30,3,1,60.0,dispersed,0.6,2137658979,18,30,30,1.0,0.03333333333333333,0.06666666666666667,2268.722222222222,4525,1,1.0,18
30,3,1,60.0,dispersed,1.0,16806627,30,30,30,1.0,0.03333333333333333,0.06666666666666667,2269.9666666666667,4525,1,1.0,30
30,3,1,60.0,dispersed,1.0,2144805628,30,30,30,1.0,0.03333333333333333,0.06666666666666667,2270.7,4525,1,1.0,30
30,3,1,60.0,dispersed,1.0,483317765,30,30,30,1.0,0.03333333333333333,0.06666666666666667,2271.6,4525,1,1.0,30
30,3,1,60.0,dispersed,1.0,1754154973,30,30,30,1.0,0.03333333333333333,0.06666666666666667,2270.6666666666665,4525,1,1.0,30
30,3,1,60.0,dispersed,1.0,1474961659,30,30,30,1.0,0.03333333333333333,0.06666666666666667,2269.1,4525,1,1.0,30
30,3,1,60.0,dispersed,1.0,1040033110,30,30,30,1.0,0.03333333333333333,0.06666666666666667,2269.0333333333333,4525,1,1.0,30
30,3,1,60.0,dispersed,1.0,629241008,30,30,30,1.0,0.03333333333333333,0.06666666666666667,2270.4666666666667,4525,1,1.0,30
30,3,1,60.0,dispersed,1.0,392733547,30,30,30,1.0,0.03333333333333333,0.06666666666666667,2266.8,4525,1,1.0,30
30,3,1,60.0,dispersed,1.0,110800300,30,30,30,1.0,0.03333333333333333,0.06666666666666667,2271.0666666666666,4525,1,1.0,30
30,3,1,60.0,dispersed,1.0,59594122,30,30,30,1.0,0.03333333333333333,0.06666666666666667,2268.866666666667,4525,1,1.0,30
30,3,2,30.0,clustered,0.3,1641583710,9,30,30,1.0,0.03333333333333333,0.06666666666666667,2015.111111111111,4525,1,1.0,9
30,3,2,30.0,clustered,0.3,1695670167,9,30,30,1.0,0.03333333333333333,0.06666666666666667,2015.111111111111,4525,1,1.0,9
30,3,2,30.0,clustered,0.3,781003941,9,30,30,1.0,0.03333333333333333,0.06666666666666667,2014.888888888889,4525,1,1.0,9
30,3,2,30.0,clustered,0.3,532470681,9,30,30,1.0,0.03333333333333333,0.06666666666666667,2016.888888888889,4525,1,1.0,9
30,3,2,30.0,clustered,0.3,169915696,9,30,30,1.0,0.03333333333333333,0.06666666666666667,2015.888888888889,4525,1,1.0,9
30,3,2,30.0,clustered,0.3,1349340061,9,30,30,1.0,0.03333333333333333,0.06666666666666667,2016.111111111111,4525,2,0.888889,8|1
30,3,2,30.0,clustered,0.3,749580642,9,30,30,1.0,0.03333333333333333,0.06666666666666667,2015.6666666666667,4525,1,1.0,9
30,3,2,30.0,clustered,0.3,1199903949,9,30,30,1.0,0.03333333333333333,0.06666666666666667,2021.5555555555557,4525,1,1.0,9
30,3,2,30.0,clustered,0.3,2144154571,9,30,30,1.0,0.03333333333333333,0.06666666666666667,2014,4525,1,1.0,9
30,3,2,30.0,clustered,0.3,276594448,9,30,30,1.0,0.03333333333333333,0.06666666666666667,2015.6666666666667,4525,1,1.0,9
30,3,2,30.0,clustered,0.6,959715614,18,30,30,1.0,0.03333333333333333,0.06666666666666667,2265.1666666666665,4525,1,1.0,18
30,3,2,30.0,clustered,0.6,1410167998,18,30,30,1.0,0.03333333333333333,0.06666666666666667,2267.4444444444443,4525,1,1.0,18
30,3,2,30.0,clustered,0.6,1837735827,18,30,30,1.0,0.03333333333333333,0.06666666666666667,2267.3888888888887,4525,1,1.0,18
30,3,2,30.0,clustered,0.6,1716569312,18,30,30,1.0,0.03333333333333333,0.06666666666666667,2265.3888888888887,4525,2,0.944444,17|1
30,3,2,30.0,clustered,0.6,831783134,18,30,30,1.0,0.03333333333333333,0.06666666666666667,2266,4525,1,1.0,18
30,3,2,30.0,clustered,0.6,165788432,18,30,30,1.0,0.03333333333333333,0.06666666666666667,2267.4444444444443,4525,1,1.0,18
30,3,2,30.0,clustered,0.6,424090791,18,30,30,1.0,0.03333333333333333,0.06666666666666667,2265.6666666666665,4525,1,1.0,18
30,3,2,30.0,clustered,0.6,380250387,18,30,30,1.0,0.03333333333333333,0.06666666666666667,2267.8888888888887,4525,1,1.0,18
30,3,2,30.0,clustered,0.6,241453087,18,30,30,1.0,0.03333333333333333,0.06666666666666667,2267.3333333333335,4525,1,1.0,18
30,3,2,30.0,clustered,0.6,455494462,18,30,30,1.0,0.03333333333333333,0.06666666666666667,2267.277777777778,4525,1,1.0,18
30,3,2,30.0,clustered,1.0,1966111144,30,30,30,1.0,0.03333333333333333,0.06666666666666667,2265.866666666667,4525,2,0.966667,29|1
30,3,2,30.0,clustered,1.0,654532842,30,30,30,1.0,0.03333333333333333,0.06666666666666667,2267.8,4525,1,1.0,30
30,3,2,30.0,clustered,1.0,465613258,30,30,30,1.0,0.03333333333333333,0.06666666666666667,2265.8333333333335,4525,1,1.0,30
30,3,2,30.0,clustered,1.0,416698108,30,30,30,1.0,0.03333333333333333,0.06666666666666667,2267.1,4525,1,1.0,30
30,3,2,30.0,clustered,1.0,1891700333,30,30,30,1.0,0.03333333333333333,0.06666666666666667,2267.4666666666667,4525,1,1.0,30
30,3,2,30.0,clustered,1.0,1800998651,30,30,30,1.0,0.03333333333333333,0.06666666666666667,2267.133333333333,4525,1,1.0,30
30,3,2,30.0,clustered,1.0,274575943,30,30,30,1.0,0.03333333333333333,0.06666666666666667,2266.1666666666665,4525,1,1.0,30
30,3,2,30.0,clustered,1.0,893105960,30,30,30,1.0,0.03333333333333333,0.06666666666666667,2265.8,4525,1,1.0,30
30,3,2,30.0,clustered,1.0,1227613687,30,30,30,1.0,0.03333333333333333,0.06666666666666667,2269.0333333333333,4525,1,1.0,30
30,3,2,30.0,clustered,1.0,1833941465,30,30,30,1.0,0.03333333333333333,0.06666666666666667,2267.5666666666666,4525,2,0.966667,29|1
30,3,2,30.0,dispersed,0.3,1055501472,9,30,30,1.0,0.03333333333333333,0.06666666666666667,2017.4444444444443,4525,1,1.0,9
30,3,2,30.0,dispersed,0.3,1305927029,9,30,30,1.0,0.03333333333333333,0.06666666666666667,2015.6666666666667,4525,1,1.0,9
30,3,2,30.0,dispersed,0.3,2105427963,9,30,30,1.0,0.03333333333333333,0.06666666666666667,2016.3333333333333,4525,1,1.0,9
30,3,2,30.0,dispersed,0.3,595290232,9,30,30,1.0,0.03333333333333333,0.06666666666666667,2014.4444444444443,4525,1,1.0,9
30,3,2,30.0,dispersed,0.3,1172493924,9,30,30,1.0,0.03333333333333333,0.06666666666666667,2014.6666666666667,4525,1,1.0,9
30,3,2,30.0,dispersed,0.3,669222516,9,30,30,1.0,0.03333333333333333,0.06666666666666667,2018.3333333333333,4525,1,1.0,9
30,3,2,30.0,dispersed,0.3,1400984964,9,30,30,1.0,0.03333333333333333,0.06666666666666667,2019,4525,1,1.0,9
30,3,2,30.0,dispersed,0.3,1645767074,9,30,30,1.0,0.03333333333333333,0.06666666666666667,2015.7777777777778,4525,1,1.0,9
30,3,2,30.0,dispersed,0.3,903537778,9,30,30,1.0,0.03333333333333333,0.06666666666666667,2018,4525,1,1.0,9
30,3,2,30.0,dispersed,0.3,577580087,9,30,30,1.0,0.03333333333333333,0.06666666666666667,2016.3333333333333,4525,1,1.0,9
30,3,2,30.0,dispersed,0.6,515426820,18,30,30,1.0,0.03333333333333333,0.06666666666666667,2267.9444444444443,4525,1,1.0,18
30,3,2,30.0,dispersed,0.6,850256817,18,30,30,1.0,0.03333333333333333,0.06666666666666667,2264.6111111111113,4525,1,1.0,18
30,3,2,30.0,dispersed,0.6,2033180520,18,30,30,1.0,0.03333333333333333,0.06666666666666667,2265.3333333333335,4525,1,1.0,18
30,3,2,30.0,dispersed,0.6,1451666137,18,30,30,1.0,0.03333333333333333,0.06666666666666667,2266.277777777778,4525,1,1.0,18
30,3,2,30.0,dispersed,0.6,1852842429,18,30,30,1.0,0.03333333333333333,0.06666666666666667,2267.5555555555557,4525,1,1.0,18
30,3,2,30.0,dispersed,0.6,239055968,18,30,30,1.0,0.03333333333333333,0.06666666666666667,2265.222222222222,4525,1,1.0,18
30,3,2,30.0,dispersed,0.6,2008730763,18,30,30,1.0,0.03333333333333333,0.06666666666666667,2266.1111111111113,4525,1,1.0,18
30,3,2,30.0,dispersed,0.6,1131619421,18,30,30,1.0,0.03333333333333333,0.06666666666666667,2264.222222222222,4525,2,0.944444,17|1
30,3,2,30.0,dispersed,0.6,222716415,18,30,30,1.0,0.03333333333333333,0.06666666666666667,2268.1666666666665,4525,1,1.0,18
30,3,2,30.0,dispersed,0.6,747358384,18,30,30,1.0,0.03333333333333333,0.06666666666666667,2267,4525,1,1.0,18
30,3,2,30.0,dispersed,1.0,88936027,30,30,30,1.0,0.03333333333333333,0.06666666666666667,2267.1666666666665,4525,2,0.966667,29|1
30,3,2,30.0,dispersed,1.0,1601306731,30,30,30,1.0,0.03333333333333333,0.06666666666666667,2267.6,4525,1,1.0,30
30,3,2,30.0,dispersed,1.0,2015599612,30,30,30,1.0,0.03333333333333333,0.06666666666666667,2266.7,4525,1,1.0,30
30,3,2,30.0,dispersed,1.0,959736764,30,30,30,1.0,0.03333333333333333,0.06666666666666667,2267,4525,1,1.0,30
30,3,2,30.0,dispersed,1.0,1709586416,30,30,30,1.0,0.03333333333333333,0.06666666666666667,2270.233333333333,4525,1,1.0,30
30,3,2,30.0,dispersed,1.0,992572840,30,30,30,1.0,0.03333333333333333,0.06666666666666667,2266.633333333333,4525,1,1.0,30
30,3,2,30.0,dispersed,1.0,1858869724,30,30,30,1.0,0.03333333333333333,0.06666666666666667,2268.233333333333,4525,1,1.0,30
30,3,2,30.0,dispersed,1.0,1587297269,30,30,30,1.0,0.03333333333333333,0.06666666666666667,2268.9,4525,1,1.0,30
30,3,2,30.0,dispersed,1.0,460184734,30,30,30,1.0,0.03333333333333333,0.06666666666666667,2265.0666666666666,4525,2,0.966667,29|1
30,3,2,30.0,dispersed,1.0,325876558,30,30,30,1.0,0.03333333333333333,0.06666666666666667,2267.7,4525,1,1.0,30
30,3,2,45.0,clustered,0.3,1060700021,9,30,30,1.0,0.03333333333333333,0.06666666666666667,2040.4444444444443,4525,1,1.0,9
30,3,2,45.0,clustered,0.3,2022947139,9,30,30,1.0,0.03333333333333333,0.06666666666666667,2032.111111111111,4525,1,1.0,9
30,3,2,45.0,clustered,0.3,1298551981,9,30,30,1.0,0.03333333333333333,0.06666666666666667,2023.111111111111,4525,1,1.0,9
30,3,2,45.0,clustered,0.3,321900126,9,30,30,1.0,0.03333333333333333,0.06666666666666667,2021.5555555555557,4525,1,1.0,9
30,3,2,45.0,clustered,0.3,1837649730,9,30,30,1.0,0.03333333333333333,0.06666666666666667,2037.2222222222222,4525,1,1.0,9
30,3,2,45.0,clustered,0.3,419614621,9,30,30,1.0,0.03333333333333333,0.06666666666666667,2053.3333333333335,4525,1,1.0,9
30,3,2,45.0,clustered,0.3,2097344701,9,30,30,1.0,0.03333333333333333,0.06666666666666667,2038.4444444444443,4525,1,1.0,9
30,3,2,45.0,clustered,0.3,1338437281,9,30,30,1.0,0.03333333333333333,0.06666666666666667,2018.5555555555557,4525,1,1.0,9
30,3,2,45.0,clustered,0.3,526522208,9,30,30,1.0,0.03333333333333333,0.06666666666666667,2034.6666666666667,4525,1,1.0,9
30,3,2,45.0,clustered,0.3,1102177209,9,30,30,1.0,0.03333333333333333,0.06666666666666667,2040.7777777777778,4525,1,1.0,9
30,3,2,45.0,clustered,0.6,303195706,18,30,30,1.0,0.03333333333333333,0.06666666666666667,2273.5555555555557,4525,1,1.0,18
30,3,2,45.0,clustered,0.6,1304797060,18,30,30,1.0,0.03333333333333333,0.06666666666666667,2275.5,4525,1,1.0,18
30,3,2,45.0,clustered,0.6,769849636,18,30,30,1.0,0.03333333333333333,0.06666666666666667,2276.277777777778,4525,1,1.0,18
30,3,2,45.0,clustered,0.6,731196114,18,30,30,1.0,0.03333333333333333,0.06666666666666667,2269.8333333333335,4525,1,1.0,18
30,3,2,45.0,clustered,0.6,1997587851,18,30,30,1.0,0.03333333333333333,0.06666666666666667,2290.5,4525,1,1.0,18
30,3,2,45.0,clustered,0.6,261830626,18,30,30,1.0,0.03333333333333333,0.06666666666666667,2279.3333333333335,4525,1,1.0,18
30,3,2,45.0,clustered,0.6,1769050149,18,30,30,1.0,0.03333333333333333,0.06666666666666667,2272.722222222222,4525,1,1.0,18
30,3,2,45.0,clustered,0.6,1884659009,18,30,30,1.0,0.03333333333333333,0.06666666666666667,2271.8333333333335,4525,1,1.0,18
30,3,2,45.0,clustered,0.6,478563415,18,30,30,1.0,0.03333333333333333,0.06666666666666667,2280.9444444444443,4525,1,1.0,18
30,3,2,45.0,clustered,0.6,531726323,18,30,30,1.0,0.03333333333333333,0.06666666666666667,2294.6666666666665,4525,1,1.0,18
30,3,2,45.0,clustered,1.0,639756568,30,30,30,1.0,0.03333333333333333,0.06666666666666667,2276.866666666667,4525,1,1.0,30
30,3,2,45.0,clustered,1.0,708189198,30,30,30,1.0,0.03333333333333333,0.06666666666666667,2271.6666666666665,4525,1,1.0,30
30,3,2,45.0,clustered,1.0,838265560,30,30,30,1.0,0.03333333333333333,0.06666666666666667,2280.633333333333,4525,1,1.0,30
30,3,2,45.0,clustered,1.0,2076764288,30,30,30,1.0,0.03333333333333333,0.06666666666666667,2280.6,4525,1,1.0,30
30,3,2,45.0,clustered,1.0,856559449,30,30,30,1.0,0.03333333333333333,0.06666666666666667,2274.6666666666665,4525,1,1.0,30
30,3,2,45.0,clustered,1.0,303717635,30,30,30,1.0,0.03333333333333333,0.06666666666666667,2274.133333333333,4525,1,1.0,30
30,3,2,45.0,clustered,1.0,2137549905,30,30,30,1.0,0.03333333333333333,0.06666666666666667,2289.233333333333,4525,1,1.0,30
30,3,2,45.0,clustered,1.0,1981075019,30,30,30,1.0,0.03333333333333333,0.06666666666666667,2282.733333333333,4525,1,1.0,30
30,3,2,45.0,clustered,1.0,946375588,30,30,30,1.0,0.03333333333333333,0.06666666666666667,2281.2,4525,1,1.0,30
30,3,2,45.0,clustered,1.0,1914628587,30,30,30,1.0,0.03333333333333333,0.06666666666666667,2278.266666666667,4525,1,1.0,30
30,3,2,45.0,dispersed,0.3,115064865,9,30,30,1.0,0.03333333333333333,0.06666666666666667,2033.888888888889,4525,1,1.0,9
30,3,2,45.0,dispersed,0.3,1152024063,9,30,30,1.0,0.03333333333333333,0.06666666666666667,2036.6666666666667,4525,1,1.0,9
30,3,2,45.0,dispersed,0.3,1028439282,9,30,30,1.0,0.03333333333333333,0.06666666666666667,2018.6666666666667,4525,1,1.0,9
30,3,2,45.0,dispersed,0.3,1478420538,9,30,30,1.0,0.03333333333333333,0.06666666666666667,2029.111111111111,4525,1,1.0,9
30,3,2,45.0,dispersed,0.3,2041096323,9,30,30,1.0,0.03333333333333333,0.06666666666666667,2019,4525,1,1.0,9
30,3,2,45.0,dispersed,0.3,1825590520,9,30,30,1.0,0.03333333333333333,0.06666666666666667,2039.111111111111,4525,1,1.0,9
30,3,2,45.0,dispersed,0.3,2029203734,9,30,30,1.0,0.03333333333333333,0.06666666666666667,2024.111111111111,4525,1,1.0,9
30,3,2,45.0,dispersed,0.3,1725457482,9,30,30,1.0,0.03333333333333333,0.06666666666666667,2031.2222222222222,4525,1,1.0,9
30,3,2,45.0,dispersed,0.3,627593590,9,30,30,1.0,0.03333333333333333,0.06666666666666667,2028.4444444444443,4525,1,1.0,9
30,3,2,45.0,dispersed,0.3,131987127,9,30,30,1.0,0.03333333333333333,0.06666666666666667,2034.111111111111,4525,1,1.0,9
30,3,2,45.0,dispersed,0.6,1157815276,18,30,30,1.0,0.03333333333333333,0.06666666666666667,2272.1111111111113,4525,1,1.0,18
30,3,2,45.0,dispersed,0.6,1100510547,18,30,30,1.0,0.03333333333333333,0.06666666666666667,2276.8888888888887,4525,1,1.0,18
30,3,2,45.0,dispersed,0.6,797615317,18,30,30,1.0,0.03333333333333333,0.06666666666666667,2272.6111111111113,4525,1,1.0,18
30,3,2,45.0,dispersed,0.6,773534499,18,30,30,1.0,0.03333333333333333,0.06666666666666667,2276.1666666666665,4525,1,1.0,18
30,3,2,45.0,dispersed,0.6,550560911,18,30,30,1.0,0.03333333333333333,0.06666666666666667,2271.5,4525,1,1.0,18
30,3,2,45.0,dispersed,0.6,1203853139,18,30,30,1.0,0.03333333333333333,0.06666666666666667,2273.6111111111113,4525,1,1.0,18
30,3,2,45.0,dispersed,0.6,75374612,18,30,30,1.0,0.03333333333333333,0.06666666666666667,2278.3333333333335,4525,1,1.0,18
30,3,2,45.0,dispersed,0.6,1124747509,18,30,30,1.0,0.03333333333333333,0.06666666666666667,2277.5555555555557,4525,1,1.0,18
30,3,2,45.0,dispersed,0.6,1678079653,18,30,30,1.0,0.03333333333333333,0.06666666666666667,2281.5555555555557,4525,1,1.0,18
30,3,2,45.0,dispersed,0.6,1386782253,18,30,30,1.0,0.03333333333333333,0.06666666666666667,2274.8333333333335,4525,1,1.0,18
30,3,2,45.0,dispersed,1.0,1781691005,30,30,30,1.0,0.03333333333333333,0.06666666666666667,2275.4666666666667,4525,1,1.0,30
30,3,2,45.0,dispersed,1.0,1839821736,30,30,30,1.0,0.03333333333333333,0.06666666666666667,2285.733333333333,4525,1,1.0,30
30,3,2,45.0,dispersed,1.0,1449103330,30,30,30,1.0,0.03333333333333333,0.06666666666666667,2273,4525,1,1.0,30
30,3,2,45.0,dispersed,1.0,1304995353,30,30,30,1.0,0.03333333333333333,0.06666666666666667,2282.4,4525,1,1.0,30
30,3,2,45.0,dispersed,1.0,1518300866,30,30,30,1.0,0.03333333333333333,0.06666666666666667,2282.6666666666665,4525,1,1.0,30
30,3,2,45.0,dispersed,1.0,5468971,30,30,30,1.0,0.03333333333333333,0.06666666666666667,2276.233333333333,4525,1,1.0,30
30,3,2,45.0,dispersed,1.0,1822680683,30,30,30,1.0,0.03333333333333333,0.06666666666666667,2284.0666666666666,4525,1,1.0,30
30,3,2,45.0,dispersed,1.0,1643733656,30,30,30,1.0,0.03333333333333333,0.06666666666666667,2276.266666666667,4525,1,1.0,30
30,3,2,45.0,dispersed,1.0,2076898344,30,30,30,1.0,0.03333333333333333,0.06666666666666667,2289.1,4525,1,1.0,30
30,3,2,45.0,dispersed,1.0,1589801956,30,30,30,1.0,0.03333333333333333,0.06666666666666667,2275.633333333333,4525,1,1.0,30
30,3,2,60.0,clustered,0.3,620758321,9,30,30,1.0,0.03333333333333333,0.06666666666666667,2090.6666666666665,4525,1,1.0,9
30,3,2,60.0,clustered,0.3,1347040939,9,30,30,1.0,0.03333333333333333,0.06666666666666667,2030.4444444444443,4525,1,1.0,9
30,3,2,60.0,clustered,0.3,280832439,9,30,30,1.0,0.03333333333333333,0.06666666666666667,2038.2222222222222,4525,1,1.0,9
30,3,2,60.0,clustered,0.3,1675714409,9,30,30,1.0,0.03333333333333333,0.06666666666666667,2066,4525,1,1.0,9
30,3,2,60.0,clustered,0.3,795423647,9,30,30,1.0,0.03333333333333333,0.06666666666666667,2047.2222222222222,4525,1,1.0,9
30,3,2,60.0,clustered,0.3,463895307,9,30,30,1.0,0.03333333333333333,0.06666666666666667,2060,4525,1,1.0,9
30,3,2,60.0,clustered,0.3,689441463,9,30,30,1.0,0.03333333333333333,0.06666666666666667,2030,4525,1,1.0,9
30,3,2,60.0,clustered,0.3,1028028803,9,30,30,1.0,0.03333333333333333,0.06666666666666667,2069.3333333333335,4525,1,1.0,9
30,3,2,60.0,clustered,0.3,1343151328,9,30,30,1.0,0.03333333333333333,0.06666666666666667,2076.6666666666665,4525,1,1.0,9
30,3,2,60.0,clustered,0.3,1994550887,9,30,30,1.0,0.03333333333333333,0.06666666666666667,2093.8888888888887,4525,1,1.0,9
30,3,2,60.0,clustered,0.6,949909297,18,30,30,1.0,0.03333333333333333,0.06666666666666667,2317.0555555555557,4525,1,1.0,18
30,3,2,60.0,clustered,0.6,1882650963,18,30,30,1.0,0.03333333333333333,0.06666666666666667,2296.8888888888887,4525,1,1.0,18
30,3,2,60.0,clustered,0.6,1566029593,18,30,30,1.0,0.03333333333333333,0.06666666666666667,2350.0555555555557,4525,1,1.0,18
30,3,2,60.0,clustered,0.6,774614642,18,30,30,1.0,0.03333333333333333,0.06666666666666667,2282.777777777778,4525,1,1.0,18
30,3,2,60.0,clustered,0.6,749090535,18,30,30,1.0,0.03333333333333333,0.06666666666666667,2297.1666666666665,4525,1,1.0,18
30,3,2,60.0,clustered,0.6,1217166331,18,30,30,1.0,0.03333333333333333,0.06666666666666667,2300.0555555555557,4525,1,1.0,18
30,3,2,60.0,clustered,0.6,923628360,18,30,30,1.0,0.03333333333333333,0.06666666666666667,2287.777777777778,4525,1,1.0,18
30,3,2,60.0,clustered,0.6,1751780110,18,30,30,1.0,0.03333333333333333,0.06666666666666667,2302.222222222222,4525,1,1.0,18
30,3,2,60.0,clustered,0.6,1372618302,18,30,30,1.0,0.03333333333333333,0.06666666666666667,2292.3333333333335,4525,1,1.0,18
30,3,2,60.0,clustered,0.6,1681666451,18,30,30,1.0,0.03333333333333333,0.06666666666666667,2278.6111111111113,4525,1,1.0,18
30,3,2,60.0,clustered,1.0,417426383,30,30,30,1.0,0.03333333333333333,0.06666666666666667,2290.4666666666667,4525,1,1.0,30
30,3,2,60.0,clustered,1.0,1482736812,30,30,30,1.0,0.03333333333333333,0.06666666666666667,2287.7,4525,1,1.0,30
30,3,2,60.0,clustered,1.0,1083328317,30,30,30,1.0,0.03333333333333333,0.06666666666666667,2314.733333333333,4525,1,1.0,30
30,3,2,60.0,clustered,1.0,1683012602,30,30,30,1.0,0.03333333333333333,0.06666666666666667,2304.4666666666667,4525,1,1.0,30
30,3,2,60.0,clustered,1.0,1497464464,30,30,30,1.0,0.03333333333333333,0.06666666666666667,2291.9,4525,1,1.0,30
30,3,2,60.0,clustered,1.0,1562844235,30,30,30,1.0,0.03333333333333333,0.06666666666666667,2311.5666666666666,4525,1,1.0,30
30,3,2,60.0,clustered,1.0,754306366,30,30,30,1.0,0.03333333333333333,0.06666666666666667,2300.6,4525,1,1.0,30
30,3,2,60.0,clustered,1.0,1103125900,30,30,30,1.0,0.03333333333333333,0.06666666666666667,2309.3333333333335,4525,1,1.0,30
30,3,2,60.0,clustered,1.0,1657503869,30,30,30,1.0,0.03333333333333333,0.06666666666666667,2312.766666666667,4525,1,1.0,30
30,3,2,60.0,clustered,1.0,1012399904,30,30,30,1.0,0.03333333333333333,0.06666666666666667,2294.233333333333,4525,1,1.0,30
30,3,2,60.0,dispersed,0.3,1083675372,9,30,30,1.0,0.03333333333333333,0.06666666666666667,2055.777777777778,4525,1,1.0,9
30,3,2,60.0,dispersed,0.3,1848020952,9,30,30,1.0,0.03333333333333333,0.06666666666666667,2051.777777777778,4525,1,1.0,9
30,3,2,60.0,dispersed,0.3,1624167086,9,30,30,1.0,0.03333333333333333,0.06666666666666667,2050.4444444444443,4525,1,1.0,9
30,3,2,60.0,dispersed,0.3,587268882,9,30,30,1.0,0.03333333333333333,0.06666666666666667,2033.7777777777778,4525,1,1.0,9
30,3,2,60.0,dispersed,0.3,854239918,9,30,30,1.0,0.03333333333333333,0.06666666666666667,2054.222222222222,4525,1,1.0,9
30,3,2,60.0,dispersed,0.3,633166276,9,30,30,1.0,0.03333333333333333,0.06666666666666667,2041.2222222222222,4525,1,1.0,9
30,3,2,60.0,dispersed,0.3,26763039,9,30,30,1.0,0.03333333333333333,0.06666666666666667,2075.5555555555557,4525,1,1.0,9
30,3,2,60.0,dispersed,0.3,123240475,9,30,30,1.0,0.03333333333333333,0.06666666666666667,2035.2222222222222,4525,1,1.0,9
30,3,2,60.0,dispersed,0.3,3873175,9,30,30,1.0,0.03333333333333333,0.06666666666666667,2029.4444444444443,4525,1,1.0,9
30,3,2,60.0,dispersed,0.3,1064856430,9,30,30,1.0,0.03333333333333333,0.06666666666666667,2085.3333333333335,4525,1,1.0,9
30,3,2,60.0,dispersed,0.6,35755190,18,30,30,1.0,0.03333333333333333,0.06666666666666667,2290.0555555555557,4525,1,1.0,18
30,3,2,60.0,dispersed,0.6,841639308,18,30,30,1.0,0.03333333333333333,0.06666666666666667,2303.8888888888887,4525,1,1.0,18
30,3,2,60.0,dispersed,0.6,1525205127,18,30,30,1.0,0.03333333333333333,0.06666666666666667,2303.5555555555557,4525,1,1.0,18
30,3,2,60.0,dispersed,0.6,1606787336,18,30,30,1.0,0.03333333333333333,0.06666666666666667,2302.8333333333335,4525,1,1.0,18
30,3,2,60.0,dispersed,0.6,96590808,18,30,30,1.0,0.03333333333333333,0.06666666666666667,2312.777777777778,4525,1,1.0,18
30,3,2,60.0,dispersed,0.6,2111057854,18,30,30,1.0,0.03333333333333333,0.06666666666666667,2298.3888888888887,4525,1,1.0,18
30,3,2,60.0,dispersed,0.6,360653428,18,30,30,1.0,0.03333333333333333,0.06666666666666667,2330.277777777778,4525,1,1.0,18
30,3,2,60.0,dispersed,0.6,305729752,18,30,30,1.0,0.03333333333333333,0.06666666666666667,2301.222222222222,4525,1,1.0,18
30,3,2,60.0,dispersed,0.6,649127597,18,30,30,1.0,0.03333333333333333,0.06666666666666667,2300.722222222222,4525,1,1.0,18
30,3,2,60.0,dispersed,0.6,2116525846,18,30,30,1.0,0.03333333333333333,0.06666666666666667,2302.8333333333335,4525,1,1.0,18
30,3,2,60.0,dispersed,1.0,1444815121,30,30,30,1.0,0.03333333333333333,0.06666666666666667,2291.5666666666666,4525,1,1.0,30
30,3,2,60.0,dispersed,1.0,1396678069,30,30,30,1.0,0.03333333333333333,0.06666666666666667,2358.633333333333,4525,1,1.0,30
30,3,2,60.0,dispersed,1.0,405654212,30,30,30,1.0,0.03333333333333333,0.06666666666666667,2296.5333333333333,4525,1,1.0,30
30,3,2,60.0,dispersed,1.0,98238485,30,30,30,1.0,0.03333333333333333,0.06666666666666667,2314.0333333333333,4525,1,1.0,30
30,3,2,60.0,dispersed,1.0,158660177,30,30,30,1.0,0.03333333333333333,0.06666666666666667,2308.5666666666666,4525,1,1.0,30
30,3,2,60.0,dispersed,1.0,1125573652,30,30,30,1.0,0.03333333333333333,0.06666666666666667,2332.1,4525,1,1.0,30
30,3,2,60.0,dispersed,1.0,814706975,30,30,30,1.0,0.03333333333333333,0.06666666666666667,2305.4666666666667,4525,1,1.0,30
30,3,2,60.0,dispersed,1.0,994758592,30,30,30,1.0,0.03333333333333333,0.06666666666666667,2295.233333333333,4525,1,1.0,30
30,3,2,60.0,dispersed,1.0,709608203,30,30,30,1.0,0.03333333333333333,0.06666666666666667,2304.9,4525,1,1.0,30
30,3,2,60.0,dispersed,1.0,1702439010,30,30,30,1.0,0.03333333333333333,0.06666666666666667,2296.5,4525,1,1.0,30
50,3,1,30.0,clustered,0.3,1825531892,15,50,50,1.0,0.02,0.04,11140,20875,1,1.0,15
50,3,1,30.0,clustered,0.3,1710580697,15,50,50,1.0,0.02,0.04,11138.8,20875,1,1.0,15
50,3,1,30.0,clustered,0.3,1330968540,15,50,50,1.0,0.02,0.04,11140.733333333334,20875,1,1.0,15
50,3,1,30.0,clustered,0.3,1912695711,15,50,50,1.0,0.02,0.04,11138.066666666668,20875,1,1.0,15
50,3,1,30.0,clustered,0.3,1057119680,15,50,50,1.0,0.02,0.04,11140.133333333333,20875,1,1.0,15
50,3,1,30.0,clustered,0.3,1521930327,15,50,50,1.0,0.02,0.04,11139,20875,1,1.0,15
50,3,1,30.0,clustered,0.3,103595843,15,50,50,1.0,0.02,0.04,11138.933333333332,20875,1,1.0,15
50,3,1,30.0,clustered,0.3,1301943114,15,50,50,1.0,0.02,0.04,11139.066666666668,20875,1,1.0,15
50,3,1,30.0,clustered,0.3,1623456500,15,50,50,1.0,0.02,0.04,11139.8,20875,1,1.0,15
50,3,1,30.0,clustered,0.3,1302452967,15,50,50,1.0,0.02,0.04,11140.666666666666,20875,1,1.0,15
50,3,1,30.0,clustered,0.6,376829316,30,50,50,1.0,0.02,0.04,10442.733333333334,20875,1,1.0,30
50,3,1,30.0,clustered,0.6,496056551,30,50,50,1.0,0.02,0.04,10443.1,20875,1,1.0,30
50,3,1,30.0,clustered,0.6,208021286,30,50,50,1.0,0.02,0.04,10443.466666666667,20875,1,1.0,30
50,3,1,30.0,clustered,0.6,551710572,30,50,50,1.0,0.02,0.04,10443.866666666667,20875,1,1.0,30
50,3,1,30.0,clustered,0.6,1207022506,30,50,50,1.0,0.02,0.04,10444.1,20875,1,1.0,30
50,3,1,30.0,clustered,0.6,434324687,30,50,50,1.0,0.02,0.04,10443.866666666667,20875,1,1.0,30
50,3,1,30.0,clustered,0.6,618369258,30,50,50,1.0,0.02,0.04,10442.233333333334,20875,1,1.0,30
50,3,1,30.0,clustered,0.6,219516448,30,50,50,1.0,0.02,0.04,10442.8,20875,1,1.0,30
50,3,1,30.0,clustered,0.6,999974540,30,50,50,1.0,0.02,0.04,10444.9,20875,1,1.0,30
50,3,1,30.0,clustered,0.6,167625088,30,50,50,1.0,0.02,0.04,10442.133333333333,20875,1,1.0,30
50,3,1,30.0,clustered,1.0,1825138152,50,50,50,1.0,0.02,0.04,10444.58,20875,1,1.0,50
50,3,1,30.0,clustered,1.0,515912853,50,50,50,1.0,0.02,0.04,10442.98,20875,3,0.96,48|1|1
50,3,1,30.0,clustered,1.0,2014806267,50,50,50,1.0,0.02,0.04,10441.76,20875,1,1.0,50
50,3,1,30.0,clustered,1.0,1464283865,50,50,50,1.0,0.02,0.04,10442.58,20875,1,1.0,50
50,3,1,30.0,clustered,1.0,1915860810,50,50,50,1.0,0.02,0.04,10442.44,20875,1,1.0,50
50,3,1,30.0,clustered,1.0,57754960,50,50,50,1.0,0.02,0.04,10443.86,20875,1,1.0,50
50,3,1,30.0,clustered,1.0,1028132603,50,50,50,1.0,0.02,0.04,10443.54,20875,1,1.0,50
50,3,1,30.0,clustered,1.0,2099874924,50,50,50,1.0,0.02,0.04,10443.62,20875,1,1.0,50
50,3,1,30.0,clustered,1.0,163052423,50,50,50,1.0,0.02,0.04,10442.68,20875,1,1.0,50
50,3,1,30.0,clustered,1.0,1178692165,50,50,50,1.0,0.02,0.04,10443.04,20875,1,1.0,50
50,3,1,30.0,dispersed,0.3,165788388,15,50,50,1.0,0.02,0.04,11140.8,20875,1,1.0,15
50,3,1,30.0,dispersed,0.3,1791294290,15,50,50,1.0,0.02,0.04,11137.866666666667,20875,1,1.0,15
50,3,1,30.0,dispersed,0.3,653946412,15,50,50,1.0,0.02,0.04,11139.333333333334,20875,1,1.0,15
50,3,1,30.0,dispersed,0.3,968431022,15,50,50,1.0,0.02,0.04,11139,20875,1,1.0,15
50,3,1,30.0,dispersed,0.3,1728679201,15,50,50,1.0,0.02,0.04,11139.866666666667,20875,1,1.0,15
50,3,1,30.0,dispersed,0.3,724821978,15,50,50,1.0,0.02,0.04,11136.866666666667,20875,1,1.0,15
50,3,1,30.0,dispersed,0.3,1506808568,15,50,50,1.0,0.02,0.04,11137.866666666667,20875,1,1.0,15
50,3,1,30.0,dispersed,0.3,372345795,15,50,50,1.0,0.02,0.04,11138.6,20875,1,1.0,15
50,3,1,30.0,dispersed,0.3,469979367,15,50,50,1.0,0.02,0.04,11139.266666666666,20875,1,1.0,15
50,3,1,30.0,dispersed,0.3,925711993,15,50,50,1.0,0.02,0.04,11140.266666666666,20875,1,1.0,15
50,3,1,30.0,dispersed,0.6,1823378206,30,50,50,1.0,0.02,0.04,10444.433333333332,20875,1,1.0,30
50,3,1,30.0,dispersed,0.6,156962612,30,50,50,1.0,0.02,0.04,10443.966666666667,20875,1,1.0,30
50,3,1,30.0,dispersed,0.6,1552054073,30,50,50,1.0,0.02,0.04,10443.3,20875,1,1.0,30
50,3,1,30.0,dispersed,0.6,590873870,30,50,50,1.0,0.02,0.04,10445.666666666666,20875,1,1.0,30
50,3,1,30.0,dispersed,0.6,1338540159,30,50,50,1.0,0.02,0.04,10442.266666666666,20875,1,1.0,30
50,3,1,30.0,dispersed,0.6,870916413,30,50,50,1.0,0.02,0.04,10443,20875,1,1.0,30
50,3,1,30.0,dispersed,0.6,1212353761,30,50,50,1.0,0.02,0.04,10442.066666666668,20875,2,0.966667,29|1
50,3,1,30.0,dispersed,0.6,478378298,30,50,50,1.0,0.02,0.04,10445.133333333333,20875,1,1.0,30
50,3,1,30.0,dispersed,0.6,141750846,30,50,50,1.0,0.02,0.04,10442.2,20875,1,1.0,30
50,3,1,30.0,dispersed,0.6,653966927,30,50,50,1.0,0.02,0.04,10444.333333333334,20875,1,1.0,30
50,3,1,30.0,dispersed,1.0,606462148,50,50,50,1.0,0.02,0.04,10443.22,20875,1,1.0,50
50,3,1,30.0,dispersed,1.0,2089000074,50,50,50,1.0,0.02,0.04,10443.28,20875,1,1.0,50
50,3,1,30.0,dispersed,1.0,557421820,50,50,50,1.0,0.02,0.04,10444.58,20875,1,1.0,50
50,3,1,30.0,dispersed,1.0,1104145710,50,50,50,1.0,0.02,0.04,10444.94,20875,1,1.0,50
50,3,1,30.0,dispersed,1.0,1056362694,50,50,50,1.0,0.02,0.04,10443.24,20875,1,1.0,50
50,3,1,30.0,dispersed,1.0,1929700893,50,50,50,1.0,0.02,0.04,10443.6,20875,1,1.0,50
50,3,1,30.0,dispersed,1.0,1704341174,50,50,50,1.0,0.02,0.04,10444.4,20875,1,1.0,50
50,3,1,30.0,dispersed,1.0,383319214,50,50,50,1.0,0.02,0.04,10443.3,20875,1,1.0,50
50,3,1,30.0,dispersed,1.0,429825521,50,50,50,1.0,0.02,0.04,10444.12,20875,1,1.0,50
50,3,1,30.0,dispersed,1.0,199745142,50,50,50,1.0,0.02,0.04,10443.6,20875,1,1.0,50
50,3,1,45.0,clustered,0.3,1588311054,15,50,50,1.0,0.02,0.04,11146.333333333334,20875,1,1.0,15
50,3,1,45.0,clustered,0.3,894591323,15,50,50,1.0,0.02,0.04,11142.466666666667,20875,1,1.0,15
50,3,1,45.0,clustered,0.3,6814190,15,50,50,1.0,0.02,0.04,11141.933333333332,20875,1,1.0,15
50,3,1,45.0,clustered,0.3,149179529,15,50,50,1.0,0.02,0.04,11145.066666666668,20875,1,1.0,15
50,3,1,45.0,clustered,0.3,199190478,15,50,50,1.0,0.02,0.04,11143.733333333334,20875,1,1.0,15
50,3,1,45.0,clustered,0.3,466422491,15,50,50,1.0,0.02,0.04,11145.733333333334,20875,1,1.0,15
50,3,1,45.0,clustered,0.3,499169669,15,50,50,1.0,0.02,0.04,11144.6,20875,1,1.0,15
50,3,1,45.0,clustered,0.3,1175461044,15,50,50,1.0,0.02,0.04,11144.933333333332,20875,1,1.0,15
50,3,1,45.0,clustered,0.3,784493416,15,50,50,1.0,0.02,0.04,11146.333333333334,20875,1,1.0,15
50,3,1,45.0,clustered,0.3,291751240,15,50,50,1.0,0.02,0.04,11142.533333333333,20875,1,1.0,15
50,3,1,45.0,clustered,0.6,2092124073,30,50,50,1.0,0.02,0.04,10447.233333333334,20875,1,1.0,30
50,3,1,45.0,clustered,0.6,1396083140,30,50,50,1.0,0.02,0.04,10446.5,20875,1,1.0,30
50,3,1,45.0,clustered,0.6,613668801,30,50,50,1.0,0.02,0.04,10447.566666666668,20875,1,1.0,30
50,3,1,45.0,clustered,0.6,1701521610,30,50,50,1.0,0.02,0.04,10449.966666666667,20875,1,1.0,30
50,3,1,45.0,clustered,0.6,2060156652,30,50,50,1.0,0.02,0.04,10448.2,20875,1,1.0,30
50,3,1,45.0,clustered,0.6,1300540203,30,50,50,1.0,0.02,0.04,10450.933333333332,20875,1,1.0,30
50,3,1,45.0,clustered,0.6,729899833,30,50,50,1.0,0.02,0.04,10449.933333333332,20875,1,1.0,30
50,3,1,45.0,clustered,0.6,572021936,30,50,50,1.0,0.02,0.04,10450.966666666667,20875,1,1.0,30
50,3,1,45.0,clustered,0.6,909170075,30,50,50,1.0,0.02,0.04,10447.533333333333,20875,1,1.0,30
50,3,1,45.0,clustered,0.6,739791916,30,50,50,1.0,0.02,0.04,10446.466666666667,20875,1,1.0,30
50,3,1,45.0,clustered,1.0,1173447196,50,50,50,1.0,0.02,0.04,10448.86,20875,1,1.0,50
50,3,1,45.0,clustered,1.0,1997939417,50,50,50,1.0,0.02,0.04,10448.08,20875,1,1.0,50
50,3,1,45.0,clustered,1.0,488478442,50,50,50,1.0,0.02,0.04,10445.56,20875,1,1.0,50
50,3,1,45.0,clustered,1.0,464426151,50,50,50,1.0,0.02,0.04,10449.76,20875,1,1.0,50
50,3,1,45.0,clustered,1.0,2077982349,50,50,50,1.0,0.02,0.04,10447.74,20875,1,1.0,50
50,3,1,45.0,clustered,1.0,1162635193,50,50,50,1.0,0.02,0.04,10448,20875,1,1.0,50
50,3,1,45.0,clustered,1.0,2133355697,50,50,50,1.0,0.02,0.04,10447.76,20875,1,1.0,50
50,3,1,45.0,clustered,1.0,476423590,50,50,50,1.0,0.02,0.04,10447.44,20875,1,1.0,50
50,3,1,45.0,clustered,1.0,856442291,50,50,50,1.0,0.02,0.04,10446.96,20875,1,1.0,50
50,3,1,45.0,clustered,1.0,13356822,50,50,50,1.0,0.02,0.04,10449.18,20875,1,1.0,50
50,3,1,45.0,dispersed,0.3,1679485447,15,50,50,1.0,0.02,0.04,11142.933333333332,20875,1,1.0,15
50,3,1,45.0,dispersed,0.3,1221703970,15,50,50,1.0,0.02,0.04,11142.8,20875,1,1.0,15
50,3,1,45.0,dispersed,0.3,312588221,15,50,50,1.0,0.02,0.04,11143.8,20875,1,1.0,15
50,3,1,45.0,dispersed,0.3,1425907045,15,50,50,1.0,0.02,0.04,11144.8,20875,1,1.0,15
50,3,1,45.0,dispersed,0.3,1862650358,15,50,50,1.0,0.02,0.04,11144.533333333333,20875,1,1.0,15
50,3,1,45.0,dispersed,0.3,1998557667,15,50,50,1.0,0.02,0.04,11142.866666666667,20875,1,1.0,15
50,3,1,45.0,dispersed,0.3,1004757193,15,50,50,1.0,0.02,0.04,11142.933333333332,20875,1,1.0,15
50,3,1,45.0,dispersed,0.3,1566803169,15,50,50,1.0,0.02,0.04,11143.866666666667,20875,1,1.0,15
50,3,1,45.0,dispersed,0.3,1410852846,15,50,50,1.0,0.02,0.04,11144.066666666668,20875,1,1.0,15
50,3,1,45.0,dispersed,0.3,1940633200,15,50,50,1.0,0.02,0.04,11142.6,20875,1,1.0,15
50,3,1,45.0,dispersed,0.6,1006002791,30,50,50,1.0,0.02,0.04,10445.3,20875,1,1.0,30
50,3,1,45.0,dispersed,0.6,732154488,30,50,50,1.0,0.02,0.04,10449.9,20875,1,1.0,30
50,3,1,45.0,dispersed,0.6,825136050,30,50,50,1.0,0.02,0.04,10446.533333333333,20875,1,1.0,30
50,3,1,45.0,dispersed,0.6,2023417942,30,50,50,1.0,0.02,0.04,10448.533333333333,20875,1,1.0,30
50,3,1,45.0,dispersed,0.6,669796987,30,50,50,1.0,0.02,0.04,10446.633333333333,20875,1,1.0,30
50,3,1,45.0,dispersed,0.6,1312930443,30,50,50,1.0,0.02,0.04,10450.333333333334,20875,1,1.0,30
50,3,1,45.0,dispersed,0.6,1832419191,30,50,50,1.0,0.02,0.04,10447.466666666667,20875,1,1.0,30
50,3,1,45.0,dispersed,0.6,1884688967,30,50,50,1.0,0.02,0.04,10447.366666666667,20875,1,1.0,30
50,3,1,45.0,dispersed,0.6,808565870,30,50,50,1.0,0.02,0.04,10446.033333333333,20875,1,1.0,30
50,3,1,45.0,dispersed,0.6,688867061,30,50,50,1.0,0.02,0.04,10449.2,20875,1,1.0,30
50,3,1,45.0,dispersed,1.0,35133600,50,50,50,1.0,0.02,0.04,10448.88,20875,1,1.0,50
50,3,1,45.0,dispersed,1.0,364739001,50,50,50,1.0,0.02,0.04,10448.34,20875,1,1.0,50
50,3,1,45.0,dispersed,1.0,280448718,50,50,50,1.0,0.02,0.04,10446.48,20875,1,1.0,50
50,3,1,45.0,dispersed,1.0,1177652512,50,50,50,1.0,0.02,0.04,10449.3,20875,1,1.0,50
50,3,1,45.0,dispersed,1.0,970672913,50,50,50,1.0,0.02,0.04,10447.96,20875,1,1.0,50
50,3,1,45.0,dispersed,1.0,1367078696,50,50,50,1.0,0.02,0.04,10446.48,20875,1,1.0,50
50,3,1,45.0,dispersed,1.0,298079525,50,50,50,1.0,0.02,0.04,10446.94,20875,1,1.0,50
50,3,1,45.0,dispersed,1.0,1080003667,50,50,50,1.0,0.02,0.04,10449.54,20875,1,1.0,50
50,3,1,45.0,dispersed,1.0,387948321,50,50,50,1.0,0.02,0.04,10444.5,20875,1,1.0,50
50,3,1,45.0,dispersed,1.0,323986363,50,50,50,1.0,0.02,0.04,10447.02,20875,1,1.0,50
50,3,1,60.0,clustered,0.3,1107046353,15,50,50,1.0,0.02,0.04,11146.466666666667,20875,1,1.0,15
50,3,1,60.0,clustered,0.3,627534677,15,50,50,1.0,0.02,0.04,11145.133333333333,20875,1,1.0,15
50,3,1,60.0,clustered,0.3,1661760101,15,50,50,1.0,0.02,0.04,11144.733333333334,20875,1,1.0,15
50,3,1,60.0,clustered,0.3,810785990,15,50,50,1.0,0.02,0.04,11146.866666666667,20875,1,1.0,15
50,3,1,60.0,clustered,0.3,793800970,15,50,50,1.0,0.02,0.04,11146.866666666667,20875,1,1.0,15
50,3,1,60.0,clustered,0.3,1379217695,15,50,50,1.0,0.02,0.04,11146.066666666668,20875,1,1.0,15
50,3,1,60.0,clustered,0.3,908024651,15,50,50,1.0,0.02,0.04,11147.533333333333,20875,1,1.0,15
50,3,1,60.0,clustered,0.3,1294732103,15,50,50,1.0,0.02,0.04,11144.733333333334,20875,1,1.0,15
50,3,1,60.0,clustered,0.3,1903686393,15,50,50,1.0,0.02,0.04,11146.866666666667,20875,1,1.0,15
50,3,1,60.0,clustered,0.3,528358565,15,50,50,1.0,0.02,0.04,11146.933333333332,20875,1,1.0,15
50,3,1,60.0,clustered,0.6,1207814400,30,50,50,1.0,0.02,0.04,10450.966666666667,20875,1,1.0,30
50,3,1,60.0,clustered,0.6,1953121278,30,50,50,1.0,0.02,0.04,10449.233333333334,20875,1,1.0,30
50,3,1,60.0,clustered,0.6,783648199,30,50,50,1.0,0.02,0.04,10450.8,20875,1,1.0,30
50,3,1,60.0,clustered,0.6,612610159,30,50,50,1.0,0.02,0.04,10448.466666666667,20875,1,1.0,30
50,3,1,60.0,clustered,0.6,873367781,30,50,50,1.0,0.02,0.04,10450.5,20875,1,1.0,30
50,3,1,60.0,clustered,0.6,351979189,30,50,50,1.0,0.02,0.04,10450.666666666666,20875,1,1.0,30
50,3,1,60.0,clustered,0.6,1459387892,30,50,50,1.0,0.02,0.04,10452.366666666667,20875,1,1.0,30
50,3,1,60.0,clustered,0.6,1103235563,30,50,50,1.0,0.02,0.04,10450.433333333332,20875,1,1.0,30
50,3,1,60.0,clustered,0.6,211672708,30,50,50,1.0,0.02,0.04,10450.033333333333,20875,1,1.0,30
50,3,1,60.0,clustered,0.6,1292577498,30,50,50,1.0,0.02,0.04,10452.566666666668,20875,1,1.0,30
50,3,1,60.0,clustered,1.0,1150785580,50,50,50,1.0,0.02,0.04,10450.6,20875,1,1.0,50
50,3,1,60.0,clustered,1.0,200229102,50,50,50,1.0,0.02,0.04,10450.62,20875,1,1.0,50
50,3,1,60.0,clustered,1.0,251378610,50,50,50,1.0,0.02,0.04,10447.64,20875,1,1.0,50
50,3,1,60.0,clustered,1.0,103837510,50,50,50,1.0,0.02,0.04,10447.06,20875,1,1.0,50
50,3,1,60.0,clustered,1.0,1590960454,50,50,50,1.0,0.02,0.04,10452.84,20875,1,1.0,50
50,3,1,60.0,clustered,1.0,1664305780,50,50,50,1.0,0.02,0.04,10448.78,20875,1,1.0,50
50,3,1,60.0,clustered,1.0,1533970449,50,50,50,1.0,0.02,0.04,10447.9,20875,1,1.0,50
50,3,1,60.0,clustered,1.0,510671058,50,50,50,1.0,0.02,0.04,10451.98,20875,1,1.0,50
50,3,1,60.0,clustered,1.0,98467507,50,50,50,1.0,0.02,0.04,10449.5,20875,1,1.0,50
50,3,1,60.0,clustered,1.0,830447449,50,50,50,1.0,0.02,0.04,10452,20875,1,1.0,50
50,3,1,60.0,dispersed,0.3,457329009,15,50,50,1.0,0.02,0.04,11147.4,20875,1,1.0,15
50,3,1,60.0,dispersed,0.3,1590653039,15,50,50,1.0,0.02,0.04,11145.933333333332,20875,1,1.0,15
50,3,1,60.0,dispersed,0.3,1514411425,15,50,50,1.0,0.02,0.04,11146.666666666666,20875,1,1.0,15
50,3,1,60.0,dispersed,0.3,1877336530,15,50,50,1.0,0.02,0.04,11143.266666666666,20875,1,1.0,15
50,3,1,60.0,dispersed,0.3,121259480,15,50,50,1.0,0.02,0.04,11143.2,20875,1,1.0,15
50,3,1,60.0,dispersed,0.3,57580496,15,50,50,1.0,0.02,0.04,11148.733333333334,20875,1,1.0,15
50,3,1,60.0,dispersed,0.3,547951441,15,50,50,1.0,0.02,0.04,11146.066666666668,20875,1,1.0,15
50,3,1,60.0,dispersed,0.3,1080787589,15,50,50,1.0,0.02,0.04,11146.2,20875,1,1.0,15
50,3,1,60.0,dispersed,0.3,1926465024,15,50,50,1.0,0.02,0.04,11145.266666666666,20875,1,1.0,15
50,3,1,60.0,dispersed,0.3,902488563,15,50,50,1.0,0.02,0.04,11146.2,20875,1,1.0,15
50,3,1,60.0,dispersed,0.6,825315531,30,50,50,1.0,0.02,0.04,10449.9,20875,1,1.0,30
50,3,1,60.0,dispersed,0.6,1343946728,30,50,50,1.0,0.02,0.04,10450.7,20875,1,1.0,30
50,3,1,60.0,dispersed,0.6,1995599354,30,50,50,1.0,0.02,0.04,10449.133333333333,20875,1,1.0,30
50,3,1,60.0,dispersed,0.6,1137415600,30,50,50,1.0,0.02,0.04,10452.4,20875,1,1.0,30
50,3,1,60.0,dispersed,0.6,1597513625,30,50,50,1.0,0.02,0.04,10451.833333333334,20875,1,1.0,30
50,3,1,60.0,dispersed,0.6,348978662,30,50,50,1.0,0.02,0.04,10450,20875,1,1.0,30
50,3,1,60.0,dispersed,0.6,595836827,30,50,50,1.0,0.02,0.04,10452.433333333332,20875,1,1.0,30
50,3,1,60.0,dispersed,0.6,934587695,30,50,50,1.0,0.02,0.04,10453,20875,1,1.0,30
50,3,1,60.0,dispersed,0.6,390310602,30,50,50,1.0,0.02,0.04,10450.9,20875,1,1.0,30
50,3,1,60.0,dispersed,0.6,106997915,30,50,50,1.0,0.02,0.04,10448.2,20875,1,1.0,30
50,3,1,60.0,dispersed,1.0,838074204,50,50,50,1.0,0.02,0.04,10447.2,20875,1,1.0,50
50,3,1,60.0,dispersed,1.0,1896777367,50,50,50,1.0,0.02,0.04,10449.52,20875,1,1.0,50
50,3,1,60.0,dispersed,1.0,1215466360,50,50,50,1.0,0.02,0.04,10451.38,20875,1,1.0,50
50,3,1,60.0,dispersed,1.0,1438280883,50,50,50,1.0,0.02,0.04,10450,20875,1,1.0,50
50,3,1,60.0,dispersed,1.0,746154047,50,50,50,1.0,0.02,0.04,10451.58,20875,1,1.0,50
50,3,1,60.0,dispersed,1.0,1888304922,50,50,50,1.0,0.02,0.04,10447.46,20875,1,1.0,50
50,3,1,60.0,dispersed,1.0,1512718197,50,50,50,1.0,0.02,0.04,10447.88,20875,1,1.0,50
50,3,1,60.0,dispersed,1.0,1681209657,50,50,50,1.0,0.02,0.04,10449.24,20875,1,1.0,50
50,3,1,60.0,dispersed,1.0,1616656591,50,50,50,1.0,0.02,0.04,10451.04,20875,1,1.0,50
50,3,1,60.0,dispersed,1.0,2000531826,50,50,50,1.0,0.02,0.04,10450.6,20875,1,1.0,50
50,3,2,30.0,clustered,0.3,217094431,15,50,50,1.0,0.02,0.04,11141.2,20875,1,1.0,15
50,3,2,30.0,clustered,0.3,136203900,15,50,50,1.0,0.02,0.04,11143.466666666667,20875,1,1.0,15
50,3,2,30.0,clustered,0.3,1886449553,15,50,50,1.0,0.02,0.04,11138.733333333334,20875,1,1.0,15
50,3,2,30.0,clustered,0.3,405107457,15,50,50,1.0,0.02,0.04,11142.666666666666,20875,1,1.0,15
50,3,2,30.0,clustered,0.3,2132255701,15,50,50,1.0,0.02,0.04,11141.866666666667,20875,1,1.0,15
50,3,2,30.0,clustered,0.3,6088568,15,50,50,1.0,0.02,0.04,11138.4,20875,1,1.0,15
50,3,2,30.0,clustered,0.3,1693239319,15,50,50,1.0,0.02,0.04,11139.866666666667,20875,1,1.0,15
50,3,2,30.0,clustered,0.3,340917023,15,50,50,1.0,0.02,0.04,11142.733333333334,20875,1,1.0,15
50,3,2,30.0,clustered,0.3,837731086,15,50,50,1.0,0.02,0.04,11137.066666666668,20875,1,1.0,15
50,3,2,30.0,clustered,0.3,75357978,15,50,50,1.0,0.02,0.04,11144.333333333334,20875,1,1.0,15
50,3,2,30.0,clustered,0.6,518171716,30,50,50,1.0,0.02,0.04,10444.9,20875,1,1.0,30
50,3,2,30.0,clustered,0.6,132562376,30,50,50,1.0,0.02,0.04,10443.033333333333,20875,1,1.0,30
50,3,2,30.0,clustered,0.6,1891282341,30,50,50,1.0,0.02,0.04,10452.833333333334,20875,1,1.0,30
50,3,2,30.0,clustered,0.6,1500815186,30,50,50,1.0,0.02,0.04,10444.766666666666,20875,1,1.0,30
50,3,2,30.0,clustered,0.6,4505901,30,50,50,1.0,0.02,0.04,10444.2,20875,2,0.966667,29|1
50,3,2,30.0,clustered,0.6,247448490,30,50,50,1.0,0.02,0.04,10447.766666666666,20875,1,1.0,30
50,3,2,30.0,clustered,0.6,607558005,30,50,50,1.0,0.02,0.04,10443.5,20875,1,1.0,30
50,3,2,30.0,clustered,0.6,64052444,30,50,50,1.0,0.02,0.04,10445.7,20875,1,1.0,30
50,3,2,30.0,clustered,0.6,1634260240,30,50,50,1.0,0.02,0.04,10447.066666666668,20875,1,1.0,30
50,3,2,30.0,clustered,0.6,2124663439,30,50,50,1.0,0.02,0.04,10445.633333333333,20875,1,1.0,30
50,3,2,30.0,clustered,1.0,2045044234,50,50,50,1.0,0.02,0.04,10443.42,20875,2,0.98,49|1
50,3,2,30.0,clustered,1.0,503497637,50,50,50,1.0,0.02,0.04,10447.08,20875,1,1.0,50
50,3,2,30.0,clustered,1.0,672743373,50,50,50,1.0,0.02,0.04,10441.58,20875,2,0.98,49|1
50,3,2,30.0,clustered,1.0,107216728,50,50,50,1.0,0.02,0.04,10444.04,20875,1,1.0,50
50,3,2,30.0,clustered,1.0,1092424525,50,50,50,1.0,0.02,0.04,10444.84,20875,1,1.0,50
50,3,2,30.0,clustered,1.0,1624649658,50,50,50,1.0,0.02,0.04,10444.5,20875,1,1.0,50
50,3,2,30.0,clustered,1.0,1032396116,50,50,50,1.0,0.02,0.04,10445.68,20875,1,1.0,50
50,3,2,30.0,clustered,1.0,1765155072,50,50,50,1.0,0.02,0.04,10447.4,20875,1,1.0,50
50,3,2,30.0,clustered,1.0,1944876499,50,50,50,1.0,0.02,0.04,10444.08,20875,2,0.98,49|1
50,3,2,30.0,clustered,1.0,1746200145,50,50,50,1.0,0.02,0.04,10444.4,20875,1,1.0,50
50,3,2,30.0,dispersed,0.3,1550586504,15,50,50,1.0,0.02,0.04,11138.866666666667,20875,1,1.0,15
50,3,2,30.0,dispersed,0.3,1478970502,15,50,50,1.0,0.02,0.04,11139.6,20875,1,1.0,15
50,3,2,30.0,dispersed,0.3,226060811,15,50,50,1.0,0.02,0.04,11142,20875,1,1.0,15
50,3,2,30.0,dispersed,0.3,2079839393,15,50,50,1.0,0.02,0.04,11141.733333333334,20875,1,1.0,15
50,3,2,30.0,dispersed,0.3,1117385644,15,50,50,1.0,0.02,0.04,11146.466666666667,20875,1,1.0,15
50,3,2,30.0,dispersed,0.3,1639316868,15,50,50,1.0,0.02,0.04,11140.533333333333,20875,1,1.0,15
50,3,2,30.0,dispersed,0.3,506352689,15,50,50,1.0,0.02,0.04,11137.466666666667,20875,1,1.0,15
50,3,2,30.0,dispersed,0.3,101913170,15,50,50,1.0,0.02,0.04,11141.666666666666,20875,1,1.0,15
50,3,2,30.0,dispersed,0.3,1731620212,15,50,50,1.0,0.02,0.04,11141.666666666666,20875,1,1.0,15
50,3,2,30.0,dispersed,0.3,933898556,15,50,50,1.0,0.02,0.04,11140.733333333334,20875,1,1.0,15
50,3,2,30.0,dispersed,0.6,1006198997,30,50,50,1.0,0.02,0.04,10443.533333333333,20875,2,0.966667,29|1
50,3,2,30.0,dispersed,0.6,574889715,30,50,50,1.0,0.02,0.04,10447.633333333333,20875,1,1.0,30
50,3,2,30.0,dispersed,0.6,2019991169,30,50,50,1.0,0.02,0.04,10444.866666666667,20875,1,1.0,30
50,3,2,30.0,dispersed,0.6,1557972925,30,50,50,1.0,0.02,0.04,10446.2,20875,1,1.0,30
50,3,2,30.0,dispersed,0.6,314832464,30,50,50,1.0,0.02,0.04,10445.6,20875,1,1.0,30
50,3,2,30.0,dispersed,0.6,518795074,30,50,50,1.0,0.02,0.04,10443.766666666666,20875,1,1.0,30
50,3,2,30.0,dispersed,0.6,1772948661,30,50,50,1.0,0.02,0.04,10441.566666666668,20875,1,1.0,30
50,3,2,30.0,dispersed,0.6,1637240425,30,50,50,1.0,0.02,0.04,10444.1,20875,1,1.0,30
50,3,2,30.0,dispersed,0.6,2029446058,30,50,50,1.0,0.02,0.04,10443.666666666666,20875,1,1.0,30
50,3,2,30.0,dispersed,0.6,194288443,30,50,50,1.0,0.02,0.04,10445.233333333334,20875,1,1.0,30
50,3,2,30.0,dispersed,1.0,759827070,50,50,50,1.0,0.02,0.04,10445,20875,1,1.0,50
50,3,2,30.0,dispersed,1.0,422812066,50,50,50,1.0,0.02,0.04,10445.78,20875,1,1.0,50
50,3,2,30.0,dispersed,1.0,327012425,50,50,50,1.0,0.02,0.04,10442.62,20875,1,1.0,50
50,3,2,30.0,dispersed,1.0,748739618,50,50,50,1.0,0.02,0.04,10445.08,20875,1,1.0,50
50,3,2,30.0,dispersed,1.0,1735200996,50,50,50,1.0,0.02,0.04,10445.16,20875,1,1.0,50
50,3,2,30.0,dispersed,1.0,2121971323,50,50,50,1.0,0.02,0.04,10444.66,20875,1,1.0,50
50,3,2,30.0,dispersed,1.0,958406010,50,50,50,1.0,0.02,0.04,10443.8,20875,1,1.0,50
50,3,2,30.0,dispersed,1.0,762555502,50,50,50,1.0,0.02,0.04,10444.46,20875,1,1.0,50
50,3,2,30.0,dispersed,1.0,204826155,50,50,50,1.0,0.02,0.04,10445.22,20875,1,1.0,50
50,3,2,30.0,dispersed,1.0,1230848779,50,50,50,1.0,0.02,0.04,10444.6,20875,1,1.0,50
50,3,2,45.0,clustered,0.3,1746210817,15,50,50,1.0,0.02,0.04,11165.466666666667,20875,1,1.0,15
50,3,2,45.0,clustered,0.3,1421962111,15,50,50,1.0,0.02,0.04,11179.6,20875,1,1.0,15
50,3,2,45.0,clustered,0.3,1665967203,15,50,50,1.0,0.02,0.04,11191,20875,1,1.0,15
50,3,2,45.0,clustered,0.3,60178923,15,50,50,1.0,0.02,0.04,11198.533333333333,20875,1,1.0,15
50,3,2,45.0,clustered,0.3,682663175,15,50,50,1.0,0.02,0.04,11152.133333333333,20875,1,1.0,15
50,3,2,45.0,clustered,0.3,229327244,15,50,50,1.0,0.02,0.04,11193.733333333334,20875,1,1.0,15
50,3,2,45.0,clustered,0.3,428563166,15,50,50,1.0,0.02,0.04,11178.466666666667,20875,1,1.0,15
50,3,2,45.0,clustered,0.3,776896988,15,50,50,1.0,0.02,0.04,11159.2,20875,1,1.0,15
50,3,2,45.0,clustered,0.3,759670610,15,50,50,1.0,0.02,0.04,11148.6,20875,1,1.0,15
50,3,2,45.0,clustered,0.3,719057524,15,50,50,1.0,0.02,0.04,11173.733333333334,20875,1,1.0,15
50,3,2,45.0,clustered,0.6,2115274722,30,50,50,1.0,0.02,0.04,10476.766666666666,20875,1,1.0,30
50,3,2,45.0,clustered,0.6,1887844489,30,50,50,1.0,0.02,0.04,10475.833333333334,20875,1,1.0,30
50,3,2,45.0,clustered,0.6,646829618,30,50,50,1.0,0.02,0.04,10463.866666666667,20875,1,1.0,30
50,3,2,45.0,clustered,0.6,258147500,30,50,50,1.0,0.02,0.04,10460.4,20875,1,1.0,30
50,3,2,45.0,clustered,0.6,312461980,30,50,50,1.0,0.02,0.04,10493.1,20875,1,1.0,30
50,3,2,45.0,clustered,0.6,990561767,30,50,50,1.0,0.02,0.04,10467.766666666666,20875,1,1.0,30
50,3,2,45.0,clustered,0.6,159112271,30,50,50,1.0,0.02,0.04,10478.633333333333,20875,1,1.0,30
50,3,2,45.0,clustered,0.6,667756556,30,50,50,1.0,0.02,0.04,10469.8,20875,1,1.0,30
50,3,2,45.0,clustered,0.6,824379562,30,50,50,1.0,0.02,0.04,10458.966666666667,20875,1,1.0,30
50,3,2,45.0,clustered,0.6,1993582996,30,50,50,1.0,0.02,0.04,10473.433333333332,20875,1,1.0,30
50,3,2,45.0,clustered,1.0,1195403483,50,50,50,1.0,0.02,0.04,10475.54,20875,1,1.0,50
50,3,2,45.0,clustered,1.0,644308760,50,50,50,1.0,0.02,0.04,10476.04,20875,1,1.0,50
50,3,2,45.0,clustered,1.0,442079883,50,50,50,1.0,0.02,0.04,10474.32,20875,1,1.0,50
50,3,2,45.0,clustered,1.0,1705686979,50,50,50,1.0,0.02,0.04,10471.54,20875,1,1.0,50
50,3,2,45.0,clustered,1.0,2007921345,50,50,50,1.0,0.02,0.04,10486.48,20875,1,1.0,50
50,3,2,45.0,clustered,1.0,528238937,50,50,50,1.0,0.02,0.04,10489.76,20875,1,1.0,50
50,3,2,45.0,clustered,1.0,125357669,50,50,50,1.0,0.02,0.04,10485.92,20875,1,1.0,50
50,3,2,45.0,clustered,1.0,319068036,50,50,50,1.0,0.02,0.04,10477.24,20875,1,1.0,50
50,3,2,45.0,clustered,1.0,1699398741,50,50,50,1.0,0.02,0.04,10466.08,20875,1,1.0,50
50,3,2,45.0,clustered,1.0,1167653776,50,50,50,1.0,0.02,0.04,10485.98,20875,1,1.0,50
50,3,2,45.0,dispersed,0.3,1699470985,15,50,50,1.0,0.02,0.04,11158.4,20875,1,1.0,15
50,3,2,45.0,dispersed,0.3,250985564,15,50,50,1.0,0.02,0.04,11176,20875,1,1.0,15
50,3,2,45.0,dispersed,0.3,525280367,15,50,50,1.0,0.02,0.04,11154.6,20875,1,1.0,15
50,3,2,45.0,dispersed,0.3,1932236854,15,50,50,1.0,0.02,0.04,11170.666666666666,20875,1,1.0,15
50,3,2,45.0,dispersed,0.3,1650538256,15,50,50,1.0,0.02,0.04,11181.333333333334,20875,1,1.0,15
50,3,2,45.0,dispersed,0.3,442474679,15,50,50,1.0,0.02,0.04,11184.933333333332,20875,1,1.0,15
50,3,2,45.0,dispersed,0.3,253698384,15,50,50,1.0,0.02,0.04,11164.533333333333,20875,1,1.0,15
50,3,2,45.0,dispersed,0.3,533619967,15,50,50,1.0,0.02,0.04,11159.666666666666,20875,1,1.0,15
50,3,2,45.0,dispersed,0.3,364475346,15,50,50,1.0,0.02,0.04,11169.466666666667,20875,1,1.0,15
50,3,2,45.0,dispersed,0.3,1509309869,15,50,50,1.0,0.02,0.04,11167.866666666667,20875,1,1.0,15
50,3,2,45.0,dispersed,0.6,1470078056,30,50,50,1.0,0.02,0.04,10466.933333333332,20875,1,1.0,30
50,3,2,45.0,dispersed,0.6,438950701,30,50,50,1.0,0.02,0.04,10490.233333333334,20875,1,1.0,30
50,3,2,45.0,dispersed,0.6,1611290533,30,50,50,1.0,0.02,0.04,10471.266666666666,20875,1,1.0,30
50,3,2,45.0,dispersed,0.6,846421741,30,50,50,1.0,0.02,0.04,10477.866666666667,20875,1,1.0,30
50,3,2,45.0,dispersed,0.6,1709934748,30,50,50,1.0,0.02,0.04,10474.366666666667,20875,1,1.0,30
50,3,2,45.0,dispersed,0.6,293182878,30,50,50,1.0,0.02,0.04,10470.7,20875,1,1.0,30
50,3,2,45.0,dispersed,0.6,231161546,30,50,50,1.0,0.02,0.04,10468.866666666667,20875,1,1.0,30
50,3,2,45.0,dispersed,0.6,358346302,30,50,50,1.0,0.02,0.04,10470.2,20875,1,1.0,30
50,3,2,45.0,dispersed,0.6,733843589,30,50,50,1.0,0.02,0.04,10474.333333333334,20875,1,1.0,30
50,3,2,45.0,dispersed,0.6,559807658,30,50,50,1.0,0.02,0.04,10474,20875,1,1.0,30
50,3,2,45.0,dispersed,1.0,152577758,50,50,50,1.0,0.02,0.04,10482.32,20875,1,1.0,50
50,3,2,45.0,dispersed,1.0,157398718,50,50,50,1.0,0.02,0.04,10466.58,20875,1,1.0,50
50,3,2,45.0,dispersed,1.0,778373778,50,50,50,1.0,0.02,0.04,10474.12,20875,1,1.0,50
50,3,2,45.0,dispersed,1.0,661375618,50,50,50,1.0,0.02,0.04,10461.06,20875,1,1.0,50
50,3,2,45.0,dispersed,1.0,1648255303,50,50,50,1.0,0.02,0.04,10482.54,20875,1,1.0,50
50,3,2,45.0,dispersed,1.0,1506905481,50,50,50,1.0,0.02,0.04,10491.44,20875,1,1.0,50
50,3,2,45.0,dispersed,1.0,288789967,50,50,50,1.0,0.02,0.04,10473.08,20875,1,1.0,50
50,3,2,45.0,dispersed,1.0,353897457,50,50,50,1.0,0.02,0.04,10474.1,20875,1,1.0,50
50,3,2,45.0,dispersed,1.0,2065684053,50,50,50,1.0,0.02,0.04,10469.1,20875,1,1.0,50
50,3,2,45.0,dispersed,1.0,471663869,50,50,50,1.0,0.02,0.04,10468.2,20875,1,1.0,50
50,3,2,60.0,clustered,0.3,1618811247,15,50,50,1.0,0.02,0.04,11243.666666666666,20875,1,1.0,15
50,3,2,60.0,clustered,0.3,2044979176,15,50,50,1.0,0.02,0.04,11183.333333333334,20875,1,1.0,15
50,3,2,60.0,clustered,0.3,1561792149,15,50,50,1.0,0.02,0.04,11260,20875,1,1.0,15
50,3,2,60.0,clustered,0.3,1364920142,15,50,50,1.0,0.02,0.04,11218.066666666668,20875,1,1.0,15
50,3,2,60.0,clustered,0.3,1283759914,15,50,50,1.0,0.02,0.04,11214.333333333334,20875,1,1.0,15
50,3,2,60.0,clustered,0.3,458260786,15,50,50,1.0,0.02,0.04,11218.8,20875,1,1.0,15
50,3,2,60.0,clustered,0.3,758220938,15,50,50,1.0,0.02,0.04,11214.066666666668,20875,1,1.0,15
50,3,2,60.0,clustered,0.3,1729204984,15,50,50,1.0,0.02,0.04,11255.333333333334,20875,1,1.0,15
50,3,2,60.0,clustered,0.3,1489857794,15,50,50,1.0,0.02,0.04,11201.866666666667,20875,1,1.0,15
50,3,2,60.0,clustered,0.3,180083858,15,50,50,1.0,0.02,0.04,11223.733333333334,20875,1,1.0,15
50,3,2,60.0,clustered,0.6,1160978197,30,50,50,1.0,0.02,0.04,10555.7,20875,1,1.0,30
50,3,2,60.0,clustered,0.6,1462822365,30,50,50,1.0,0.02,0.04,10543.833333333334,20875,1,1.0,30
50,3,2,60.0,clustered,0.6,2026198106,30,50,50,1.0,0.02,0.04,10582.2,20875,1,1.0,30
50,3,2,60.0,clustered,0.6,1761208440,30,50,50,1.0,0.02,0.04,10509.233333333334,20875,1,1.0,30
50,3,2,60.0,clustered,0.6,891448270,30,50,50,1.0,0.02,0.04,10514.366666666667,20875,1,1.0,30
50,3,2,60.0,clustered,0.6,1474787609,30,50,50,1.0,0.02,0.04,10522.4,20875,1,1.0,30
50,3,2,60.0,clustered,0.6,502444859,30,50,50,1.0,0.02,0.04,10513.3,20875,1,1.0,30
50,3,2,60.0,clustered,0.6,1702647663,30,50,50,1.0,0.02,0.04,10578.9,20875,1,1.0,30
50,3,2,60.0,clustered,0.6,413780160,30,50,50,1.0,0.02,0.04,10555.333333333334,20875,1,1.0,30
50,3,2,60.0,clustered,0.6,764563653,30,50,50,1.0,0.02,0.04,10520.4,20875,1,1.0,30
50,3,2,60.0,clustered,1.0,1317599433,50,50,50,1.0,0.02,0.04,10580.02,20875,1,1.0,50
50,3,2,60.0,clustered,1.0,290701181,50,50,50,1.0,0.02,0.04,10546.44,20875,1,1.0,50
50,3,2,60.0,clustered,1.0,1438996519,50,50,50,1.0,0.02,0.04,10526.78,20875,1,1.0,50
50,3,2,60.0,clustered,1.0,984012614,50,50,50,1.0,0.02,0.04,10598.3,20875,1,1.0,50
50,3,2,60.0,clustered,1.0,1838314186,50,50,50,1.0,0.02,0.04,10521.12,20875,1,1.0,50
50,3,2,60.0,clustered,1.0,1052179511,50,50,50,1.0,0.02,0.04,10540.5,20875,1,1.0,50
50,3,2,60.0,clustered,1.0,813780054,50,50,50,1.0,0.02,0.04,10527.72,20875,1,1.0,50
50,3,2,60.0,clustered,1.0,2080866578,50,50,50,1.0,0.02,0.04,10518.5,20875,1,1.0,50
50,3,2,60.0,clustered,1.0,1325161294,50,50,50,1.0,0.02,0.04,10530.76,20875,1,1.0,50
50,3,2,60.0,clustered,1.0,1548636252,50,50,50,1.0,0.02,0.04,10513.28,20875,1,1.0,50
50,3,2,60.0,dispersed,0.3,1023061629,15,50,50,1.0,0.02,0.04,11259.6,20875,1,1.0,15
50,3,2,60.0,dispersed,0.3,289626190,15,50,50,1.0,0.02,0.04,11207.8,20875,1,1.0,15
50,3,2,60.0,dispersed,0.3,494377228,15,50,50,1.0,0.02,0.04,11263,20875,1,1.0,15
50,3,2,60.0,dispersed,0.3,117615101,15,50,50,1.0,0.02,0.04,11248.333333333334,20875,1,1.0,15
50,3,2,60.0,dispersed,0.3,606941096,15,50,50,1.0,0.02,0.04,11204.8,20875,1,1.0,15
50,3,2,60.0,dispersed,0.3,34477121,15,50,50,1.0,0.02,0.04,11204.2,20875,1,1.0,15
50,3,2,60.0,dispersed,0.3,1720984095,15,50,50,1.0,0.02,0.04,11215.666666666666,20875,1,1.0,15
50,3,2,60.0,dispersed,0.3,1652030416,15,50,50,1.0,0.02,0.04,11283.266666666666,20875,1,1.0,15
50,3,2,60.0,dispersed,0.3,616664228,15,50,50,1.0,0.02,0.04,11218,20875,1,1.0,15
50,3,2,60.0,dispersed,0.3,2061089431,15,50,50,1.0,0.02,0.04,11228.133333333333,20875,1,1.0,15
50,3,2,60.0,dispersed,0.6,1862550150,30,50,50,1.0,0.02,0.04,10591.033333333333,20875,1,1.0,30
50,3,2,60.0,dispersed,0.6,266771796,30,50,50,1.0,0.02,0.04,10542.1,20875,1,1.0,30
50,3,2,60.0,dispersed,0.6,1468061427,30,50,50,1.0,0.02,0.04,10577.866666666667,20875,1,1.0,30
50,3,2,60.0,dispersed,0.6,1258104701,30,50,50,1.0,0.02,0.04,10580.266666666666,20875,1,1.0,30
50,3,2,60.0,dispersed,0.6,929156619,30,50,50,1.0,0.02,0.04,10519.633333333333,20875,1,1.0,30
50,3,2,60.0,dispersed,0.6,1285733623,30,50,50,1.0,0.02,0.04,10514.9,20875,1,1.0,30
50,3,2,60.0,dispersed,0.6,31261238,30,50,50,1.0,0.02,0.04,10550.333333333334,20875,1,1.0,30
50,3,2,60.0,dispersed,0.6,1972686112,30,50,50,1.0,0.02,0.04,10569.1,20875,1,1.0,30
50,3,2,60.0,dispersed,0.6,2014199071,30,50,50,1.0,0.02,0.04,10534.133333333333,20875,1,1.0,30
50,3,2,60.0,dispersed,0.6,1314325460,30,50,50,1.0,0.02,0.04,10544.1,20875,1,1.0,30
50,3,2,60.0,dispersed,1.0,307084183,50,50,50,1.0,0.02,0.04,10550.12,20875,1,1.0,50
50,3,2,60.0,dispersed,1.0,1598156921,50,50,50,1.0,0.02,0.04,10540.5,20875,1,1.0,50
50,3,2,60.0,dispersed,1.0,1279318855,50,50,50,1.0,0.02,0.04,10557.26,20875,1,1.0,50
50,3,2,60.0,dispersed,1.0,1385543482,50,50,50,1.0,0.02,0.04,10580.06,20875,1,1.0,50
50,3,2,60.0,dispersed,1.0,2099112465,50,50,50,1.0,0.02,0.04,10562.84,20875,1,1.0,50
50,3,2,60.0,dispersed,1.0,667119671,50,50,50,1.0,0.02,0.04,10537.64,20875,1,1.0,50
50,3,2,60.0,dispersed,1.0,1618245452,50,50,50,1.0,0.02,0.04,10489.6,20875,1,1.0,50
50,3,2,60.0,dispersed,1.0,218639841,50,50,50,1.0,0.02,0.04,10548.2,20875,1,1.0,50
50,3,2,60.0,dispersed,1.0,1828732068,50,50,50,1.0,0.02,0.04,10575.76,20875,1,1.0,50
50,3,2,60.0,dispersed,1.0,270499835,50,50,50,1.0,0.02,0.04,10526.14,20875,1,1.0,50
