n,spatial_mode,supply_ratio,tau,feasibility_rate_k1_before,feasibility_rate_k1_after,n_pairs_checked
30,dispersed,0.3,30,0.0107,0.2573,1500
30,dispersed,0.3,45,0.034,0.432,1500
30,dispersed,0.3,60,0.0527,0.5187,1500
30,dispersed,0.6,30,0.017,0.2633,2700
30,dispersed,0.6,45,0.0304,0.4241,2700
30,dispersed,0.6,60,0.0711,0.5293,2700
30,dispersed,1.0,30,0.0084,0.258,4500
30,dispersed,1.0,45,0.0409,0.44,4500
30,dispersed,1.0,60,0.0716,0.5156,4500
30,clustered,0.3,30,0.0107,0.2813,1500
30,clustered,0.3,45,0.032,0.468,1500
30,clustered,0.3,60,0.084,0.5533,1500
30,clustered,0.6,30,0.0067,0.2367,2700
30,clustered,0.6,45,0.0337,0.4067,2700
30,clustered,0.6,60,0.0356,0.5174,2700
30,clustered,1.0,30,0.0147,0.2469,4500
30,clustered,1.0,45,0.0313,0.4556,4500
30,clustered,1.0,60,0.0727,0.5844,4500
50,dispersed,0.3,30,0.0046,0.262,3500
50,dispersed,0.3,45,0.0426,0.3931,3500
50,dispersed,0.3,60,0.0563,0.5311,3500
50,dispersed,0.6,30,0.0081,0.2485,7500
50,dispersed,0.6,45,0.0227,0.3775,7500
50,dispersed,0.6,60,0.0693,0.4983,7500
50,dispersed,1.0,30,0.013,0.2208,12500
50,dispersed,1.0,45,0.0361,0.4062,12500
50,dispersed,1.0,60,0.085,0.4912,12500
50,clustered,0.3,30,0.0063,0.2431,3500
50,clustered,0.3,45,0.0203,0.4806,3500
50,clustered,0.3,60,0.058,0.5066,3500
50,clustered,0.6,30,0.0099,0.2335,7500
50,clustered,0.6,45,0.0337,0.4381,7500
50,clustered,0.6,60,0.066,0.5064,7500
50,clustered,1.0,30,0.0142,0.2453,12500
50,clustered,1.0,45,0.0347,0.4422,12500
50,clustered,1.0,60,0.0657,0.5158,12500
