n,n_drivers,seed,driver,pool,kept_kink,kept_grid,match,only_kink,only_grid
12,5,42,gw0,441,10,10,True,,
12,5,42,gw1,429,11,11,True,,
12,5,42,od0,2,1,1,True,,
12,5,42,od1,3,3,3,True,,
12,5,42,od2,4,3,3,True,,
10,4,1,gw0,314,74,74,True,,
10,4,1,gw1,394,85,85,True,,
10,4,1,od0,3,3,3,True,,
10,4,1,od1,3,3,3,True,,
15,5,7,gw0,805,90,90,True,,
15,5,7,gw1,747,68,68,True,,
15,5,7,od0,3,3,3,True,,
15,5,7,od1,4,2,2,True,,
15,5,7,od2,2,2,2,True,,
12,6,123,gw0,463,64,64,True,,
12,6,123,gw1,491,69,69,True,,
12,6,123,gw2,452,68,68,True,,
12,6,123,od0,3,1,1,True,,
12,6,123,od1,7,6,6,True,,
10,4,999,gw0,254,32,32,True,,
10,4,999,gw1,246,38,38,True,,
10,4,999,od0,5,3,3,True,,
10,4,999,od1,5,4,4,True,,
