n,n_drivers,seed,bid_profile,Z_full,Z_pruned,delta_Z,max_removal_gap,n_removal
12,5,42,0,164.8749545839842,164.87495458398416,2.842170943040401e-14,2.842170943040401e-14,5
12,5,42,1,166.16562683221883,166.16562683221883,0.0,2.842170943040401e-14,5
12,5,42,2,164.29712508324596,164.29712508324593,2.842170943040401e-14,2.842170943040401e-14,5
12,5,42,3,163.18749665196682,163.1874966519668,2.842170943040401e-14,2.842170943040401e-14,5
12,5,42,4,163.55523587027,163.55523587027,0.0,0.0,5
12,5,42,5,166.14776358608836,166.14776358608833,2.842170943040401e-14,2.842170943040401e-14,5
12,5,42,6,166.96060965978506,166.96060965978506,0.0,2.842170943040401e-14,5
12,5,42,7,164.52981523274855,164.52981523274855,0.0,0.0,5
12,5,42,8,165.3494134509883,165.3494134509883,0.0,2.842170943040401e-14,5
12,5,42,9,165.00983563255122,165.0098356325512,2.842170943040401e-14,2.842170943040401e-14,5
12,5,42,10,164.095115346133,164.095115346133,0.0,0.0,5
12,5,42,11,165.47094461474907,165.47094461474904,2.842170943040401e-14,2.842170943040401e-14,5
12,5,42,12,166.06802856124676,166.06802856124676,0.0,2.842170943040401e-14,5
12,5,42,13,163.8356669175475,163.83566691754748,2.842170943040401e-14,2.842170943040401e-14,5
12,5,42,14,165.3851972360017,165.3851972360017,0.0,0.0,5
12,5,42,15,166.65689637199878,166.65689637199876,2.842170943040401e-14,0.0,5
12,5,42,16,165.23564784802636,165.23564784802636,0.0,0.0,5
12,5,42,17,165.17291203440672,165.1729120344067,2.842170943040401e-14,2.842170943040401e-14,5
12,5,42,18,165.8591258338579,165.8591258338579,0.0,0.0,5
12,5,42,19,162.70486367727264,162.7048636772726,2.842170943040401e-14,2.842170943040401e-14,5
10,4,1,0,139.2533649528352,139.25336495283517,2.842170943040401e-14,2.842170943040401e-14,4
10,4,1,1,141.88628268773508,141.88628268773508,0.0,2.842170943040401e-14,4
10,4,1,2,143.49856489999874,143.4985648999987,2.842170943040401e-14,2.842170943040401e-14,4
10,4,1,3,146.91753801789895,146.91753801789898,2.842170943040401e-14,0.0,4
10,4,1,4,142.80915880583507,142.80915880583507,0.0,2.842170943040401e-14,4
10,4,1,5,147.509047810187,147.50904781018704,2.842170943040401e-14,2.842170943040401e-14,4
10,4,1,6,143.7020442306146,143.70204423061458,2.842170943040401e-14,2.842170943040401e-14,4
10,4,1,7,141.94356517338437,141.94356517338437,0.0,2.842170943040401e-14,4
10,4,1,8,147.77443758400202,147.77443758400202,0.0,2.842170943040401e-14,4
10,4,1,9,148.85770619625148,148.85770619625148,0.0,0.0,4
10,4,1,10,137.19791342820255,137.19791342820255,0.0,2.842170943040401e-14,4
10,4,1,11,148.2935982795582,148.29359827955824,2.842170943040401e-14,2.842170943040401e-14,4
10,4,1,12,147.82128740905375,147.82128740905378,2.842170943040401e-14,0.0,4
10,4,1,13,148.12113945153604,148.12113945153604,0.0,2.842170943040401e-14,4
10,4,1,14,145.25268527904853,145.2526852790485,2.842170943040401e-14,2.842170943040401e-14,4
10,4,1,15,137.3840051771379,137.3840051771379,0.0,2.842170943040401e-14,4
10,4,1,16,140.78964593049915,140.78964593049912,2.842170943040401e-14,2.842170943040401e-14,4
10,4,1,17,138.81803877041455,138.81803877041452,2.842170943040401e-14,2.842170943040401e-14,4
10,4,1,18,140.68872988469968,140.68872988469968,0.0,2.842170943040401e-14,4
10,4,1,19,146.0572342602589,146.0572342602589,0.0,0.0,4
15,5,7,0,181.60376677707563,181.60376677707563,0.0,2.842170943040401e-14,5
15,5,7,1,178.66524933690974,178.66524933690974,0.0,5.684341886080802e-14,5
15,5,7,2,179.89989818656238,179.89989818656238,0.0,2.842170943040401e-14,5
15,5,7,3,176.44645878754446,176.44645878754446,0.0,2.842170943040401e-14,5
15,5,7,4,181.55245882469998,181.5524588247,2.842170943040401e-14,2.842170943040401e-14,5
15,5,7,5,182.26209514354554,182.2620951435455,2.842170943040401e-14,5.684341886080802e-14,5
15,5,7,6,176.04192881681325,176.04192881681325,0.0,2.842170943040401e-14,5
15,5,7,7,180.75463678911083,180.7546367891108,2.842170943040401e-14,2.842170943040401e-14,5
15,5,7,8,183.72856326940575,183.72856326940578,2.842170943040401e-14,2.842170943040401e-14,5
15,5,7,9,181.7270646556266,181.7270646556266,0.0,2.842170943040401e-14,5
15,5,7,10,179.92362520946614,179.92362520946614,0.0,2.842170943040401e-14,5
15,5,7,11,171.5248907187019,171.52489071870187,2.842170943040401e-14,2.842170943040401e-14,5
15,5,7,12,179.48148247514777,179.48148247514777,0.0,2.842170943040401e-14,5
15,5,7,13,183.96068278038706,183.96068278038706,0.0,2.842170943040401e-14,5
15,5,7,14,178.5595982762162,178.55959827621624,2.842170943040401e-14,2.842170943040401e-14,5
15,5,7,15,184.31044779053678,184.3104477905368,2.842170943040401e-14,2.842170943040401e-14,5
15,5,7,16,183.59408425796042,183.59408425796042,0.0,0.0,5
15,5,7,17,176.8093682389586,176.8093682389586,0.0,2.842170943040401e-14,5
15,5,7,18,180.12062479139223,180.12062479139223,0.0,2.842170943040401e-14,5
15,5,7,19,179.71794641712697,179.717946417127,2.842170943040401e-14,2.842170943040401e-14,5
12,6,123,0,133.7343751487245,133.7343751487245,0.0,0.0,6
12,6,123,1,136.48150907688603,136.48150907688603,0.0,0.0,6
12,6,123,2,141.74497743801956,141.74497743801956,0.0,0.0,6
12,6,123,3,134.59814027507383,134.59814027507383,0.0,2.842170943040401e-14,6
12,6,123,4,134.76646000678338,134.76646000678338,0.0,2.842170943040401e-14,6
12,6,123,5,137.39404327002146,137.39404327002146,0.0,0.0,6
12,6,123,6,131.10005852151852,131.10005852151852,0.0,0.0,6
12,6,123,7,136.76119572802097,136.76119572802097,0.0,0.0,6
12,6,123,8,135.99637287839056,135.99637287839056,0.0,2.842170943040401e-14,6
12,6,123,9,135.84956401438325,135.84956401438322,2.842170943040401e-14,2.842170943040401e-14,6
12,6,123,10,138.4226678047197,138.4226678047197,0.0,2.842170943040401e-14,6
12,6,123,11,141.85863661653963,141.85863661653963,0.0,0.0,6
12,6,123,12,134.52941305584258,134.52941305584258,0.0,0.0,6
12,6,123,13,135.1770566754833,135.1770566754833,0.0,0.0,6
12,6,123,14,133.59914316309744,133.59914316309744,0.0,2.842170943040401e-14,6
12,6,123,15,135.05355789051814,135.05355789051814,0.0,2.842170943040401e-14,6
12,6,123,16,137.86575319962674,137.86575319962674,0.0,2.842170943040401e-14,6
12,6,123,17,137.66117739420307,137.66117739420307,0.0,0.0,6
12,6,123,18,136.8521825989486,136.8521825989486,0.0,2.842170943040401e-14,6
12,6,123,19,137.10256322576015,137.10256322576015,0.0,0.0,6
10,4,999,0,140.31065271970158,140.31065271970158,0.0,2.842170943040401e-14,4
10,4,999,1,140.3841163404812,140.38411634048123,2.842170943040401e-14,2.842170943040401e-14,4
10,4,999,2,142.01593108015481,142.01593108015481,0.0,0.0,4
10,4,999,3,137.56680679867813,137.56680679867813,0.0,0.0,4
10,4,999,4,143.20991040095154,143.20991040095151,2.842170943040401e-14,2.842170943040401e-14,4
10,4,999,5,138.92395029291941,138.92395029291941,0.0,0.0,4
10,4,999,6,141.66557977417847,141.66557977417847,0.0,0.0,4
10,4,999,7,140.84472649111365,140.84472649111365,0.0,0.0,4
10,4,999,8,140.97642661068963,140.97642661068963,0.0,2.842170943040401e-14,4
10,4,999,9,140.6164498575787,140.6164498575787,0.0,2.842170943040401e-14,4
10,4,999,10,139.95710453745795,139.95710453745795,0.0,0.0,4
10,4,999,11,138.659927615687,138.659927615687,0.0,2.842170943040401e-14,4
10,4,999,12,141.71640745904082,141.71640745904082,0.0,2.842170943040401e-14,4
10,4,999,13,140.23534022109013,140.23534022109013,0.0,0.0,4
10,4,999,14,143.4271432035443,143.4271432035443,0.0,0.0,4
10,4,999,15,143.2530503431902,143.2530503431902,0.0,0.0,4
10,4,999,16,137.45429173973514,137.45429173973514,0.0,2.842170943040401e-14,4
10,4,999,17,138.79077039025117,138.79077039025117,0.0,2.842170943040401e-14,4
10,4,999,18,140.09493065439202,140.09493065439202,0.0,2.842170943040401e-14,4
10,4,999,19,140.87222513143163,140.87222513143163,0.0,0.0,4
