n,B_gw,B_od,tw_width,filter_mode,seed,runtime_seconds,peak_frontier_size,total_states_generated,total_states_surviving,n_complete_bundles_found,status
20,3,2,60,off,0,2.1279,26889,226288,61918,6759,completed
20,3,2,60,off,1,2.5403,31701,269908,70599,6758,completed
20,3,2,60,off,2,1.7324,23426,186491,54911,6761,completed
20,3,2,60,off,3,2.3589,27826,241287,65258,6767,completed
20,3,2,60,off,4,4.2232,46623,381290,90860,6762,completed
20,3,2,60,on,0,2.4899,25578,225741,63118,6756,completed
20,3,2,60,on,1,2.1822,23148,185858,54641,6755,completed
20,3,2,60,on,2,2.4811,25133,217229,61584,6764,completed
20,3,2,60,on,3,1.828,18932,157228,49656,6765,completed
20,3,2,60,on,4,4.4282,44766,387132,95460,6756,completed
20,3,2,120,off,0,1.7949,23841,192909,57414,6762,completed
20,3,2,120,off,1,3.2592,38525,335155,84990,6762,completed
20,3,2,120,off,2,3.3874,37629,346826,83961,6759,completed
20,3,2,120,off,3,2.9681,37300,309604,76745,6767,completed
20,3,2,120,off,4,1.8179,22386,197114,57494,6767,completed
20,3,2,120,on,0,2.0436,22689,181994,56916,6766,completed
20,3,2,120,on,1,3.6048,37571,346656,82400,6764,completed
20,3,2,120,on,2,2.813,30148,268553,68227,6762,completed
20,3,2,120,on,3,2.5299,28689,247256,66492,6757,completed
20,3,2,120,on,4,2.5639,28424,257918,66905,6765,completed
20,3,2,240,off,0,4.5542,50572,448458,107161,6764,completed
20,3,2,240,off,1,3.897,44523,370869,90749,6763,completed
20,3,2,240,off,2,4.9815,54935,456656,115582,6753,completed
20,3,2,240,off,3,3.8983,46291,364711,95179,6753,completed
20,3,2,240,off,4,5.0361,55513,470315,120645,6761,completed
20,3,2,240,on,0,4.2514,44548,380937,94129,6767,completed
20,3,2,240,on,1,5.9952,65264,543609,137104,6769,completed
20,3,2,240,on,2,5.2409,54518,461540,113448,6762,completed
20,3,2,240,on,3,6.1953,64759,563306,134495,6760,completed
20,3,2,240,on,4,4.2921,47969,401210,99955,6758,completed
20,4,2,60,off,0,17.6351,141624,1342982,320043,30984,completed
20,4,2,60,off,1,37.8359,282809,3151923,479988,30990,completed
20,4,2,60,off,2,15.0074,131124,1163822,297375,30817,completed
20,4,2,60,off,3,29.2951,238246,2395993,397059,30943,completed
20,4,2,60,off,4,41.9435,326893,3257141,451516,30911,completed
20,4,2,60,on,0,18.2476,138170,1240462,322042,30979,completed
20,4,2,60,on,1,36.1791,233609,2504610,402140,30981,completed
20,4,2,60,on,2,50.0331,373860,3387430,460472,30792,completed
20,4,2,60,on,3,22.7124,161291,1618285,334403,30975,completed
20,4,2,60,on,4,45.551,303225,3307595,477332,30975,completed
20,4,2,120,off,0,45.3144,362866,3978191,590812,30979,completed
20,4,2,120,off,1,56.0315,418614,5184816,681166,30986,completed
20,4,2,120,off,2,32.9201,257076,3072632,498414,30982,completed
20,4,2,120,off,3,58.383,434557,5305723,747363,30984,completed
20,4,2,120,off,4,57.3457,417629,5365563,711044,30979,completed
20,4,2,120,on,0,48.6444,343310,3739371,582038,30984,completed
20,4,2,120,on,1,65.8526,471732,5340743,739922,30980,completed
20,4,2,120,on,2,46.6901,309638,3882827,587259,30984,completed
20,4,2,120,on,3,45.352,304362,3664567,555349,30991,completed
20,4,2,120,on,4,58.2459,382533,5079915,696695,30981,completed
20,4,2,240,off,0,87.6082,693328,7734947,992806,30980,completed
20,4,2,240,off,1,85.0023,682216,7368781,974155,30981,completed
20,4,2,240,off,2,84.0938,667565,7457833,944376,30988,completed
20,4,2,240,off,3,74.7939,587773,6747865,851686,30991,completed
20,4,2,240,off,4,95.9481,748725,8740066,1068907,30975,completed
20,4,2,240,on,0,144.3548,1024849,12015740,1635630,30986,completed
20,4,2,240,on,1,93.2376,687875,7419609,956084,30982,completed
20,4,2,240,on,2,111.9672,786477,9134964,1219218,30983,completed
20,4,2,240,on,3,114.7631,824653,9229168,1191385,30986,completed
20,4,2,240,on,4,122.6789,857451,10498196,1334722,30984,completed
20,5,2,60,off,0,228.1267,1417578,17129007,2041649,108204,completed
20,5,2,60,off,1,206.1531,1217626,15639567,1877164,108429,completed
20,5,2,60,off,2,108.9441,818942,7782511,1850716,108397,completed
20,5,2,60,off,3,119.2513,795286,8761099,1745251,108070,completed
20,5,2,60,off,4,283.2737,1600606,20130129,1856358,104960,completed
20,5,2,60,on,0,178.3133,987385,10064503,1895966,106314,completed
20,5,2,60,on,1,362.781,2242193,23104436,2192610,108492,timeout
20,5,2,60,on,2,,,,,,timeout_skipped
20,5,2,60,on,3,,,,,,timeout_skipped
20,5,2,60,on,4,,,,,,timeout_skipped
20,5,2,120,off,0,360.9895,2241294,29918305,2977946,108495,timeout
20,5,2,120,off,1,,,,,,timeout_skipped
20,5,2,120,off,2,,,,,,timeout_skipped
20,5,2,120,off,3,,,,,,timeout_skipped
20,5,2,120,off,4,,,,,,timeout_skipped
20,5,2,120,on,0,406.4679,3089070,30418005,2819836,65097,timeout
20,5,2,120,on,1,,,,,,timeout_skipped
20,5,2,120,on,2,,,,,,timeout_skipped
20,5,2,120,on,3,,,,,,timeout_skipped
20,5,2,120,on,4,,,,,,timeout_skipped
20,5,2,240,off,0,412.3657,5763316,30712841,2586155,43398,timeout
20,5,2,240,off,1,,,,,,timeout_skipped
20,5,2,240,off,2,,,,,,timeout_skipped
20,5,2,240,off,3,,,,,,timeout_skipped
20,5,2,240,off,4,,,,,,timeout_skipped
20,5,2,240,on,0,411.2289,5348441,28934628,2242590,43398,timeout
20,5,2,240,on,1,,,,,,timeout_skipped
20,5,2,240,on,2,,,,,,timeout_skipped
20,5,2,240,on,3,,,,,,timeout_skipped
20,5,2,240,on,4,,,,,,timeout_skipped
30,3,2,60,off,0,4.9326,77360,611884,182825,22637,completed
30,3,2,60,off,1,7.1688,98762,825341,217392,22642,completed
30,3,2,60,off,2,8.6098,91761,788012,209138,22628,completed
30,3,2,60,off,3,6.155,68749,573699,171404,22652,completed
30,3,2,60,off,4,7.5223,85003,681269,190401,22632,completed
30,3,2,60,on,0,7.5108,80976,652096,189477,22641,completed
30,3,2,60,on,1,9.3232,95508,775735,208623,22638,completed
30,3,2,60,on,2,8.1565,83599,666626,186492,22637,completed
30,3,2,60,on,3,7.0303,73433,601963,181078,22641,completed
30,3,2,60,on,4,9.9211,98810,846948,224681,22635,completed
30,3,2,120,off,0,8.3786,94687,770272,223826,22640,completed
30,3,2,120,off,1,9.2297,103897,862090,233667,22630,completed
30,3,2,120,off,2,10.5952,117564,1003214,254979,22652,completed
30,3,2,120,off,3,11.5208,123024,1063989,260120,22637,completed
30,3,2,120,off,4,11.8923,128512,1103342,281467,22644,completed
30,3,2,120,on,0,10.894,113324,918966,240978,22631,completed
30,3,2,120,on,1,10.3436,108716,878419,230800,22634,completed
30,3,2,120,on,2,12.188,124221,1085894,267333,22645,completed
30,3,2,120,on,3,12.2036,122228,1066767,271848,22640,completed
30,3,2,120,on,4,12.6342,123296,1102997,267012,22644,completed
30,3,2,240,off,0,16.753,180870,1515793,362073,22644,completed
30,3,2,240,off,1,16.3059,173034,1511279,364444,22645,completed
30,3,2,240,off,2,14.6337,153814,1276389,306632,22640,completed
30,3,2,240,off,3,16.3288,179436,1446301,365695,22654,completed
30,3,2,240,off,4,15.9664,169010,1438316,343242,22651,completed
30,3,2,240,on,0,15.6504,166623,1273928,332714,22635,completed
30,3,2,240,on,1,17.7213,183803,1496894,376756,22637,completed
30,3,2,240,on,2,17.6932,180336,1542774,369244,22648,completed
30,3,2,240,on,3,18.1592,182455,1562221,381184,22642,completed
30,3,2,240,on,4,15.5555,155190,1309406,324918,22639,completed
30,4,2,60,off,0,173.0887,1357512,13289371,1975483,159512,completed
30,4,2,60,off,1,167.9398,1423106,13331484,2139445,159571,completed
30,4,2,60,off,2,193.5641,1492643,16148303,2484534,159664,completed
30,4,2,60,off,3,108.7099,953417,8654254,1763676,159634,completed
30,4,2,60,off,4,125.2086,1021989,9859894,1814652,159623,completed
30,4,2,60,on,0,134.9716,1004912,8684474,1604682,156536,completed
30,4,2,60,on,1,124.2766,928760,8703737,1805846,159666,completed
30,4,2,60,on,2,154.1965,1074884,10577323,1903769,159569,completed
30,4,2,60,on,3,92.9757,746742,6105077,1656328,159633,completed
30,4,2,60,on,4,202.1647,1407830,14643109,2327025,159673,completed
30,4,2,120,off,0,203.0151,1625580,17294634,2762392,159669,completed
30,4,2,120,off,1,276.0991,2122646,25040039,3309385,159665,completed
30,4,2,120,off,2,197.1578,1609899,17889710,2765041,159662,completed
30,4,2,120,off,3,301.5429,2526774,28283620,3737504,159650,timeout
30,4,2,120,off,4,,,,,,timeout_skipped
30,4,2,120,on,0,225.0185,1661920,17638617,2899794,159658,completed
30,4,2,120,on,1,200.7208,1513712,15173232,2564620,159667,completed
30,4,2,120,on,2,301.1907,2509546,25462611,3242294,127720,timeout
30,4,2,120,on,3,,,,,,timeout_skipped
30,4,2,120,on,4,,,,,,timeout_skipped
30,4,2,240,off,0,328.9814,4131215,29307071,3597894,95790,timeout
30,4,2,240,off,1,,,,,,timeout_skipped
30,4,2,240,off,2,,,,,,timeout_skipped
30,4,2,240,off,3,,,,,,timeout_skipped
30,4,2,240,off,4,,,,,,timeout_skipped
30,4,2,240,on,0,326.6167,3879497,26702191,3271628,95790,timeout
30,4,2,240,on,1,,,,,,timeout_skipped
30,4,2,240,on,2,,,,,,timeout_skipped
30,4,2,240,on,3,,,,,,timeout_skipped
30,4,2,240,on,4,,,,,,timeout_skipped
50,3,2,60,off,0,29.9472,323326,2462165,773804,104399,completed
50,3,2,60,off,1,34.1935,368365,2846910,825800,104399,completed
50,3,2,60,off,2,54.0497,536797,4598253,1153692,104387,completed
50,3,2,60,off,3,33.5343,361125,2794120,839279,104400,completed
50,3,2,60,off,4,49.6271,509409,4197486,1069413,104405,completed
50,3,2,60,on,0,46.7437,445873,3653697,994474,104408,completed
50,3,2,60,on,1,44.161,420300,3437630,956237,104405,completed
50,3,2,60,on,2,39.011,398655,3075771,881375,104395,completed
50,3,2,60,on,3,44.1836,420320,3387850,944402,104399,completed
50,3,2,60,on,4,52.1023,503978,4138574,1065559,104395,completed
50,3,2,120,off,0,55.6297,597799,4792499,1183792,104406,completed
50,3,2,120,off,1,48.489,494086,4094128,1101252,104403,completed
50,3,2,120,off,2,52.6968,543554,4551164,1183651,104385,completed
50,3,2,120,off,3,56.8753,583795,5044185,1247321,104412,completed
50,3,2,120,off,4,55.0175,564455,4806917,1230607,104401,completed
50,3,2,120,on,0,56.418,528317,4656184,1167602,104407,completed
50,3,2,120,on,1,57.3059,547254,4702994,1187452,104397,completed
50,3,2,120,on,2,57.7227,554484,4560485,1197975,104414,completed
50,3,2,120,on,3,63.2444,635022,5312634,1260595,104407,completed
50,3,2,120,on,4,65.0566,627844,5413910,1339601,104408,completed
50,3,2,240,off,0,89.1265,915526,7760918,1834125,104412,completed
50,3,2,240,off,1,70.8295,731179,6092238,1457797,104394,completed
50,3,2,240,off,2,78.7278,825372,6695532,1639189,104409,completed
50,3,2,240,off,3,80.054,848429,6767122,1623438,104403,completed
50,3,2,240,off,4,80.27,854273,6816788,1670682,104396,completed
50,3,2,240,on,0,92.8714,914386,7425240,1836556,104416,completed
50,3,2,240,on,1,76.6278,782591,6112413,1536295,104399,completed
50,3,2,240,on,2,83.5392,820294,6733470,1641032,104415,completed
50,3,2,240,on,3,90.1643,909696,7381366,1789971,104387,completed
50,3,2,240,on,4,71.9147,697110,5901166,1376169,104399,completed
75,3,2,60,off,0,196.9773,1989133,16391735,4055620,351919,completed
75,3,2,60,off,1,154.8591,1657895,12815512,3371414,351900,completed
75,3,2,60,off,2,161.6486,1622344,13404495,3475352,351888,completed
75,3,2,60,off,3,169.7519,1861502,14093871,3596606,351919,completed
75,3,2,60,off,4,181.2683,1893943,15351435,3893410,351907,completed
75,3,2,60,on,0,180.4988,1703269,13780121,3559093,351924,completed
75,3,2,60,on,1,182.3692,1675315,13997385,3557632,351940,completed
75,3,2,60,on,2,206.3902,1907355,15989053,4008444,351925,completed
75,3,2,60,on,3,152.9041,1505854,11770807,3201126,351924,completed
75,3,2,60,on,4,141.6716,1368787,10519630,2921559,351891,completed
75,3,2,120,off,0,192.5073,1935663,16170777,4098101,351927,completed
75,3,2,120,off,1,223.9047,2261018,19383860,4723841,351918,completed
75,3,2,120,off,2,212.0257,2149992,18500714,4441240,351897,completed
75,3,2,120,off,3,151.1195,1567019,12637322,3504633,351933,completed
75,3,2,120,off,4,211.7005,2108798,18370333,4378360,351917,completed
75,3,2,120,on,0,208.4274,1985121,16777711,4134074,351902,completed
75,3,2,120,on,1,221.5973,2048155,18205394,4360980,351925,completed
75,3,2,120,on,2,179.1845,1716250,14055002,3756277,351926,completed
75,3,2,120,on,3,203.8652,1927148,16403570,3996029,351906,completed
75,3,2,120,on,4,258.2549,2510113,21311981,5047106,351929,completed
75,3,2,240,off,0,277.3755,2785362,23754211,5553412,351905,completed
75,3,2,240,off,1,293.7032,3059841,24459883,5993823,351919,completed
75,3,2,240,off,2,294.2228,2985084,24949764,5952273,351904,completed
75,3,2,240,off,3,277.9068,2826003,23639132,5664598,351920,completed
75,3,2,240,off,4,314.1639,3261687,26309408,6282055,351875,timeout
75,3,2,240,on,0,299.94,2917830,23507608,5690795,351899,completed
75,3,2,240,on,1,303.9223,3002961,23497002,5899799,351875,timeout
75,3,2,240,on,2,,,,,,timeout_skipped
75,3,2,240,on,3,,,,,,timeout_skipped
75,3,2,240,on,4,,,,,,timeout_skipped
