n,B_gw,tw_width,seed,touched,attempted,killed_by_feasibility,killed_by_dominance,frontier_at_this_round,survived_to_next_round,feasibility_kill_rate
20,3,30,0,0,100,0,0,5,100,0.0
20,3,30,0,1,4100,1951,0,200,2049,0.475854
20,3,30,0,2,103496,69338,10547,4946,20714,0.669958
20,3,30,0,3,74149,41815,2573,50475,0,0.563932
20,3,30,1,0,100,0,0,5,100,0.0
20,3,30,1,1,4100,1462,0,200,2538,0.356585
20,3,30,1,2,148253,106184,15407,7112,22088,0.716235
20,3,30,1,3,113944,36371,18622,81039,0,0.319201
20,3,30,2,0,100,0,0,5,100,0.0
20,3,30,2,1,4100,2015,0,200,1985,0.491463
20,3,30,2,2,104160,74988,9442,4980,16735,0.719931
20,3,30,2,3,63267,34595,2931,42476,0,0.54681
20,3,60,0,0,100,0,0,5,100,0.0
20,3,60,0,1,4100,1160,0,200,2840,0.282927
20,3,60,0,2,146534,60518,42299,7033,39524,0.412996
20,3,60,0,3,141162,31356,37323,112007,0,0.222128
20,3,60,1,0,100,0,0,5,100,0.0
20,3,60,1,1,4100,1415,0,200,2585,0.345122
20,3,60,1,2,137843,68066,32056,6616,33690,0.493794
20,3,60,1,3,128448,33956,25026,103156,0,0.264356
20,3,60,2,0,100,0,0,5,100,0.0
20,3,60,2,1,4100,375,0,200,3625,0.091463
20,3,60,2,2,203958,56906,71658,9816,69203,0.279008
20,3,60,2,3,265534,50,104135,230552,0,0.000188
20,3,120,0,0,100,0,0,5,100,0.0
20,3,120,0,1,4100,1510,0,200,2490,0.368293
20,3,120,0,2,137892,66207,34126,6624,33425,0.480137
20,3,120,0,3,130055,33359,21147,108974,0,0.256499
20,3,120,1,0,100,0,0,5,100,0.0
20,3,120,1,1,4100,390,0,200,3610,0.095122
20,3,120,1,2,211136,39357,88004,10167,77218,0.186406
20,3,120,1,3,296294,2135,107620,263757,0,0.007206
20,3,120,2,0,100,0,0,5,100,0.0
20,3,120,2,1,4100,1015,0,200,2985,0.247561
20,3,120,2,2,158673,46735,59852,7621,47450,0.294537
20,3,120,2,3,167997,27945,49300,138202,0,0.166342
20,3,240,0,0,100,0,0,5,100,0.0
20,3,240,0,1,4100,795,0,200,3205,0.193902
20,3,240,0,2,189921,59950,66484,9147,57545,0.315658
20,3,240,0,3,239177,250,75658,220814,0,0.001045
20,3,240,1,0,100,0,0,5,100,0.0
20,3,240,1,1,4100,540,0,200,3460,0.131707
20,3,240,1,2,201527,41309,84890,9704,69084,0.20498
20,3,240,1,3,269257,0,95331,243010,0,0.0
20,3,240,2,0,100,0,0,5,100,0.0
20,3,240,2,1,4100,985,0,200,3015,0.240244
20,3,240,2,2,185781,67661,59301,8952,52882,0.364198
20,3,240,2,3,229372,2465,65535,214254,0,0.010747
20,4,30,0,0,100,0,0,5,100,0.0
20,4,30,0,1,4100,1752,0,200,2248,0.427317
20,4,30,0,2,111446,67422,16333,5331,24608,0.604975
20,4,30,0,3,1341536,950735,164136,62702,188571,0.708691
20,4,30,0,4,863304,574253,37067,440555,0,0.665181
20,4,30,1,0,100,0,0,5,100,0.0
20,4,30,1,1,4100,1923,0,200,2077,0.469024
20,4,30,1,2,105291,71173,10471,5031,20693,0.675965
20,4,30,1,3,1071689,843210,47150,49889,152133,0.786805
20,4,30,1,4,707637,497048,8053,354669,0,0.702405
20,4,30,2,0,100,0,0,5,100,0.0
20,4,30,2,1,4100,1827,0,200,2173,0.44561
20,4,30,2,2,116359,80453,12696,5568,19815,0.691421
20,4,30,2,3,1141341,899939,75862,53170,132185,0.788493
20,4,30,2,4,623126,446058,5910,303343,0,0.715839
20,4,60,0,0,100,0,0,5,100,0.0
20,4,60,0,1,4100,1202,0,200,2798,0.293171
20,4,60,0,2,146229,72073,33106,7018,36830,0.492878
20,4,60,0,3,2320826,1523647,478824,109105,246080,0.656511
20,4,60,0,4,1544378,547127,355129,888202,0,0.35427
20,4,60,1,0,100,0,0,5,100,0.0
20,4,60,1,1,4100,1164,0,200,2836,0.283902
20,4,60,1,2,145078,73605,33052,6961,34296,0.507348
20,4,60,1,3,2195486,1481216,413217,103219,232130,0.674664
20,4,60,1,4,1458055,569002,280164,841019,0,0.390247
20,4,60,2,0,100,0,0,5,100,0.0
20,4,60,2,1,4100,1325,0,200,2675,0.323171
20,4,60,2,2,132619,65802,30867,6358,32267,0.496173
20,4,60,2,3,1879899,1219468,387309,88198,217191,0.648688
20,4,60,2,4,1208861,513569,240905,671578,0,0.424837
20,4,120,0,0,100,0,0,5,100,0.0
20,4,120,0,1,4100,1255,0,200,2745,0.306098
20,4,120,0,2,150826,59576,47773,7247,38975,0.394998
20,4,120,0,3,2662572,1254573,982845,125650,338479,0.471188
20,4,120,0,4,2079249,547434,576913,1293381,0,0.263284
20,4,120,1,0,100,0,0,5,100,0.0
20,4,120,1,1,4100,665,0,200,3335,0.162195
20,4,120,1,2,196412,54696,70883,9454,64714,0.278476
20,4,120,1,3,4894067,1874518,2123633,231715,728915,0.383018
20,4,120,1,4,4889870,116280,2243212,3259293,0,0.02378
20,4,120,2,0,100,0,0,5,100,0.0
20,4,120,2,1,4100,1020,0,200,2980,0.24878
20,4,120,2,2,164503,50552,56680,7906,52345,0.307301
20,4,120,2,3,3436142,1261713,1532258,162206,532310,0.367189
20,4,120,2,4,3015978,507400,1155095,1885793,0,0.168237
20,4,240,0,0,100,0,0,5,100,0.0
20,4,240,0,1,4100,530,0,200,3470,0.129268
20,4,240,0,2,211740,49845,77839,10200,77326,0.235407
20,4,240,0,3,6003723,2011144,2749825,284651,1035429,0.334983
20,4,240,0,4,6752212,0,3200033,4587608,0,0.0
20,4,240,1,0,100,0,0,5,100,0.0
20,4,240,1,1,4100,1005,0,200,2995,0.245122
20,4,240,1,2,183103,69395,58712,8821,49170,0.378994
20,4,240,1,3,4264476,2129077,1470249,202403,511917,0.499259
20,4,240,1,4,4174737,10053,1722979,2953622,0,0.002408
