n,B_gw,tw_width,seed,n_gw_drivers,n_subsets_checked,pcf_cut_rate,mst_cut_rate,both_cut_rate,either_cut_rate,mst_extra_over_pcf,elapsed_s
20,3,30,0,5,6650,0.02782,0.0,0.0,0.02782,0.0,0.198
20,3,30,1,5,6650,0.042105,0.0,0.0,0.042105,0.0,0.164
20,3,30,2,5,6650,0.093985,0.0,0.0,0.093985,0.0,0.175
20,3,60,0,5,6650,0.0,0.0,0.0,0.0,0.0,0.173
20,3,60,1,5,6650,0.0,0.0,0.0,0.0,0.0,0.189
20,3,60,2,5,6650,0.0,0.0,0.0,0.0,0.0,0.191
20,3,120,0,5,6650,0.0,0.0,0.0,0.0,0.0,0.215
20,3,120,1,5,6650,0.0,0.0,0.0,0.0,0.0,0.163
20,3,120,2,5,6650,0.0,0.0,0.0,0.0,0.0,0.178
20,3,240,0,5,6650,0.0,0.0,0.0,0.0,0.0,0.178
20,3,240,1,5,6650,0.0,0.0,0.0,0.0,0.0,0.2
20,3,240,2,5,6650,0.0,0.0,0.0,0.0,0.0,0.187
20,4,30,0,5,30875,0.48081,0.0,0.0,0.48081,0.0,1.479
20,4,30,1,5,30875,0.055547,0.0,0.0,0.055547,0.0,1.597
20,4,30,2,5,30875,0.080324,0.0,0.0,0.080324,0.0,1.604
20,4,60,0,5,30875,0.0,0.0,0.0,0.0,0.0,1.5
20,4,60,1,5,30875,0.0,0.0,0.0,0.0,0.0,1.532
20,4,60,2,5,30875,0.0,0.0,0.0,0.0,0.0,1.474
20,4,120,0,5,30875,0.0,0.0,0.0,0.0,0.0,1.579
20,4,120,1,5,30875,0.0,0.0,0.0,0.0,0.0,1.555
20,4,120,2,5,30875,0.0,0.0,0.0,0.0,0.0,1.494
20,4,240,0,5,30875,0.0,0.0,0.0,0.0,0.0,1.494
20,4,240,1,5,30875,0.0,0.0,0.0,0.0,0.0,1.422
20,4,240,2,5,30875,0.0,0.0,0.0,0.0,0.0,1.416
20,5,30,0,5,30875,0.0,0.0,0.0,0.0,0.0,1.495
20,5,30,1,5,30875,0.23417,0.0,0.0,0.23417,0.0,1.55
20,5,30,2,5,30875,0.052794,0.0,0.0,0.052794,0.0,1.499
20,5,60,0,5,30875,0.0,0.0,0.0,0.0,0.0,1.519
20,5,60,1,5,30875,0.0,0.0,0.0,0.0,0.0,1.446
20,5,60,2,5,30875,0.0,0.0,0.0,0.0,0.0,1.417
20,5,120,0,5,30875,0.0,0.0,0.0,0.0,0.0,1.43
20,5,120,1,5,30875,0.0,0.0,0.0,0.0,0.0,1.411
20,5,120,2,5,30875,0.0,0.0,0.0,0.0,0.0,1.414
20,5,240,0,5,30875,0.0,0.0,0.0,0.0,0.0,1.48
20,5,240,1,5,30875,0.0,0.0,0.0,0.0,0.0,1.532
20,5,240,2,5,30875,0.0,0.0,0.0,0.0,0.0,1.365
30,3,30,0,5,22475,0.048498,0.0,0.0,0.048498,0.0,0.737
30,3,30,1,5,22475,0.181535,0.0,0.0,0.181535,0.0,0.685
30,3,30,2,5,22475,0.097219,0.0,0.0,0.097219,0.0,0.691
30,3,60,0,5,22475,0.0,0.0,0.0,0.0,0.0,0.767
30,3,60,1,5,22475,0.0,0.0,0.0,0.0,0.0,0.781
30,3,60,2,5,22475,0.0,0.0,0.0,0.0,0.0,0.677
30,3,120,0,5,22475,0.0,0.0,0.0,0.0,0.0,0.686
30,3,120,1,5,22475,0.0,0.0,0.0,0.0,0.0,0.727
30,3,120,2,5,22475,0.0,0.0,0.0,0.0,0.0,0.718
30,3,240,0,5,22475,0.0,0.0,0.0,0.0,0.0,0.693
30,3,240,1,5,22475,0.0,0.0,0.0,0.0,0.0,0.713
30,3,240,2,5,22475,0.0,0.0,0.0,0.0,0.0,0.84
30,4,30,0,5,159500,0.162571,0.0,0.0,0.162571,0.0,7.818
30,4,30,1,5,159500,0.048339,0.0,0.0,0.048339,0.0,7.767
30,4,30,2,5,159500,0.085298,0.0,0.0,0.085298,0.0,8.321
30,4,60,0,5,159500,0.0,0.0,0.0,0.0,0.0,7.959
30,4,60,1,5,159500,0.0,0.0,0.0,0.0,0.0,7.95
30,4,60,2,5,159500,0.0,0.0,0.0,0.0,0.0,7.666
30,4,120,0,5,159500,0.0,0.0,0.0,0.0,0.0,7.837
30,4,120,1,5,159500,0.0,0.0,0.0,0.0,0.0,8.198
30,4,120,2,5,159500,0.0,0.0,0.0,0.0,0.0,7.943
30,4,240,0,5,159500,0.0,0.0,0.0,0.0,0.0,7.938
30,4,240,1,5,159500,0.0,0.0,0.0,0.0,0.0,7.643
30,4,240,2,5,159500,0.0,0.0,0.0,0.0,0.0,8.211
30,5,30,0,5,159500,0.049185,0.0,0.0,0.049185,0.0,8.034
30,5,30,1,5,159500,0.167618,0.0,0.0,0.167618,0.0,7.875
30,5,30,2,5,159500,0.404483,0.0,0.0,0.404483,0.0,7.823
30,5,60,0,5,159500,0.0,0.0,0.0,0.0,0.0,8.117
30,5,60,1,5,159500,0.0,0.0,0.0,0.0,0.0,8.584
30,5,60,2,5,159500,0.0,0.0,0.0,0.0,0.0,8.502
30,5,120,0,5,159500,0.0,0.0,0.0,0.0,0.0,9.071
30,5,120,1,5,159500,0.0,0.0,0.0,0.0,0.0,8.87
30,5,120,2,5,159500,0.0,0.0,0.0,0.0,0.0,8.109
30,5,240,0,5,159500,0.0,0.0,0.0,0.0,0.0,8.014
30,5,240,1,5,159500,0.0,0.0,0.0,0.0,0.0,7.416
30,5,240,2,5,159500,0.0,0.0,0.0,0.0,0.0,7.84
50,3,30,0,5,104125,0.12946,0.0,0.0,0.12946,0.0,3.722
50,3,30,1,5,104125,0.17503,0.0,0.0,0.17503,0.0,3.582
50,3,30,2,5,104125,0.18569,0.0,0.0,0.18569,0.0,3.154
50,3,60,0,5,104125,0.0,0.0,0.0,0.0,0.0,3.622
50,3,60,1,5,104125,0.0,0.0,0.0,0.0,0.0,3.901
50,3,60,2,5,104125,0.0,0.0,0.0,0.0,0.0,3.412
50,3,120,0,5,104125,0.0,0.0,0.0,0.0,0.0,3.248
50,3,120,1,5,104125,0.0,0.0,0.0,0.0,0.0,3.186
50,3,120,2,5,104125,0.0,0.0,0.0,0.0,0.0,3.18
50,3,240,0,5,104125,0.0,0.0,0.0,0.0,0.0,2.97
50,3,240,1,5,104125,0.0,0.0,0.0,0.0,0.0,3.072
50,3,240,2,5,104125,0.0,0.0,0.0,0.0,0.0,3.425
50,4,30,0,5,1255625,0.126013,0.0,0.0,0.126013,0.0,64.817
50,4,30,1,5,1255625,0.236926,0.0,0.0,0.236926,0.0,62.805
50,4,30,2,5,1255625,0.103327,0.0,0.0,0.103327,0.0,63.513
50,4,60,0,5,1255625,0.0,0.0,0.0,0.0,0.0,66.514
50,4,60,1,5,1255625,0.0,0.0,0.0,0.0,0.0,70.036
50,4,60,2,5,1255625,0.0,0.0,0.0,0.0,0.0,63.967
50,4,120,0,5,1255625,0.0,0.0,0.0,0.0,0.0,64.842
