n,B_gw,tw_width,seed,elapsed_s,feas_kill_rate_round0,feas_kill_rate_lastround,frontier_round0,frontier_lastround,verdict
20,3,30,0,0.914,0.0,0.563932,5,50475,case1_present
20,3,30,1,1.967,0.0,0.319201,5,81039,case1_present
20,3,30,2,0.785,0.0,0.54681,5,42476,case1_present
20,3,60,0,2.799,0.0,0.222128,5,112007,case1_present
20,3,60,1,2.402,0.0,0.264356,5,103156,case1_present
20,3,60,2,6.791,0.0,0.000188,5,230552,case2_dominant
20,3,120,0,2.397,0.0,0.256499,5,108974,case1_present
20,3,120,1,7.01,0.0,0.007206,5,263757,case2_dominant
20,3,120,2,3.411,0.0,0.166342,5,138202,case1_present
20,3,240,0,5.384,0.0,0.001045,5,220814,case2_dominant
20,3,240,1,6.415,0.0,0.0,5,243010,case2_dominant
20,3,240,2,5.137,0.0,0.010747,5,214254,case2_dominant
20,4,30,0,14.953,0.0,0.665181,5,440555,case1_present
20,4,30,1,10.222,0.0,0.702405,5,354669,case1_present
20,4,30,2,8.54,0.0,0.715839,5,303343,case1_present
20,4,60,0,41.722,0.0,0.35427,5,888202,case1_present
20,4,60,1,33.583,0.0,0.390247,5,841019,case1_present
20,4,60,2,31.511,0.0,0.424837,5,671578,case1_present
20,4,120,0,57.968,0.0,0.263284,5,1293381,case1_present
20,4,120,1,139.709,0.0,0.02378,5,3259293,case2_dominant
20,4,120,2,82.582,0.0,0.168237,5,1885793,case1_present
20,4,240,0,206.159,0.0,0.0,5,4587608,case2_dominant
20,4,240,1,122.121,0.0,0.002408,5,2953622,case2_dominant
