alignment_target,n,n_gw,n_od,n_replications,n_dropped_zero_single_cost,gain_vs_best_single_median,gain_vs_best_single_q1,gain_vs_best_single_q3,gain_vs_best_single_ci_lo,gain_vs_best_single_ci_hi,gain_vs_best_single_n,gain_vs_odfirst_median,gain_vs_odfirst_n,gain_vs_gwfirst_median,gain_vs_gwfirst_n
0.1,10,2,2,25,0,0.0,0.0,0.0,-3.586869835757779e-17,0.001306799615687425,25,0.0,25,0.0,25
0.1,10,2,3,25,0,0.0,0.0,0.0,2.8265696516512903e-17,0.0017158092476957233,25,0.0,25,0.0,25
0.1,10,3,2,25,0,0.0,0.0,0.0,0.0002083662680632224,0.011478765206301632,25,0.0,25,0.0,25
0.1,10,3,3,25,0,0.0,0.0,0.0,-4.135374838029334e-17,0.006025929697730802,25,0.0,25,0.0,25
0.1,15,2,2,25,0,0.0,0.0,2.1102711343592825e-16,0.0009586582634494828,0.005312152464178102,25,0.0,25,0.0,25
0.1,15,2,3,25,0,0.0,0.0,1.2827806261738927e-16,0.00027052322428730536,0.0062947808253628335,25,0.0,25,1.2117112015167098e-16,25
0.1,15,3,2,25,0,0.0,0.0,1.1691047328414495e-16,0.0001999254877942947,0.006284115877331492,25,0.0,25,0.0,25
0.1,15,3,3,25,0,0.0,0.0,0.0025464451900181324,0.0012162136535440631,0.005905969671666984,25,0.0,25,1.2086297854499081e-16,25
0.1,20,2,2,25,0,1.8183411955352456e-16,0.0,0.009018365235094033,0.0026809843038604515,0.009453524936023612,25,1.6023613843378767e-16,25,1.8239084065157018e-16,25
0.1,20,2,3,25,0,0.0012880378825270214,0.0,0.006842699476514374,0.002695116763838896,0.010756986370338473,25,1.767434633617236e-16,25,1.6308403169914697e-16,25
0.1,20,3,2,25,0,0.0,0.0,0.004093514796775129,0.0008755128972636059,0.003486153971867883,25,1.6758427930691366e-16,25,0.0,25
0.1,20,3,3,25,0,0.0,0.0,0.010377936727348654,0.0026264084057008455,0.008357406034308916,25,3.055569064500309e-16,25,2.0469435021594228e-16,25
0.3,10,2,2,25,0,0.0,0.0,0.0,-2.1632787547343293e-17,0.007066516977067336,25,0.0,25,0.0,25
0.3,10,2,3,25,0,0.0,0.0,0.0,-7.865412137194287e-18,0.003299308182434082,25,0.0,25,0.0,25
0.3,10,3,2,25,0,0.0,0.0,0.007852884188295906,0.002086386409892749,0.01032072304491795,25,0.0,25,0.0,25
0.3,10,3,3,25,0,0.0,0.0,0.0,0.00010144186593873353,0.005768474160949536,25,0.0,25,0.0,25
0.3,15,2,2,25,0,0.0,0.0,0.007655694144331125,0.0020073175272213735,0.007263614765519866,25,0.0,25,2.0065601868719675e-16,25
0.3,15,2,3,25,0,0.0008197322914010463,0.0,0.015468232455940877,0.004132818635892762,0.014239492654708528,25,0.0,25,2.1530440543690242e-16,25
0.3,15,3,2,25,0,2.1848993123866376e-16,0.0,0.007609769025724087,0.0019653910084573654,0.011349009533603604,25,0.0,25,1.2744027076713445e-16,25
0.3,15,3,3,25,0,0.0,0.0,0.005452101103131807,0.0017483614076979177,0.011363577125119857,25,0.0,25,1.288551185696925e-16,25
0.3,20,2,2,25,0,0.0035303562654514006,0.0,0.01064552828327072,0.0033420618760187115,0.009467207403193427,25,1.7057256931693474e-16,25,1.8672017191030197e-16,25
0.3,20,2,3,25,0,0.0020145772716909966,0.0,0.01147197384298355,0.0036041890535962466,0.011929003183367764,25,0.0,25,1.827691997000828e-16,25
0.3,20,3,2,25,0,1.5966694654610508e-16,0.0,0.0046490456314033,0.00139565537814203,0.004710076033608493,25,0.0,25,1.9281333272626359e-16,25
0.3,20,3,3,25,0,0.0028152720210979122,0.0,0.009248006730566074,0.003941447036752801,0.012233322323047064,25,1.838406717042855e-16,25,1.810592778556297e-16,25
0.5,10,2,2,25,0,0.0,0.0,0.0,-6.14323638995363e-17,-6.348856827319584e-18,25,0.0,25,0.0,25
0.5,10,2,3,25,0,0.0,0.0,0.0,-1.8794362453436043e-17,1.7879092468596477e-17,25,0.0,25,0.0,25
0.5,10,3,2,25,0,0.0,0.0,0.0,-7.08816097264689e-17,5.668696099927949e-18,25,0.0,25,0.0,25
0.5,10,3,3,25,0,0.0,0.0,0.0,-4.9555890041005666e-17,7.1203477995795e-18,25,0.0,25,0.0,25
0.5,15,2,2,25,0,0.0,0.0,0.0,-2.9474548894986196e-17,2.536039159549968e-17,25,0.0,25,0.0,25
0.5,15,2,3,25,0,0.0,0.0,0.0,-5.3225928868364774e-17,0.0015666719367525804,25,0.0,25,0.0,25
0.5,15,3,2,25,0,0.0,0.0,0.0,-9.210742210579126e-18,0.0014467681026325214,25,0.0,25,0.0,25
0.5,15,3,3,25,0,0.0,0.0,0.0,-3.6212072123164113e-17,0.0009443171160155578,25,0.0,25,0.0,25
0.5,20,2,2,25,0,0.0,0.0,0.0,-6.664449895139856e-17,-6.466256929822121e-18,25,0.0,25,0.0,25
0.5,20,2,3,25,0,0.0,0.0,0.0,-3.4629658244362594e-17,0.003965449934948006,25,0.0,25,0.0,25
0.5,20,3,2,25,0,0.0,0.0,0.0,-4.610301421477146e-17,4.51168964030988e-05,25,0.0,25,0.0,25
0.5,20,3,3,25,0,0.0,0.0,0.0,-1.4634534547082103e-17,0.003225775580038181,25,0.0,25,0.0,25
0.7,10,2,2,25,0,0.0,0.0,0.00029804192920558555,0.002814062783824745,0.020359174838325233,25,0.0,25,1.809894238154799e-16,25
0.7,10,2,3,25,0,0.0,0.0,1.0241036034427252e-05,0.0009064829855198903,0.011596074080285856,25,0.0,25,0.0,25
0.7,10,3,2,25,0,0.01013532213083527,0.0,0.022499481882491745,0.007867246997740109,0.020223000030896075,25,0.0,25,0.008872472226643575,25
0.7,10,3,3,25,0,1.1114367158673314e-16,0.0,0.0007015829903328468,0.0017336343757133855,0.011457097828779786,25,0.0,25,2.204353407690638e-16,25
0.7,15,2,2,25,0,0.0,0.0,0.011332901265801266,0.00391381264790821,0.011939943496411082,25,0.0,25,0.013711120515156387,25
0.7,15,2,3,25,0,0.0,0.0,0.006545448354799925,0.0016989942279777212,0.010740841005213652,25,1.1982583421468604e-16,25,0.008196907582986104,25
0.7,15,3,2,25,0,0.015826589112430338,0.004004357389752791,0.03322318732470251,0.013359413106050159,0.028157710262145336,25,1.4887909434163962e-16,25,0.015826589112430466,25
0.7,15,3,3,25,0,0.01155842058512452,0.0,0.017221940774950015,0.007605237815401548,0.016227270618934253,25,1.210855597553875e-16,25,0.01710398716768719,25
0.7,20,2,2,25,0,0.019550498988558932,0.013460657824075973,0.028244690776697518,0.018374928913293863,0.036982938105359325,25,1.1964983077167558e-16,25,0.013254438718766807,25
0.7,20,2,3,25,0,0.017106569362354326,1.9101819214967276e-16,0.02202693947195102,0.010303575085723693,0.023424765838222176,25,0.0,25,0.021431331657228235,25
0.7,20,3,2,25,0,0.021581184106422544,0.00804622425994168,0.033358276902067316,0.015604875188995702,0.029151310138259584,25,2.0734751065923352e-16,25,0.01321258111296644,25
0.7,20,3,3,25,0,0.015666415792981857,0.004282980771572975,0.026670606131509265,0.013775401942720315,0.0301910685132129,25,1.7768651592836587e-16,25,0.01973636136826348,25
0.9,10,2,2,25,0,0.04549440209531734,0.018234356142897104,0.0899351229514616,0.03865120676376048,0.07040884615863764,25,1.3224385422365886e-16,25,0.053431610950116504,25
0.9,10,2,3,25,0,0.04242316491779545,0.023469563315492787,0.06460906410581409,0.036804199528725975,0.06389800707175389,25,0.0032643064557281104,25,0.0502639349241293,25
0.9,10,3,2,25,0,0.048764370225626276,0.02540785748757984,0.06708109715616485,0.036995477154286825,0.06183369913245808,25,1.3846082048977153e-16,25,0.029727276649652853,25
0.9,10,3,3,25,0,0.06604316101801719,0.04667342585702381,0.07912843979233798,0.05249791698452247,0.08469047674949721,25,0.004811742631495454,25,0.05272512930142474,25
0.9,15,2,2,25,0,0.056611046286534815,0.030961623304191308,0.0884749311070415,0.047052811687603245,0.07932455264287633,25,0.0,25,0.01711525697496132,25
0.9,15,2,3,25,0,0.07075009083759791,0.035954079286864886,0.08739899983680388,0.05279908568486471,0.08474916524018157,25,2.143283303022189e-16,25,0.034962875381031364,25
0.9,15,3,2,25,0,0.05853946684642417,0.0350069326055566,0.07141091209900148,0.04176632384308324,0.06692867222401536,25,0.0,25,0.0316614912935508,25
0.9,15,3,3,25,0,0.055904774127824255,0.04226136826098717,0.07300973770093577,0.04633653736970127,0.06965972391146202,25,0.00018094005074734902,25,0.02940298057377041,25
0.9,20,2,2,25,0,0.05789438231976863,0.04078059961261046,0.08430668712095767,0.05227844414797857,0.07673517733537816,25,1.6365845165134715e-16,25,0.020871869757953153,25
0.9,20,2,3,25,0,0.056952982705654756,0.03728878148058914,0.0800850921802699,0.04661709324137638,0.06628227215876421,25,1.6969685717193333e-16,25,0.00868671955622283,25
0.9,20,3,2,25,0,0.06535445932188604,0.05274307957317253,0.08653655731642185,0.06031456264616521,0.07938358454696676,25,1.6536312336551185e-16,25,0.026209318842582967,25
0.9,20,3,3,25,0,0.07804750991803071,0.06943895238018401,0.08820213286799977,0.06201922724719416,0.08030277499124254,25,0.002066778030633538,25,0.029338481417575474,25
