alignment,n,fd_rate_median,fd_rate_mean,n_instance,pilot_target_lo,pilot_target_hi,in_pilot_target
0.1,10,0.9,0.838,100,0.1,0.5,False
0.1,15,0.8666666666666667,0.8446666666666667,100,0.1,0.5,False
0.1,20,0.8,0.8085,100,0.1,0.5,False
0.3,10,0.9,0.836,100,0.1,0.5,False
0.3,15,0.8,0.7913333333333333,100,0.1,0.5,False
0.3,20,0.8,0.809,100,0.1,0.5,False
0.5,10,1.0,0.96,100,0.1,0.5,False
0.5,15,1.0,0.9460000000000001,100,0.1,0.5,False
0.5,20,1.0,0.9405,100,0.1,0.5,False
0.7,10,0.7,0.702,100,0.1,0.5,False
0.7,15,0.6666666666666666,0.6946666666666667,100,0.1,0.5,False
0.7,20,0.675,0.675,100,0.1,0.5,False
0.9,10,0.3,0.304,100,0.1,0.5,True
0.9,15,0.3333333333333333,0.37066666666666664,100,0.1,0.5,True
0.9,20,0.45,0.446,100,0.1,0.5,True
