variant,fd_multiplier,n_gw,n_od,rep,n_drivers,n_driver_kstar_empty,driver_empty_rate,instance_fully_fd
V5_fd075,0.75,2,2,0,4,4,1.0,True
V5_fd075,0.75,2,2,1,4,4,1.0,True
V5_fd075,0.75,2,2,2,4,4,1.0,True
V5_fd075,0.75,2,2,3,4,4,1.0,True
V5_fd075,0.75,2,2,4,4,2,0.5,False
V5_fd075,0.75,2,2,5,4,4,1.0,True
V5_fd075,0.75,2,2,6,4,4,1.0,True
V5_fd075,0.75,2,2,7,4,4,1.0,True
V5_fd075,0.75,2,2,8,4,4,1.0,True
V5_fd075,0.75,2,2,9,4,4,1.0,True
V5_fd075,0.75,2,2,10,4,4,1.0,True
V5_fd075,0.75,2,2,11,4,4,1.0,True
V5_fd075,0.75,2,2,12,4,4,1.0,True
V5_fd075,0.75,2,2,13,4,4,1.0,True
V5_fd075,0.75,2,2,14,4,4,1.0,True
V5_fd075,0.75,3,2,0,5,5,1.0,True
V5_fd075,0.75,3,2,1,5,5,1.0,True
V5_fd075,0.75,3,2,2,5,5,1.0,True
V5_fd075,0.75,3,2,3,5,5,1.0,True
V5_fd075,0.75,3,2,4,5,5,1.0,True
V5_fd075,0.75,3,2,5,5,4,0.8,False
V5_fd075,0.75,3,2,6,5,5,1.0,True
V5_fd075,0.75,3,2,7,5,5,1.0,True
V5_fd075,0.75,3,2,8,5,4,0.8,False
V5_fd075,0.75,3,2,9,5,5,1.0,True
V5_fd075,0.75,3,2,10,5,4,0.8,False
V5_fd075,0.75,3,2,11,5,4,0.8,False
V5_fd075,0.75,3,2,12,5,5,1.0,True
V5_fd075,0.75,3,2,13,5,5,1.0,True
V5_fd075,0.75,3,2,14,5,4,0.8,False
V5_fd075,0.75,2,3,0,5,5,1.0,True
V5_fd075,0.75,2,3,1,5,5,1.0,True
V5_fd075,0.75,2,3,2,5,4,0.8,False
V5_fd075,0.75,2,3,3,5,5,1.0,True
V5_fd075,0.75,2,3,4,5,5,1.0,True
V5_fd075,0.75,2,3,5,5,5,1.0,True
V5_fd075,0.75,2,3,6,5,4,0.8,False
V5_fd075,0.75,2,3,7,5,5,1.0,True
V5_fd075,0.75,2,3,8,5,5,1.0,True
V5_fd075,0.75,2,3,9,5,5,1.0,True
V5_fd075,0.75,2,3,10,5,5,1.0,True
V5_fd075,0.75,2,3,11,5,5,1.0,True
V5_fd075,0.75,2,3,12,5,5,1.0,True
V5_fd075,0.75,2,3,13,5,5,1.0,True
V5_fd075,0.75,2,3,14,5,4,0.8,False
V5_fd075,0.75,3,3,0,6,6,1.0,True
V5_fd075,0.75,3,3,1,6,4,0.6666666666666666,False
V5_fd075,0.75,3,3,2,6,6,1.0,True
V5_fd075,0.75,3,3,3,6,6,1.0,True
V5_fd075,0.75,3,3,4,6,6,1.0,True
V5_fd075,0.75,3,3,5,6,6,1.0,True
V5_fd075,0.75,3,3,6,6,6,1.0,True
V5_fd075,0.75,3,3,7,6,6,1.0,True
V5_fd075,0.75,3,3,8,6,6,1.0,True
V5_fd075,0.75,3,3,9,6,6,1.0,True
V5_fd075,0.75,3,3,10,6,6,1.0,True
V5_fd075,0.75,3,3,11,6,6,1.0,True
V5_fd075,0.75,3,3,12,6,6,1.0,True
V5_fd075,0.75,3,3,13,6,6,1.0,True
V5_fd075,0.75,3,3,14,6,5,0.8333333333333334,False
V0_baseline,1.0,2,2,0,4,4,1.0,True
V0_baseline,1.0,2,2,1,4,4,1.0,True
V0_baseline,1.0,2,2,2,4,2,0.5,False
V0_baseline,1.0,2,2,3,4,4,1.0,True
V0_baseline,1.0,2,2,4,4,2,0.5,False
V0_baseline,1.0,2,2,5,4,2,0.5,False
V0_baseline,1.0,2,2,6,4,4,1.0,True
V0_baseline,1.0,2,2,7,4,1,0.25,False
V0_baseline,1.0,2,2,8,4,4,1.0,True
V0_baseline,1.0,2,2,9,4,4,1.0,True
V0_baseline,1.0,2,2,10,4,4,1.0,True
V0_baseline,1.0,2,2,11,4,4,1.0,True
V0_baseline,1.0,2,2,12,4,2,0.5,False
V0_baseline,1.0,2,2,13,4,4,1.0,True
V0_baseline,1.0,2,2,14,4,3,0.75,False
V0_baseline,1.0,3,2,0,5,5,1.0,True
V0_baseline,1.0,3,2,1,5,5,1.0,True
V0_baseline,1.0,3,2,2,5,2,0.4,False
V0_baseline,1.0,3,2,3,5,3,0.6,False
V0_baseline,1.0,3,2,4,5,5,1.0,True
V0_baseline,1.0,3,2,5,5,4,0.8,False
V0_baseline,1.0,3,2,6,5,2,0.4,False
V0_baseline,1.0,3,2,7,5,4,0.8,False
V0_baseline,1.0,3,2,8,5,1,0.2,False
V0_baseline,1.0,3,2,9,5,3,0.6,False
V0_baseline,1.0,3,2,10,5,3,0.6,False
V0_baseline,1.0,3,2,11,5,1,0.2,False
V0_baseline,1.0,3,2,12,5,4,0.8,False
V0_baseline,1.0,3,2,13,5,5,1.0,True
V0_baseline,1.0,3,2,14,5,4,0.8,False
V0_baseline,1.0,2,3,0,5,5,1.0,True
V0_baseline,1.0,2,3,1,5,3,0.6,False
V0_baseline,1.0,2,3,2,5,2,0.4,False
V0_baseline,1.0,2,3,3,5,5,1.0,True
V0_baseline,1.0,2,3,4,5,5,1.0,True
V0_baseline,1.0,2,3,5,5,5,1.0,True
V0_baseline,1.0,2,3,6,5,3,0.6,False
V0_baseline,1.0,2,3,7,5,5,1.0,True
V0_baseline,1.0,2,3,8,5,4,0.8,False
V0_baseline,1.0,2,3,9,5,3,0.6,False
V0_baseline,1.0,2,3,10,5,3,0.6,False
V0_baseline,1.0,2,3,11,5,5,1.0,True
V0_baseline,1.0,2,3,12,5,5,1.0,True
V0_baseline,1.0,2,3,13,5,3,0.6,False
V0_baseline,1.0,2,3,14,5,4,0.8,False
V0_baseline,1.0,3,3,0,6,5,0.8333333333333334,False
V0_baseline,1.0,3,3,1,6,3,0.5,False
V0_baseline,1.0,3,3,2,6,6,1.0,True
V0_baseline,1.0,3,3,3,6,3,0.5,False
V0_baseline,1.0,3,3,4,6,6,1.0,True
V0_baseline,1.0,3,3,5,6,6,1.0,True
V0_baseline,1.0,3,3,6,6,3,0.5,False
V0_baseline,1.0,3,3,7,6,5,0.8333333333333334,False
V0_baseline,1.0,3,3,8,6,6,1.0,True
V0_baseline,1.0,3,3,9,6,3,0.5,False
V0_baseline,1.0,3,3,10,6,6,1.0,True
V0_baseline,1.0,3,3,11,6,6,1.0,True
V0_baseline,1.0,3,3,12,6,6,1.0,True
V0_baseline,1.0,3,3,13,6,6,1.0,True
V0_baseline,1.0,3,3,14,6,2,0.3333333333333333,False
V6_fd125,1.25,2,2,0,4,4,1.0,True
V6_fd125,1.25,2,2,1,4,2,0.5,False
V6_fd125,1.25,2,2,2,4,2,0.5,False
V6_fd125,1.25,2,2,3,4,4,1.0,True
V6_fd125,1.25,2,2,4,4,2,0.5,False
V6_fd125,1.25,2,2,5,4,2,0.5,False
V6_fd125,1.25,2,2,6,4,4,1.0,True
V6_fd125,1.25,2,2,7,4,1,0.25,False
V6_fd125,1.25,2,2,8,4,3,0.75,False
V6_fd125,1.25,2,2,9,4,4,1.0,True
V6_fd125,1.25,2,2,10,4,2,0.5,False
V6_fd125,1.25,2,2,11,4,3,0.75,False
V6_fd125,1.25,2,2,12,4,2,0.5,False
V6_fd125,1.25,2,2,13,4,4,1.0,True
V6_fd125,1.25,2,2,14,4,2,0.5,False
V6_fd125,1.25,3,2,0,5,1,0.2,False
V6_fd125,1.25,3,2,1,5,2,0.4,False
V6_fd125,1.25,3,2,2,5,2,0.4,False
V6_fd125,1.25,3,2,3,5,2,0.4,False
V6_fd125,1.25,3,2,4,5,5,1.0,True
V6_fd125,1.25,3,2,5,5,1,0.2,False
V6_fd125,1.25,3,2,6,5,2,0.4,False
V6_fd125,1.25,3,2,7,5,2,0.4,False
V6_fd125,1.25,3,2,8,5,1,0.2,False
V6_fd125,1.25,3,2,9,5,2,0.4,False
V6_fd125,1.25,3,2,10,5,1,0.2,False
V6_fd125,1.25,3,2,11,5,1,0.2,False
V6_fd125,1.25,3,2,12,5,2,0.4,False
V6_fd125,1.25,3,2,13,5,2,0.4,False
V6_fd125,1.25,3,2,14,5,1,0.2,False
V6_fd125,1.25,2,3,0,5,5,1.0,True
V6_fd125,1.25,2,3,1,5,3,0.6,False
V6_fd125,1.25,2,3,2,5,2,0.4,False
V6_fd125,1.25,2,3,3,5,5,1.0,True
V6_fd125,1.25,2,3,4,5,3,0.6,False
V6_fd125,1.25,2,3,5,5,4,0.8,False
V6_fd125,1.25,2,3,6,5,3,0.6,False
V6_fd125,1.25,2,3,7,5,5,1.0,True
V6_fd125,1.25,2,3,8,5,3,0.6,False
V6_fd125,1.25,2,3,9,5,3,0.6,False
V6_fd125,1.25,2,3,10,5,3,0.6,False
V6_fd125,1.25,2,3,11,5,4,0.8,False
V6_fd125,1.25,2,3,12,5,3,0.6,False
V6_fd125,1.25,2,3,13,5,1,0.2,False
V6_fd125,1.25,2,3,14,5,3,0.6,False
V6_fd125,1.25,3,3,0,6,2,0.3333333333333333,False
V6_fd125,1.25,3,3,1,6,3,0.5,False
V6_fd125,1.25,3,3,2,6,3,0.5,False
V6_fd125,1.25,3,3,3,6,3,0.5,False
V6_fd125,1.25,3,3,4,6,3,0.5,False
V6_fd125,1.25,3,3,5,6,6,1.0,True
V6_fd125,1.25,3,3,6,6,3,0.5,False
V6_fd125,1.25,3,3,7,6,3,0.5,False
V6_fd125,1.25,3,3,8,6,6,1.0,True
V6_fd125,1.25,3,3,9,6,3,0.5,False
V6_fd125,1.25,3,3,10,6,6,1.0,True
V6_fd125,1.25,3,3,11,6,5,0.8333333333333334,False
V6_fd125,1.25,3,3,12,6,3,0.5,False
V6_fd125,1.25,3,3,13,6,3,0.5,False
V6_fd125,1.25,3,3,14,6,0,0.0,False
