variant,fd_multiplier,n_gw,n_od,rep,driver_id,feasible_empty,kstar_empty,fd_dominated
V5_fd075,0.75,2,2,0,gw0,False,True,True
V5_fd075,0.75,2,2,0,gw1,False,True,True
V5_fd075,0.75,2,2,0,od0,True,True,False
V5_fd075,0.75,2,2,0,od1,True,True,False
V5_fd075,0.75,2,2,1,gw0,False,True,True
V5_fd075,0.75,2,2,1,gw1,False,True,True
V5_fd075,0.75,2,2,1,od0,True,True,False
V5_fd075,0.75,2,2,1,od1,True,True,False
V5_fd075,0.75,2,2,2,gw0,False,True,True
V5_fd075,0.75,2,2,2,gw1,False,True,True
V5_fd075,0.75,2,2,2,od0,True,True,False
V5_fd075,0.75,2,2,2,od1,True,True,False
V5_fd075,0.75,2,2,3,gw0,False,True,True
V5_fd075,0.75,2,2,3,gw1,False,True,True
V5_fd075,0.75,2,2,3,od0,True,True,False
V5_fd075,0.75,2,2,3,od1,True,True,False
V5_fd075,0.75,2,2,4,gw0,False,False,False
V5_fd075,0.75,2,2,4,gw1,False,False,False
V5_fd075,0.75,2,2,4,od0,True,True,False
V5_fd075,0.75,2,2,4,od1,True,True,False
V5_fd075,0.75,2,2,5,gw0,False,True,True
V5_fd075,0.75,2,2,5,gw1,False,True,True
V5_fd075,0.75,2,2,5,od0,True,True,False
V5_fd075,0.75,2,2,5,od1,True,True,False
V5_fd075,0.75,2,2,6,gw0,False,True,True
V5_fd075,0.75,2,2,6,gw1,False,True,True
V5_fd075,0.75,2,2,6,od0,True,True,False
V5_fd075,0.75,2,2,6,od1,True,True,False
V5_fd075,0.75,2,2,7,gw0,False,True,True
V5_fd075,0.75,2,2,7,gw1,False,True,True
V5_fd075,0.75,2,2,7,od0,False,True,True
V5_fd075,0.75,2,2,7,od1,True,True,False
V5_fd075,0.75,2,2,8,gw0,False,True,True
V5_fd075,0.75,2,2,8,gw1,False,True,True
V5_fd075,0.75,2,2,8,od0,False,True,True
V5_fd075,0.75,2,2,8,od1,True,True,False
V5_fd075,0.75,2,2,9,gw0,False,True,True
V5_fd075,0.75,2,2,9,gw1,False,True,True
V5_fd075,0.75,2,2,9,od0,True,True,False
V5_fd075,0.75,2,2,9,od1,True,True,False
V5_fd075,0.75,2,2,10,gw0,False,True,True
V5_fd075,0.75,2,2,10,gw1,False,True,True
V5_fd075,0.75,2,2,10,od0,True,True,False
V5_fd075,0.75,2,2,10,od1,True,True,False
V5_fd075,0.75,2,2,11,gw0,False,True,True
V5_fd075,0.75,2,2,11,gw1,False,True,True
V5_fd075,0.75,2,2,11,od0,True,True,False
V5_fd075,0.75,2,2,11,od1,True,True,False
V5_fd075,0.75,2,2,12,gw0,False,True,True
V5_fd075,0.75,2,2,12,gw1,False,True,True
V5_fd075,0.75,2,2,12,od0,True,True,False
V5_fd075,0.75,2,2,12,od1,True,True,False
V5_fd075,0.75,2,2,13,gw0,False,True,True
V5_fd075,0.75,2,2,13,gw1,False,True,True
V5_fd075,0.75,2,2,13,od0,True,True,False
V5_fd075,0.75,2,2,13,od1,True,True,False
V5_fd075,0.75,2,2,14,gw0,False,True,True
V5_fd075,0.75,2,2,14,gw1,False,True,True
V5_fd075,0.75,2,2,14,od0,True,True,False
V5_fd075,0.75,2,2,14,od1,True,True,False
V5_fd075,0.75,3,2,0,gw0,False,True,True
V5_fd075,0.75,3,2,0,gw1,False,True,True
V5_fd075,0.75,3,2,0,gw2,False,True,True
V5_fd075,0.75,3,2,0,od0,False,True,True
V5_fd075,0.75,3,2,0,od1,True,True,False
V5_fd075,0.75,3,2,1,gw0,False,True,True
V5_fd075,0.75,3,2,1,gw1,False,True,True
V5_fd075,0.75,3,2,1,gw2,False,True,True
V5_fd075,0.75,3,2,1,od0,True,True,False
V5_fd075,0.75,3,2,1,od1,True,True,False
V5_fd075,0.75,3,2,2,gw0,False,True,True
V5_fd075,0.75,3,2,2,gw1,False,True,True
V5_fd075,0.75,3,2,2,gw2,False,True,True
V5_fd075,0.75,3,2,2,od0,True,True,False
V5_fd075,0.75,3,2,2,od1,True,True,False
V5_fd075,0.75,3,2,3,gw0,False,True,True
V5_fd075,0.75,3,2,3,gw1,False,True,True
V5_fd075,0.75,3,2,3,gw2,False,True,True
V5_fd075,0.75,3,2,3,od0,True,True,False
V5_fd075,0.75,3,2,3,od1,True,True,False
V5_fd075,0.75,3,2,4,gw0,False,True,True
V5_fd075,0.75,3,2,4,gw1,False,True,True
V5_fd075,0.75,3,2,4,gw2,False,True,True
V5_fd075,0.75,3,2,4,od0,True,True,False
V5_fd075,0.75,3,2,4,od1,True,True,False
V5_fd075,0.75,3,2,5,gw0,False,True,True
V5_fd075,0.75,3,2,5,gw1,False,True,True
V5_fd075,0.75,3,2,5,gw2,False,True,True
V5_fd075,0.75,3,2,5,od0,False,False,False
V5_fd075,0.75,3,2,5,od1,True,True,False
V5_fd075,0.75,3,2,6,gw0,False,True,True
V5_fd075,0.75,3,2,6,gw1,False,True,True
V5_fd075,0.75,3,2,6,gw2,False,True,True
V5_fd075,0.75,3,2,6,od0,True,True,False
V5_fd075,0.75,3,2,6,od1,True,True,False
V5_fd075,0.75,3,2,7,gw0,False,True,True
V5_fd075,0.75,3,2,7,gw1,False,True,True
V5_fd075,0.75,3,2,7,gw2,False,True,True
V5_fd075,0.75,3,2,7,od0,True,True,False
V5_fd075,0.75,3,2,7,od1,True,True,False
V5_fd075,0.75,3,2,8,gw0,False,True,True
V5_fd075,0.75,3,2,8,gw1,False,True,True
V5_fd075,0.75,3,2,8,gw2,False,True,True
V5_fd075,0.75,3,2,8,od0,False,False,False
V5_fd075,0.75,3,2,8,od1,True,True,False
V5_fd075,0.75,3,2,9,gw0,False,True,True
V5_fd075,0.75,3,2,9,gw1,False,True,True
V5_fd075,0.75,3,2,9,gw2,False,True,True
V5_fd075,0.75,3,2,9,od0,True,True,False
V5_fd075,0.75,3,2,9,od1,True,True,False
V5_fd075,0.75,3,2,10,gw0,False,True,True
V5_fd075,0.75,3,2,10,gw1,False,True,True
V5_fd075,0.75,3,2,10,gw2,False,True,True
V5_fd075,0.75,3,2,10,od0,False,False,False
V5_fd075,0.75,3,2,10,od1,True,True,False
V5_fd075,0.75,3,2,11,gw0,False,True,True
V5_fd075,0.75,3,2,11,gw1,False,True,True
V5_fd075,0.75,3,2,11,gw2,False,True,True
V5_fd075,0.75,3,2,11,od0,True,True,False
V5_fd075,0.75,3,2,11,od1,False,False,False
V5_fd075,0.75,3,2,12,gw0,False,True,True
V5_fd075,0.75,3,2,12,gw1,False,True,True
V5_fd075,0.75,3,2,12,gw2,False,True,True
V5_fd075,0.75,3,2,12,od0,True,True,False
V5_fd075,0.75,3,2,12,od1,True,True,False
V5_fd075,0.75,3,2,13,gw0,False,True,True
V5_fd075,0.75,3,2,13,gw1,False,True,True
V5_fd075,0.75,3,2,13,gw2,False,True,True
V5_fd075,0.75,3,2,13,od0,True,True,False
V5_fd075,0.75,3,2,13,od1,True,True,False
V5_fd075,0.75,3,2,14,gw0,False,True,True
V5_fd075,0.75,3,2,14,gw1,False,True,True
V5_fd075,0.75,3,2,14,gw2,False,True,True
V5_fd075,0.75,3,2,14,od0,False,False,False
V5_fd075,0.75,3,2,14,od1,True,True,False
V5_fd075,0.75,2,3,0,gw0,False,True,True
V5_fd075,0.75,2,3,0,gw1,False,True,True
V5_fd075,0.75,2,3,0,od0,True,True,False
V5_fd075,0.75,2,3,0,od1,True,True,False
V5_fd075,0.75,2,3,0,od2,True,True,False
V5_fd075,0.75,2,3,1,gw0,False,True,True
V5_fd075,0.75,2,3,1,gw1,False,True,True
V5_fd075,0.75,2,3,1,od0,True,True,False
V5_fd075,0.75,2,3,1,od1,True,True,False
V5_fd075,0.75,2,3,1,od2,True,True,False
V5_fd075,0.75,2,3,2,gw0,False,True,True
V5_fd075,0.75,2,3,2,gw1,False,True,True
V5_fd075,0.75,2,3,2,od0,False,False,False
V5_fd075,0.75,2,3,2,od1,True,True,False
V5_fd075,0.75,2,3,2,od2,True,True,False
V5_fd075,0.75,2,3,3,gw0,False,True,True
V5_fd075,0.75,2,3,3,gw1,False,True,True
V5_fd075,0.75,2,3,3,od0,True,True,False
V5_fd075,0.75,2,3,3,od1,True,True,False
V5_fd075,0.75,2,3,3,od2,True,True,False
V5_fd075,0.75,2,3,4,gw0,False,True,True
V5_fd075,0.75,2,3,4,gw1,False,True,True
V5_fd075,0.75,2,3,4,od0,True,True,False
V5_fd075,0.75,2,3,4,od1,True,True,False
V5_fd075,0.75,2,3,4,od2,True,True,False
V5_fd075,0.75,2,3,5,gw0,False,True,True
V5_fd075,0.75,2,3,5,gw1,False,True,True
V5_fd075,0.75,2,3,5,od0,True,True,False
V5_fd075,0.75,2,3,5,od1,True,True,False
V5_fd075,0.75,2,3,5,od2,True,True,False
V5_fd075,0.75,2,3,6,gw0,False,True,True
V5_fd075,0.75,2,3,6,gw1,False,False,False
V5_fd075,0.75,2,3,6,od0,True,True,False
V5_fd075,0.75,2,3,6,od1,True,True,False
V5_fd075,0.75,2,3,6,od2,True,True,False
V5_fd075,0.75,2,3,7,gw0,False,True,True
V5_fd075,0.75,2,3,7,gw1,False,True,True
V5_fd075,0.75,2,3,7,od0,True,True,False
V5_fd075,0.75,2,3,7,od1,True,True,False
V5_fd075,0.75,2,3,7,od2,True,True,False
V5_fd075,0.75,2,3,8,gw0,False,True,True
V5_fd075,0.75,2,3,8,gw1,False,True,True
V5_fd075,0.75,2,3,8,od0,True,True,False
V5_fd075,0.75,2,3,8,od1,True,True,False
V5_fd075,0.75,2,3,8,od2,True,True,False
V5_fd075,0.75,2,3,9,gw0,False,True,True
V5_fd075,0.75,2,3,9,gw1,False,True,True
V5_fd075,0.75,2,3,9,od0,True,True,False
V5_fd075,0.75,2,3,9,od1,True,True,False
V5_fd075,0.75,2,3,9,od2,True,True,False
V5_fd075,0.75,2,3,10,gw0,False,True,True
V5_fd075,0.75,2,3,10,gw1,False,True,True
V5_fd075,0.75,2,3,10,od0,True,True,False
V5_fd075,0.75,2,3,10,od1,True,True,False
V5_fd075,0.75,2,3,10,od2,True,True,False
V5_fd075,0.75,2,3,11,gw0,False,True,True
V5_fd075,0.75,2,3,11,gw1,False,True,True
V5_fd075,0.75,2,3,11,od0,True,True,False
V5_fd075,0.75,2,3,11,od1,True,True,False
V5_fd075,0.75,2,3,11,od2,True,True,False
V5_fd075,0.75,2,3,12,gw0,False,True,True
V5_fd075,0.75,2,3,12,gw1,False,True,True
V5_fd075,0.75,2,3,12,od0,True,True,False
V5_fd075,0.75,2,3,12,od1,True,True,False
V5_fd075,0.75,2,3,12,od2,True,True,False
V5_fd075,0.75,2,3,13,gw0,False,True,True
V5_fd075,0.75,2,3,13,gw1,False,True,True
V5_fd075,0.75,2,3,13,od0,False,True,True
V5_fd075,0.75,2,3,13,od1,False,True,True
V5_fd075,0.75,2,3,13,od2,False,True,True
V5_fd075,0.75,2,3,14,gw0,False,True,True
V5_fd075,0.75,2,3,14,gw1,False,True,True
V5_fd075,0.75,2,3,14,od0,False,False,False
V5_fd075,0.75,2,3,14,od1,True,True,False
V5_fd075,0.75,2,3,14,od2,True,True,False
V5_fd075,0.75,3,3,0,gw0,False,True,True
V5_fd075,0.75,3,3,0,gw1,False,True,True
V5_fd075,0.75,3,3,0,gw2,False,True,True
V5_fd075,0.75,3,3,0,od0,False,True,True
V5_fd075,0.75,3,3,0,od1,False,True,True
V5_fd075,0.75,3,3,0,od2,True,True,False
V5_fd075,0.75,3,3,1,gw0,False,False,False
V5_fd075,0.75,3,3,1,gw1,False,True,True
V5_fd075,0.75,3,3,1,gw2,False,False,False
V5_fd075,0.75,3,3,1,od0,True,True,False
V5_fd075,0.75,3,3,1,od1,True,True,False
V5_fd075,0.75,3,3,1,od2,False,True,True
V5_fd075,0.75,3,3,2,gw0,False,True,True
V5_fd075,0.75,3,3,2,gw1,False,True,True
V5_fd075,0.75,3,3,2,gw2,False,True,True
V5_fd075,0.75,3,3,2,od0,True,True,False
V5_fd075,0.75,3,3,2,od1,True,True,False
V5_fd075,0.75,3,3,2,od2,True,True,False
V5_fd075,0.75,3,3,3,gw0,False,True,True
V5_fd075,0.75,3,3,3,gw1,False,True,True
V5_fd075,0.75,3,3,3,gw2,False,True,True
V5_fd075,0.75,3,3,3,od0,True,True,False
V5_fd075,0.75,3,3,3,od1,True,True,False
V5_fd075,0.75,3,3,3,od2,True,True,False
V5_fd075,0.75,3,3,4,gw0,False,True,True
V5_fd075,0.75,3,3,4,gw1,False,True,True
V5_fd075,0.75,3,3,4,gw2,False,True,True
V5_fd075,0.75,3,3,4,od0,True,True,False
V5_fd075,0.75,3,3,4,od1,True,True,False
V5_fd075,0.75,3,3,4,od2,True,True,False
V5_fd075,0.75,3,3,5,gw0,False,True,True
V5_fd075,0.75,3,3,5,gw1,False,True,True
V5_fd075,0.75,3,3,5,gw2,False,True,True
V5_fd075,0.75,3,3,5,od0,True,True,False
V5_fd075,0.75,3,3,5,od1,True,True,False
V5_fd075,0.75,3,3,5,od2,True,True,False
V5_fd075,0.75,3,3,6,gw0,False,True,True
V5_fd075,0.75,3,3,6,gw1,False,True,True
V5_fd075,0.75,3,3,6,gw2,False,True,True
V5_fd075,0.75,3,3,6,od0,True,True,False
V5_fd075,0.75,3,3,6,od1,True,True,False
V5_fd075,0.75,3,3,6,od2,True,True,False
V5_fd075,0.75,3,3,7,gw0,False,True,True
V5_fd075,0.75,3,3,7,gw1,False,True,True
V5_fd075,0.75,3,3,7,gw2,False,True,True
V5_fd075,0.75,3,3,7,od0,True,True,False
V5_fd075,0.75,3,3,7,od1,True,True,False
V5_fd075,0.75,3,3,7,od2,True,True,False
V5_fd075,0.75,3,3,8,gw0,False,True,True
V5_fd075,0.75,3,3,8,gw1,False,True,True
V5_fd075,0.75,3,3,8,gw2,False,True,True
V5_fd075,0.75,3,3,8,od0,True,True,False
V5_fd075,0.75,3,3,8,od1,True,True,False
V5_fd075,0.75,3,3,8,od2,True,True,False
V5_fd075,0.75,3,3,9,gw0,False,True,True
V5_fd075,0.75,3,3,9,gw1,False,True,True
V5_fd075,0.75,3,3,9,gw2,False,True,True
V5_fd075,0.75,3,3,9,od0,True,True,False
V5_fd075,0.75,3,3,9,od1,True,True,False
V5_fd075,0.75,3,3,9,od2,True,True,False
V5_fd075,0.75,3,3,10,gw0,False,True,True
V5_fd075,0.75,3,3,10,gw1,False,True,True
V5_fd075,0.75,3,3,10,gw2,False,True,True
V5_fd075,0.75,3,3,10,od0,True,True,False
V5_fd075,0.75,3,3,10,od1,True,True,False
V5_fd075,0.75,3,3,10,od2,True,True,False
V5_fd075,0.75,3,3,11,gw0,False,True,True
V5_fd075,0.75,3,3,11,gw1,False,True,True
V5_fd075,0.75,3,3,11,gw2,False,True,True
V5_fd075,0.75,3,3,11,od0,True,True,False
V5_fd075,0.75,3,3,11,od1,True,True,False
V5_fd075,0.75,3,3,11,od2,True,True,False
V5_fd075,0.75,3,3,12,gw0,False,True,True
V5_fd075,0.75,3,3,12,gw1,False,True,True
V5_fd075,0.75,3,3,12,gw2,False,True,True
V5_fd075,0.75,3,3,12,od0,True,True,False
V5_fd075,0.75,3,3,12,od1,True,True,False
V5_fd075,0.75,3,3,12,od2,True,True,False
V5_fd075,0.75,3,3,13,gw0,False,True,True
V5_fd075,0.75,3,3,13,gw1,False,True,True
V5_fd075,0.75,3,3,13,gw2,False,True,True
V5_fd075,0.75,3,3,13,od0,True,True,False
V5_fd075,0.75,3,3,13,od1,True,True,False
V5_fd075,0.75,3,3,13,od2,True,True,False
V5_fd075,0.75,3,3,14,gw0,False,True,True
V5_fd075,0.75,3,3,14,gw1,False,True,True
V5_fd075,0.75,3,3,14,gw2,False,True,True
V5_fd075,0.75,3,3,14,od0,False,True,True
V5_fd075,0.75,3,3,14,od1,False,False,False
V5_fd075,0.75,3,3,14,od2,False,True,True
V0_baseline,1.0,2,2,0,gw0,False,True,True
V0_baseline,1.0,2,2,0,gw1,False,True,True
V0_baseline,1.0,2,2,0,od0,True,True,False
V0_baseline,1.0,2,2,0,od1,True,True,False
V0_baseline,1.0,2,2,1,gw0,False,True,True
V0_baseline,1.0,2,2,1,gw1,False,True,True
V0_baseline,1.0,2,2,1,od0,True,True,False
V0_baseline,1.0,2,2,1,od1,True,True,False
V0_baseline,1.0,2,2,2,gw0,False,False,False
V0_baseline,1.0,2,2,2,gw1,False,False,False
V0_baseline,1.0,2,2,2,od0,True,True,False
V0_baseline,1.0,2,2,2,od1,True,True,False
V0_baseline,1.0,2,2,3,gw0,False,True,True
V0_baseline,1.0,2,2,3,gw1,False,True,True
V0_baseline,1.0,2,2,3,od0,True,True,False
V0_baseline,1.0,2,2,3,od1,True,True,False
V0_baseline,1.0,2,2,4,gw0,False,False,False
V0_baseline,1.0,2,2,4,gw1,False,False,False
V0_baseline,1.0,2,2,4,od0,True,True,False
V0_baseline,1.0,2,2,4,od1,True,True,False
V0_baseline,1.0,2,2,5,gw0,False,False,False
V0_baseline,1.0,2,2,5,gw1,False,False,False
V0_baseline,1.0,2,2,5,od0,True,True,False
V0_baseline,1.0,2,2,5,od1,True,True,False
V0_baseline,1.0,2,2,6,gw0,False,True,True
V0_baseline,1.0,2,2,6,gw1,False,True,True
V0_baseline,1.0,2,2,6,od0,True,True,False
V0_baseline,1.0,2,2,6,od1,True,True,False
V0_baseline,1.0,2,2,7,gw0,False,False,False
V0_baseline,1.0,2,2,7,gw1,False,False,False
V0_baseline,1.0,2,2,7,od0,False,False,False
V0_baseline,1.0,2,2,7,od1,True,True,False
V0_baseline,1.0,2,2,8,gw0,False,True,True
V0_baseline,1.0,2,2,8,gw1,False,True,True
V0_baseline,1.0,2,2,8,od0,False,True,True
V0_baseline,1.0,2,2,8,od1,True,True,False
V0_baseline,1.0,2,2,9,gw0,False,True,True
V0_baseline,1.0,2,2,9,gw1,False,True,True
V0_baseline,1.0,2,2,9,od0,True,True,False
V0_baseline,1.0,2,2,9,od1,True,True,False
V0_baseline,1.0,2,2,10,gw0,False,True,True
V0_baseline,1.0,2,2,10,gw1,False,True,True
V0_baseline,1.0,2,2,10,od0,True,True,False
V0_baseline,1.0,2,2,10,od1,True,True,False
V0_baseline,1.0,2,2,11,gw0,False,True,True
V0_baseline,1.0,2,2,11,gw1,False,True,True
V0_baseline,1.0,2,2,11,od0,True,True,False
V0_baseline,1.0,2,2,11,od1,True,True,False
V0_baseline,1.0,2,2,12,gw0,False,False,False
V0_baseline,1.0,2,2,12,gw1,False,False,False
V0_baseline,1.0,2,2,12,od0,True,True,False
V0_baseline,1.0,2,2,12,od1,True,True,False
V0_baseline,1.0,2,2,13,gw0,False,True,True
V0_baseline,1.0,2,2,13,gw1,False,True,True
V0_baseline,1.0,2,2,13,od0,True,True,False
V0_baseline,1.0,2,2,13,od1,True,True,False
V0_baseline,1.0,2,2,14,gw0,False,True,True
V0_baseline,1.0,2,2,14,gw1,False,False,False
V0_baseline,1.0,2,2,14,od0,True,True,False
V0_baseline,1.0,2,2,14,od1,True,True,False
V0_baseline,1.0,3,2,0,gw0,False,True,True
V0_baseline,1.0,3,2,0,gw1,False,True,True
V0_baseline,1.0,3,2,0,gw2,False,True,True
V0_baseline,1.0,3,2,0,od0,False,True,True
V0_baseline,1.0,3,2,0,od1,True,True,False
V0_baseline,1.0,3,2,1,gw0,False,True,True
V0_baseline,1.0,3,2,1,gw1,False,True,True
V0_baseline,1.0,3,2,1,gw2,False,True,True
V0_baseline,1.0,3,2,1,od0,True,True,False
V0_baseline,1.0,3,2,1,od1,True,True,False
V0_baseline,1.0,3,2,2,gw0,False,False,False
V0_baseline,1.0,3,2,2,gw1,False,False,False
V0_baseline,1.0,3,2,2,gw2,False,False,False
V0_baseline,1.0,3,2,2,od0,True,True,False
V0_baseline,1.0,3,2,2,od1,True,True,False
V0_baseline,1.0,3,2,3,gw0,False,True,True
V0_baseline,1.0,3,2,3,gw1,False,False,False
V0_baseline,1.0,3,2,3,gw2,False,False,False
V0_baseline,1.0,3,2,3,od0,True,True,False
V0_baseline,1.0,3,2,3,od1,True,True,False
V0_baseline,1.0,3,2,4,gw0,False,True,True
V0_baseline,1.0,3,2,4,gw1,False,True,True
V0_baseline,1.0,3,2,4,gw2,False,True,True
V0_baseline,1.0,3,2,4,od0,True,True,False
V0_baseline,1.0,3,2,4,od1,True,True,False
V0_baseline,1.0,3,2,5,gw0,False,True,True
V0_baseline,1.0,3,2,5,gw1,False,True,True
V0_baseline,1.0,3,2,5,gw2,False,True,True
V0_baseline,1.0,3,2,5,od0,False,False,False
V0_baseline,1.0,3,2,5,od1,True,True,False
V0_baseline,1.0,3,2,6,gw0,False,False,False
V0_baseline,1.0,3,2,6,gw1,False,False,False
V0_baseline,1.0,3,2,6,gw2,False,False,False
V0_baseline,1.0,3,2,6,od0,True,True,False
V0_baseline,1.0,3,2,6,od1,True,True,False
V0_baseline,1.0,3,2,7,gw0,False,True,True
V0_baseline,1.0,3,2,7,gw1,False,True,True
V0_baseline,1.0,3,2,7,gw2,False,False,False
V0_baseline,1.0,3,2,7,od0,True,True,False
V0_baseline,1.0,3,2,7,od1,True,True,False
V0_baseline,1.0,3,2,8,gw0,False,False,False
V0_baseline,1.0,3,2,8,gw1,False,False,False
V0_baseline,1.0,3,2,8,gw2,False,False,False
V0_baseline,1.0,3,2,8,od0,False,False,False
V0_baseline,1.0,3,2,8,od1,True,True,False
V0_baseline,1.0,3,2,9,gw0,False,False,False
V0_baseline,1.0,3,2,9,gw1,False,True,True
V0_baseline,1.0,3,2,9,gw2,False,False,False
V0_baseline,1.0,3,2,9,od0,True,True,False
V0_baseline,1.0,3,2,9,od1,True,True,False
V0_baseline,1.0,3,2,10,gw0,False,True,True
V0_baseline,1.0,3,2,10,gw1,False,True,True
V0_baseline,1.0,3,2,10,gw2,False,False,False
V0_baseline,1.0,3,2,10,od0,False,False,False
V0_baseline,1.0,3,2,10,od1,True,True,False
V0_baseline,1.0,3,2,11,gw0,False,False,False
V0_baseline,1.0,3,2,11,gw1,False,False,False
V0_baseline,1.0,3,2,11,gw2,False,False,False
V0_baseline,1.0,3,2,11,od0,True,True,False
V0_baseline,1.0,3,2,11,od1,False,False,False
V0_baseline,1.0,3,2,12,gw0,False,False,False
V0_baseline,1.0,3,2,12,gw1,False,True,True
V0_baseline,1.0,3,2,12,gw2,False,True,True
V0_baseline,1.0,3,2,12,od0,True,True,False
V0_baseline,1.0,3,2,12,od1,True,True,False
V0_baseline,1.0,3,2,13,gw0,False,True,True
V0_baseline,1.0,3,2,13,gw1,False,True,True
V0_baseline,1.0,3,2,13,gw2,False,True,True
V0_baseline,1.0,3,2,13,od0,True,True,False
V0_baseline,1.0,3,2,13,od1,True,True,False
V0_baseline,1.0,3,2,14,gw0,False,True,True
V0_baseline,1.0,3,2,14,gw1,False,True,True
V0_baseline,1.0,3,2,14,gw2,False,True,True
V0_baseline,1.0,3,2,14,od0,False,False,False
V0_baseline,1.0,3,2,14,od1,True,True,False
V0_baseline,1.0,2,3,0,gw0,False,True,True
V0_baseline,1.0,2,3,0,gw1,False,True,True
V0_baseline,1.0,2,3,0,od0,True,True,False
V0_baseline,1.0,2,3,0,od1,True,True,False
V0_baseline,1.0,2,3,0,od2,True,True,False
V0_baseline,1.0,2,3,1,gw0,False,False,False
V0_baseline,1.0,2,3,1,gw1,False,False,False
V0_baseline,1.0,2,3,1,od0,True,True,False
V0_baseline,1.0,2,3,1,od1,True,True,False
V0_baseline,1.0,2,3,1,od2,True,True,False
V0_baseline,1.0,2,3,2,gw0,False,False,False
V0_baseline,1.0,2,3,2,gw1,False,False,False
V0_baseline,1.0,2,3,2,od0,False,False,False
V0_baseline,1.0,2,3,2,od1,True,True,False
V0_baseline,1.0,2,3,2,od2,True,True,False
V0_baseline,1.0,2,3,3,gw0,False,True,True
V0_baseline,1.0,2,3,3,gw1,False,True,True
V0_baseline,1.0,2,3,3,od0,True,True,False
V0_baseline,1.0,2,3,3,od1,True,True,False
V0_baseline,1.0,2,3,3,od2,True,True,False
V0_baseline,1.0,2,3,4,gw0,False,True,True
V0_baseline,1.0,2,3,4,gw1,False,True,True
V0_baseline,1.0,2,3,4,od0,True,True,False
V0_baseline,1.0,2,3,4,od1,True,True,False
V0_baseline,1.0,2,3,4,od2,True,True,False
V0_baseline,1.0,2,3,5,gw0,False,True,True
V0_baseline,1.0,2,3,5,gw1,False,True,True
V0_baseline,1.0,2,3,5,od0,True,True,False
V0_baseline,1.0,2,3,5,od1,True,True,False
V0_baseline,1.0,2,3,5,od2,True,True,False
V0_baseline,1.0,2,3,6,gw0,False,False,False
V0_baseline,1.0,2,3,6,gw1,False,False,False
V0_baseline,1.0,2,3,6,od0,True,True,False
V0_baseline,1.0,2,3,6,od1,True,True,False
V0_baseline,1.0,2,3,6,od2,True,True,False
V0_baseline,1.0,2,3,7,gw0,False,True,True
V0_baseline,1.0,2,3,7,gw1,False,True,True
V0_baseline,1.0,2,3,7,od0,True,True,False
V0_baseline,1.0,2,3,7,od1,True,True,False
V0_baseline,1.0,2,3,7,od2,True,True,False
V0_baseline,1.0,2,3,8,gw0,False,False,False
V0_baseline,1.0,2,3,8,gw1,False,True,True
V0_baseline,1.0,2,3,8,od0,True,True,False
V0_baseline,1.0,2,3,8,od1,True,True,False
V0_baseline,1.0,2,3,8,od2,True,True,False
V0_baseline,1.0,2,3,9,gw0,False,False,False
V0_baseline,1.0,2,3,9,gw1,False,False,False
V0_baseline,1.0,2,3,9,od0,True,True,False
V0_baseline,1.0,2,3,9,od1,True,True,False
V0_baseline,1.0,2,3,9,od2,True,True,False
V0_baseline,1.0,2,3,10,gw0,False,False,False
V0_baseline,1.0,2,3,10,gw1,False,False,False
V0_baseline,1.0,2,3,10,od0,True,True,False
V0_baseline,1.0,2,3,10,od1,True,True,False
V0_baseline,1.0,2,3,10,od2,True,True,False
V0_baseline,1.0,2,3,11,gw0,False,True,True
V0_baseline,1.0,2,3,11,gw1,False,True,True
V0_baseline,1.0,2,3,11,od0,True,True,False
V0_baseline,1.0,2,3,11,od1,True,True,False
V0_baseline,1.0,2,3,11,od2,True,True,False
V0_baseline,1.0,2,3,12,gw0,False,True,True
V0_baseline,1.0,2,3,12,gw1,False,True,True
V0_baseline,1.0,2,3,12,od0,True,True,False
V0_baseline,1.0,2,3,12,od1,True,True,False
V0_baseline,1.0,2,3,12,od2,True,True,False
V0_baseline,1.0,2,3,13,gw0,False,True,True
V0_baseline,1.0,2,3,13,gw1,False,True,True
V0_baseline,1.0,2,3,13,od0,False,False,False
V0_baseline,1.0,2,3,13,od1,False,False,False
V0_baseline,1.0,2,3,13,od2,False,True,True
V0_baseline,1.0,2,3,14,gw0,False,True,True
V0_baseline,1.0,2,3,14,gw1,False,True,True
V0_baseline,1.0,2,3,14,od0,False,False,False
V0_baseline,1.0,2,3,14,od1,True,True,False
V0_baseline,1.0,2,3,14,od2,True,True,False
V0_baseline,1.0,3,3,0,gw0,False,True,True
V0_baseline,1.0,3,3,0,gw1,False,True,True
V0_baseline,1.0,3,3,0,gw2,False,True,True
V0_baseline,1.0,3,3,0,od0,False,True,True
V0_baseline,1.0,3,3,0,od1,False,False,False
V0_baseline,1.0,3,3,0,od2,True,True,False
V0_baseline,1.0,3,3,1,gw0,False,False,False
V0_baseline,1.0,3,3,1,gw1,False,False,False
V0_baseline,1.0,3,3,1,gw2,False,False,False
V0_baseline,1.0,3,3,1,od0,True,True,False
V0_baseline,1.0,3,3,1,od1,True,True,False
V0_baseline,1.0,3,3,1,od2,False,True,True
V0_baseline,1.0,3,3,2,gw0,False,True,True
V0_baseline,1.0,3,3,2,gw1,False,True,True
V0_baseline,1.0,3,3,2,gw2,False,True,True
V0_baseline,1.0,3,3,2,od0,True,True,False
V0_baseline,1.0,3,3,2,od1,True,True,False
V0_baseline,1.0,3,3,2,od2,True,True,False
V0_baseline,1.0,3,3,3,gw0,False,False,False
V0_baseline,1.0,3,3,3,gw1,False,False,False
V0_baseline,1.0,3,3,3,gw2,False,False,False
V0_baseline,1.0,3,3,3,od0,True,True,False
V0_baseline,1.0,3,3,3,od1,True,True,False
V0_baseline,1.0,3,3,3,od2,True,True,False
V0_baseline,1.0,3,3,4,gw0,False,True,True
V0_baseline,1.0,3,3,4,gw1,False,True,True
V0_baseline,1.0,3,3,4,gw2,False,True,True
V0_baseline,1.0,3,3,4,od0,True,True,False
V0_baseline,1.0,3,3,4,od1,True,True,False
V0_baseline,1.0,3,3,4,od2,True,True,False
V0_baseline,1.0,3,3,5,gw0,False,True,True
V0_baseline,1.0,3,3,5,gw1,False,True,True
V0_baseline,1.0,3,3,5,gw2,False,True,True
V0_baseline,1.0,3,3,5,od0,True,True,False
V0_baseline,1.0,3,3,5,od1,True,True,False
V0_baseline,1.0,3,3,5,od2,True,True,False
V0_baseline,1.0,3,3,6,gw0,False,False,False
V0_baseline,1.0,3,3,6,gw1,False,False,False
V0_baseline,1.0,3,3,6,gw2,False,False,False
V0_baseline,1.0,3,3,6,od0,True,True,False
V0_baseline,1.0,3,3,6,od1,True,True,False
V0_baseline,1.0,3,3,6,od2,True,True,False
V0_baseline,1.0,3,3,7,gw0,False,True,True
V0_baseline,1.0,3,3,7,gw1,False,False,False
V0_baseline,1.0,3,3,7,gw2,False,True,True
V0_baseline,1.0,3,3,7,od0,True,True,False
V0_baseline,1.0,3,3,7,od1,True,True,False
V0_baseline,1.0,3,3,7,od2,True,True,False
V0_baseline,1.0,3,3,8,gw0,False,True,True
V0_baseline,1.0,3,3,8,gw1,False,True,True
V0_baseline,1.0,3,3,8,gw2,False,True,True
V0_baseline,1.0,3,3,8,od0,True,True,False
V0_baseline,1.0,3,3,8,od1,True,True,False
V0_baseline,1.0,3,3,8,od2,True,True,False
V0_baseline,1.0,3,3,9,gw0,False,False,False
V0_baseline,1.0,3,3,9,gw1,False,False,False
V0_baseline,1.0,3,3,9,gw2,False,False,False
V0_baseline,1.0,3,3,9,od0,True,True,False
V0_baseline,1.0,3,3,9,od1,True,True,False
V0_baseline,1.0,3,3,9,od2,True,True,False
V0_baseline,1.0,3,3,10,gw0,False,True,True
V0_baseline,1.0,3,3,10,gw1,False,True,True
V0_baseline,1.0,3,3,10,gw2,False,True,True
V0_baseline,1.0,3,3,10,od0,True,True,False
V0_baseline,1.0,3,3,10,od1,True,True,False
V0_baseline,1.0,3,3,10,od2,True,True,False
V0_baseline,1.0,3,3,11,gw0,False,True,True
V0_baseline,1.0,3,3,11,gw1,False,True,True
V0_baseline,1.0,3,3,11,gw2,False,True,True
V0_baseline,1.0,3,3,11,od0,True,True,False
V0_baseline,1.0,3,3,11,od1,True,True,False
V0_baseline,1.0,3,3,11,od2,True,True,False
V0_baseline,1.0,3,3,12,gw0,False,True,True
V0_baseline,1.0,3,3,12,gw1,False,True,True
V0_baseline,1.0,3,3,12,gw2,False,True,True
V0_baseline,1.0,3,3,12,od0,True,True,False
V0_baseline,1.0,3,3,12,od1,True,True,False
V0_baseline,1.0,3,3,12,od2,True,True,False
V0_baseline,1.0,3,3,13,gw0,False,True,True
V0_baseline,1.0,3,3,13,gw1,False,True,True
V0_baseline,1.0,3,3,13,gw2,False,True,True
V0_baseline,1.0,3,3,13,od0,True,True,False
V0_baseline,1.0,3,3,13,od1,True,True,False
V0_baseline,1.0,3,3,13,od2,True,True,False
V0_baseline,1.0,3,3,14,gw0,False,True,True
V0_baseline,1.0,3,3,14,gw1,False,False,False
V0_baseline,1.0,3,3,14,gw2,False,True,True
V0_baseline,1.0,3,3,14,od0,False,False,False
V0_baseline,1.0,3,3,14,od1,False,False,False
V0_baseline,1.0,3,3,14,od2,False,False,False
V6_fd125,1.25,2,2,0,gw0,False,True,True
V6_fd125,1.25,2,2,0,gw1,False,True,True
V6_fd125,1.25,2,2,0,od0,True,True,False
V6_fd125,1.25,2,2,0,od1,True,True,False
V6_fd125,1.25,2,2,1,gw0,False,False,False
V6_fd125,1.25,2,2,1,gw1,False,False,False
V6_fd125,1.25,2,2,1,od0,True,True,False
V6_fd125,1.25,2,2,1,od1,True,True,False
V6_fd125,1.25,2,2,2,gw0,False,False,False
V6_fd125,1.25,2,2,2,gw1,False,False,False
V6_fd125,1.25,2,2,2,od0,True,True,False
V6_fd125,1.25,2,2,2,od1,True,True,False
V6_fd125,1.25,2,2,3,gw0,False,True,True
V6_fd125,1.25,2,2,3,gw1,False,True,True
V6_fd125,1.25,2,2,3,od0,True,True,False
V6_fd125,1.25,2,2,3,od1,True,True,False
V6_fd125,1.25,2,2,4,gw0,False,False,False
V6_fd125,1.25,2,2,4,gw1,False,False,False
V6_fd125,1.25,2,2,4,od0,True,True,False
V6_fd125,1.25,2,2,4,od1,True,True,False
V6_fd125,1.25,2,2,5,gw0,False,False,False
V6_fd125,1.25,2,2,5,gw1,False,False,False
V6_fd125,1.25,2,2,5,od0,True,True,False
V6_fd125,1.25,2,2,5,od1,True,True,False
V6_fd125,1.25,2,2,6,gw0,False,True,True
V6_fd125,1.25,2,2,6,gw1,False,True,True
V6_fd125,1.25,2,2,6,od0,True,True,False
V6_fd125,1.25,2,2,6,od1,True,True,False
V6_fd125,1.25,2,2,7,gw0,False,False,False
V6_fd125,1.25,2,2,7,gw1,False,False,False
V6_fd125,1.25,2,2,7,od0,False,False,False
V6_fd125,1.25,2,2,7,od1,True,True,False
V6_fd125,1.25,2,2,8,gw0,False,False,False
V6_fd125,1.25,2,2,8,gw1,False,True,True
V6_fd125,1.25,2,2,8,od0,False,True,True
V6_fd125,1.25,2,2,8,od1,True,True,False
V6_fd125,1.25,2,2,9,gw0,False,True,True
V6_fd125,1.25,2,2,9,gw1,False,True,True
V6_fd125,1.25,2,2,9,od0,True,True,False
V6_fd125,1.25,2,2,9,od1,True,True,False
V6_fd125,1.25,2,2,10,gw0,False,False,False
V6_fd125,1.25,2,2,10,gw1,False,False,False
V6_fd125,1.25,2,2,10,od0,True,True,False
V6_fd125,1.25,2,2,10,od1,True,True,False
V6_fd125,1.25,2,2,11,gw0,False,False,False
V6_fd125,1.25,2,2,11,gw1,False,True,True
V6_fd125,1.25,2,2,11,od0,True,True,False
V6_fd125,1.25,2,2,11,od1,True,True,False
V6_fd125,1.25,2,2,12,gw0,False,False,False
V6_fd125,1.25,2,2,12,gw1,False,False,False
V6_fd125,1.25,2,2,12,od0,True,True,False
V6_fd125,1.25,2,2,12,od1,True,True,False
V6_fd125,1.25,2,2,13,gw0,False,True,True
V6_fd125,1.25,2,2,13,gw1,False,True,True
V6_fd125,1.25,2,2,13,od0,True,True,False
V6_fd125,1.25,2,2,13,od1,True,True,False
V6_fd125,1.25,2,2,14,gw0,False,False,False
V6_fd125,1.25,2,2,14,gw1,False,False,False
V6_fd125,1.25,2,2,14,od0,True,True,False
V6_fd125,1.25,2,2,14,od1,True,True,False
V6_fd125,1.25,3,2,0,gw0,False,False,False
V6_fd125,1.25,3,2,0,gw1,False,False,False
V6_fd125,1.25,3,2,0,gw2,False,False,False
V6_fd125,1.25,3,2,0,od0,False,False,False
V6_fd125,1.25,3,2,0,od1,True,True,False
V6_fd125,1.25,3,2,1,gw0,False,False,False
V6_fd125,1.25,3,2,1,gw1,False,False,False
V6_fd125,1.25,3,2,1,gw2,False,False,False
V6_fd125,1.25,3,2,1,od0,True,True,False
V6_fd125,1.25,3,2,1,od1,True,True,False
V6_fd125,1.25,3,2,2,gw0,False,False,False
V6_fd125,1.25,3,2,2,gw1,False,False,False
V6_fd125,1.25,3,2,2,gw2,False,False,False
V6_fd125,1.25,3,2,2,od0,True,True,False
V6_fd125,1.25,3,2,2,od1,True,True,False
V6_fd125,1.25,3,2,3,gw0,False,False,False
V6_fd125,1.25,3,2,3,gw1,False,False,False
V6_fd125,1.25,3,2,3,gw2,False,False,False
V6_fd125,1.25,3,2,3,od0,True,True,False
V6_fd125,1.25,3,2,3,od1,True,True,False
V6_fd125,1.25,3,2,4,gw0,False,True,True
V6_fd125,1.25,3,2,4,gw1,False,True,True
V6_fd125,1.25,3,2,4,gw2,False,True,True
V6_fd125,1.25,3,2,4,od0,True,True,False
V6_fd125,1.25,3,2,4,od1,True,True,False
V6_fd125,1.25,3,2,5,gw0,False,False,False
V6_fd125,1.25,3,2,5,gw1,False,False,False
V6_fd125,1.25,3,2,5,gw2,False,False,False
V6_fd125,1.25,3,2,5,od0,False,False,False
V6_fd125,1.25,3,2,5,od1,True,True,False
V6_fd125,1.25,3,2,6,gw0,False,False,False
V6_fd125,1.25,3,2,6,gw1,False,False,False
V6_fd125,1.25,3,2,6,gw2,False,False,False
V6_fd125,1.25,3,2,6,od0,True,True,False
V6_fd125,1.25,3,2,6,od1,True,True,False
V6_fd125,1.25,3,2,7,gw0,False,False,False
V6_fd125,1.25,3,2,7,gw1,False,False,False
V6_fd125,1.25,3,2,7,gw2,False,False,False
V6_fd125,1.25,3,2,7,od0,True,True,False
V6_fd125,1.25,3,2,7,od1,True,True,False
V6_fd125,1.25,3,2,8,gw0,False,False,False
V6_fd125,1.25,3,2,8,gw1,False,False,False
V6_fd125,1.25,3,2,8,gw2,False,False,False
V6_fd125,1.25,3,2,8,od0,False,False,False
V6_fd125,1.25,3,2,8,od1,True,True,False
V6_fd125,1.25,3,2,9,gw0,False,False,False
V6_fd125,1.25,3,2,9,gw1,False,False,False
V6_fd125,1.25,3,2,9,gw2,False,False,False
V6_fd125,1.25,3,2,9,od0,True,True,False
V6_fd125,1.25,3,2,9,od1,True,True,False
V6_fd125,1.25,3,2,10,gw0,False,False,False
V6_fd125,1.25,3,2,10,gw1,False,False,False
V6_fd125,1.25,3,2,10,gw2,False,False,False
V6_fd125,1.25,3,2,10,od0,False,False,False
V6_fd125,1.25,3,2,10,od1,True,True,False
V6_fd125,1.25,3,2,11,gw0,False,False,False
V6_fd125,1.25,3,2,11,gw1,False,False,False
V6_fd125,1.25,3,2,11,gw2,False,False,False
V6_fd125,1.25,3,2,11,od0,True,True,False
V6_fd125,1.25,3,2,11,od1,False,False,False
V6_fd125,1.25,3,2,12,gw0,False,False,False
V6_fd125,1.25,3,2,12,gw1,False,False,False
V6_fd125,1.25,3,2,12,gw2,False,False,False
V6_fd125,1.25,3,2,12,od0,True,True,False
V6_fd125,1.25,3,2,12,od1,True,True,False
V6_fd125,1.25,3,2,13,gw0,False,False,False
V6_fd125,1.25,3,2,13,gw1,False,False,False
V6_fd125,1.25,3,2,13,gw2,False,False,False
V6_fd125,1.25,3,2,13,od0,True,True,False
V6_fd125,1.25,3,2,13,od1,True,True,False
V6_fd125,1.25,3,2,14,gw0,False,False,False
V6_fd125,1.25,3,2,14,gw1,False,False,False
V6_fd125,1.25,3,2,14,gw2,False,False,False
V6_fd125,1.25,3,2,14,od0,False,False,False
V6_fd125,1.25,3,2,14,od1,True,True,False
V6_fd125,1.25,2,3,0,gw0,False,True,True
V6_fd125,1.25,2,3,0,gw1,False,True,True
V6_fd125,1.25,2,3,0,od0,True,True,False
V6_fd125,1.25,2,3,0,od1,True,True,False
V6_fd125,1.25,2,3,0,od2,True,True,False
V6_fd125,1.25,2,3,1,gw0,False,False,False
V6_fd125,1.25,2,3,1,gw1,False,False,False
V6_fd125,1.25,2,3,1,od0,True,True,False
V6_fd125,1.25,2,3,1,od1,True,True,False
V6_fd125,1.25,2,3,1,od2,True,True,False
V6_fd125,1.25,2,3,2,gw0,False,False,False
V6_fd125,1.25,2,3,2,gw1,False,False,False
V6_fd125,1.25,2,3,2,od0,False,False,False
V6_fd125,1.25,2,3,2,od1,True,True,False
V6_fd125,1.25,2,3,2,od2,True,True,False
V6_fd125,1.25,2,3,3,gw0,False,True,True
V6_fd125,1.25,2,3,3,gw1,False,True,True
V6_fd125,1.25,2,3,3,od0,True,True,False
V6_fd125,1.25,2,3,3,od1,True,True,False
V6_fd125,1.25,2,3,3,od2,True,True,False
V6_fd125,1.25,2,3,4,gw0,False,False,False
V6_fd125,1.25,2,3,4,gw1,False,False,False
V6_fd125,1.25,2,3,4,od0,True,True,False
V6_fd125,1.25,2,3,4,od1,True,True,False
V6_fd125,1.25,2,3,4,od2,True,True,False
V6_fd125,1.25,2,3,5,gw0,False,True,True
V6_fd125,1.25,2,3,5,gw1,False,False,False
V6_fd125,1.25,2,3,5,od0,True,True,False
V6_fd125,1.25,2,3,5,od1,True,True,False
V6_fd125,1.25,2,3,5,od2,True,True,False
V6_fd125,1.25,2,3,6,gw0,False,False,False
V6_fd125,1.25,2,3,6,gw1,False,False,False
V6_fd125,1.25,2,3,6,od0,True,True,False
V6_fd125,1.25,2,3,6,od1,True,True,False
V6_fd125,1.25,2,3,6,od2,True,True,False
V6_fd125,1.25,2,3,7,gw0,False,True,True
V6_fd125,1.25,2,3,7,gw1,False,True,True
V6_fd125,1.25,2,3,7,od0,True,True,False
V6_fd125,1.25,2,3,7,od1,True,True,False
V6_fd125,1.25,2,3,7,od2,True,True,False
V6_fd125,1.25,2,3,8,gw0,False,False,False
V6_fd125,1.25,2,3,8,gw1,False,False,False
V6_fd125,1.25,2,3,8,od0,True,True,False
V6_fd125,1.25,2,3,8,od1,True,True,False
V6_fd125,1.25,2,3,8,od2,True,True,False
V6_fd125,1.25,2,3,9,gw0,False,False,False
V6_fd125,1.25,2,3,9,gw1,False,False,False
V6_fd125,1.25,2,3,9,od0,True,True,False
V6_fd125,1.25,2,3,9,od1,True,True,False
V6_fd125,1.25,2,3,9,od2,True,True,False
V6_fd125,1.25,2,3,10,gw0,False,False,False
V6_fd125,1.25,2,3,10,gw1,False,False,False
V6_fd125,1.25,2,3,10,od0,True,True,False
V6_fd125,1.25,2,3,10,od1,True,True,False
V6_fd125,1.25,2,3,10,od2,True,True,False
V6_fd125,1.25,2,3,11,gw0,False,True,True
V6_fd125,1.25,2,3,11,gw1,False,False,False
V6_fd125,1.25,2,3,11,od0,True,True,False
V6_fd125,1.25,2,3,11,od1,True,True,False
V6_fd125,1.25,2,3,11,od2,True,True,False
V6_fd125,1.25,2,3,12,gw0,False,False,False
V6_fd125,1.25,2,3,12,gw1,False,False,False
V6_fd125,1.25,2,3,12,od0,True,True,False
V6_fd125,1.25,2,3,12,od1,True,True,False
V6_fd125,1.25,2,3,12,od2,True,True,False
V6_fd125,1.25,2,3,13,gw0,False,False,False
V6_fd125,1.25,2,3,13,gw1,False,False,False
V6_fd125,1.25,2,3,13,od0,False,False,False
V6_fd125,1.25,2,3,13,od1,False,False,False
V6_fd125,1.25,2,3,13,od2,False,True,True
V6_fd125,1.25,2,3,14,gw0,False,True,True
V6_fd125,1.25,2,3,14,gw1,False,False,False
V6_fd125,1.25,2,3,14,od0,False,False,False
V6_fd125,1.25,2,3,14,od1,True,True,False
V6_fd125,1.25,2,3,14,od2,True,True,False
V6_fd125,1.25,3,3,0,gw0,False,False,False
V6_fd125,1.25,3,3,0,gw1,False,False,False
V6_fd125,1.25,3,3,0,gw2,False,False,False
V6_fd125,1.25,3,3,0,od0,False,True,True
V6_fd125,1.25,3,3,0,od1,False,False,False
V6_fd125,1.25,3,3,0,od2,True,True,False
V6_fd125,1.25,3,3,1,gw0,False,False,False
V6_fd125,1.25,3,3,1,gw1,False,False,False
V6_fd125,1.25,3,3,1,gw2,False,False,False
V6_fd125,1.25,3,3,1,od0,True,True,False
V6_fd125,1.25,3,3,1,od1,True,True,False
V6_fd125,1.25,3,3,1,od2,False,True,True
V6_fd125,1.25,3,3,2,gw0,False,False,False
V6_fd125,1.25,3,3,2,gw1,False,False,False
V6_fd125,1.25,3,3,2,gw2,False,False,False
V6_fd125,1.25,3,3,2,od0,True,True,False
V6_fd125,1.25,3,3,2,od1,True,True,False
V6_fd125,1.25,3,3,2,od2,True,True,False
V6_fd125,1.25,3,3,3,gw0,False,False,False
V6_fd125,1.25,3,3,3,gw1,False,False,False
V6_fd125,1.25,3,3,3,gw2,False,False,False
V6_fd125,1.25,3,3,3,od0,True,True,False
V6_fd125,1.25,3,3,3,od1,True,True,False
V6_fd125,1.25,3,3,3,od2,True,True,False
V6_fd125,1.25,3,3,4,gw0,False,False,False
V6_fd125,1.25,3,3,4,gw1,False,False,False
V6_fd125,1.25,3,3,4,gw2,False,False,False
V6_fd125,1.25,3,3,4,od0,True,True,False
V6_fd125,1.25,3,3,4,od1,True,True,False
V6_fd125,1.25,3,3,4,od2,True,True,False
V6_fd125,1.25,3,3,5,gw0,False,True,True
V6_fd125,1.25,3,3,5,gw1,False,True,True
V6_fd125,1.25,3,3,5,gw2,False,True,True
V6_fd125,1.25,3,3,5,od0,True,True,False
V6_fd125,1.25,3,3,5,od1,True,True,False
V6_fd125,1.25,3,3,5,od2,True,True,False
V6_fd125,1.25,3,3,6,gw0,False,False,False
V6_fd125,1.25,3,3,6,gw1,False,False,False
V6_fd125,1.25,3,3,6,gw2,False,False,False
V6_fd125,1.25,3,3,6,od0,True,True,False
V6_fd125,1.25,3,3,6,od1,True,True,False
V6_fd125,1.25,3,3,6,od2,True,True,False
V6_fd125,1.25,3,3,7,gw0,False,False,False
V6_fd125,1.25,3,3,7,gw1,False,False,False
V6_fd125,1.25,3,3,7,gw2,False,False,False
V6_fd125,1.25,3,3,7,od0,True,True,False
V6_fd125,1.25,3,3,7,od1,True,True,False
V6_fd125,1.25,3,3,7,od2,True,True,False
V6_fd125,1.25,3,3,8,gw0,False,True,True
V6_fd125,1.25,3,3,8,gw1,False,True,True
V6_fd125,1.25,3,3,8,gw2,False,True,True
V6_fd125,1.25,3,3,8,od0,True,True,False
V6_fd125,1.25,3,3,8,od1,True,True,False
V6_fd125,1.25,3,3,8,od2,True,True,False
V6_fd125,1.25,3,3,9,gw0,False,False,False
V6_fd125,1.25,3,3,9,gw1,False,False,False
V6_fd125,1.25,3,3,9,gw2,False,False,False
V6_fd125,1.25,3,3,9,od0,True,True,False
V6_fd125,1.25,3,3,9,od1,True,True,False
V6_fd125,1.25,3,3,9,od2,True,True,False
V6_fd125,1.25,3,3,10,gw0,False,True,True
V6_fd125,1.25,3,3,10,gw1,False,True,True
V6_fd125,1.25,3,3,10,gw2,False,True,True
V6_fd125,1.25,3,3,10,od0,True,True,False
V6_fd125,1.25,3,3,10,od1,True,True,False
V6_fd125,1.25,3,3,10,od2,True,True,False
V6_fd125,1.25,3,3,11,gw0,False,True,True
V6_fd125,1.25,3,3,11,gw1,False,True,True
V6_fd125,1.25,3,3,11,gw2,False,False,False
V6_fd125,1.25,3,3,11,od0,True,True,False
V6_fd125,1.25,3,3,11,od1,True,True,False
V6_fd125,1.25,3,3,11,od2,True,True,False
V6_fd125,1.25,3,3,12,gw0,False,False,False
V6_fd125,1.25,3,3,12,gw1,False,False,False
V6_fd125,1.25,3,3,12,gw2,False,False,False
V6_fd125,1.25,3,3,12,od0,True,True,False
V6_fd125,1.25,3,3,12,od1,True,True,False
V6_fd125,1.25,3,3,12,od2,True,True,False
V6_fd125,1.25,3,3,13,gw0,False,False,False
V6_fd125,1.25,3,3,13,gw1,False,False,False
V6_fd125,1.25,3,3,13,gw2,False,False,False
V6_fd125,1.25,3,3,13,od0,True,True,False
V6_fd125,1.25,3,3,13,od1,True,True,False
V6_fd125,1.25,3,3,13,od2,True,True,False
V6_fd125,1.25,3,3,14,gw0,False,False,False
V6_fd125,1.25,3,3,14,gw1,False,False,False
V6_fd125,1.25,3,3,14,gw2,False,False,False
V6_fd125,1.25,3,3,14,od0,False,False,False
V6_fd125,1.25,3,3,14,od1,False,False,False
V6_fd125,1.25,3,3,14,od2,False,False,False
