alignment,n,n_gw,n_od,rep,n_drivers,n_feasible_empty,n_kstar_empty,n_fd_dominated,all_feasible_empty,all_kstar_empty,all_nonempty_fd_dominated,n_nonempty
0.1,10,2,2,2,4,0,1,1,False,False,False,4
0.1,10,2,2,6,4,1,4,3,False,True,True,3
0.1,10,2,2,10,4,2,2,0,False,False,False,2
0.1,10,2,2,14,4,2,3,1,False,False,False,2
0.1,10,2,2,18,4,1,2,1,False,False,False,3
0.1,10,2,2,22,4,2,4,2,False,True,True,2
0.1,10,3,2,1,5,2,2,0,False,False,False,3
0.1,10,3,2,5,5,0,0,0,False,False,False,5
0.1,10,3,2,9,5,1,3,2,False,False,False,4
0.1,10,3,2,13,5,0,1,1,False,False,False,5
0.1,10,3,2,17,5,1,5,4,False,True,True,4
0.1,10,3,2,21,5,0,0,0,False,False,False,5
0.1,10,2,3,0,5,0,0,0,False,False,False,5
0.1,10,2,3,4,5,0,0,0,False,False,False,5
0.1,10,2,3,8,5,2,2,0,False,False,False,3
0.1,10,2,3,12,5,3,5,2,False,True,True,2
0.1,10,2,3,16,5,1,3,2,False,False,False,4
0.1,10,2,3,20,5,3,3,0,False,False,False,2
0.1,10,2,3,24,5,0,3,3,False,False,False,5
0.1,10,3,3,3,6,1,4,3,False,False,False,5
0.1,10,3,3,7,6,2,4,2,False,False,False,4
0.1,10,3,3,11,6,0,5,5,False,False,False,6
0.1,10,3,3,15,6,2,6,4,False,True,True,4
0.1,10,3,3,19,6,0,1,1,False,False,False,6
0.1,10,3,3,23,6,2,3,1,False,False,False,4
0.1,15,2,2,2,4,2,4,2,False,True,True,2
0.1,15,2,2,6,4,0,4,4,False,True,True,4
0.1,15,2,2,10,4,1,2,1,False,False,False,3
0.1,15,2,2,14,4,2,2,0,False,False,False,2
0.1,15,2,2,18,4,1,2,1,False,False,False,3
0.1,15,2,2,22,4,0,0,0,False,False,False,4
0.1,15,3,2,1,5,0,0,0,False,False,False,5
0.1,15,3,2,5,5,0,2,2,False,False,False,5
0.1,15,3,2,9,5,0,0,0,False,False,False,5
0.1,15,3,2,13,5,0,1,1,False,False,False,5
0.1,15,3,2,17,5,0,1,1,False,False,False,5
0.1,15,3,2,21,5,0,1,1,False,False,False,5
0.1,15,2,3,0,5,0,1,1,False,False,False,5
0.1,15,2,3,4,5,0,2,2,False,False,False,5
0.1,15,2,3,8,5,0,0,0,False,False,False,5
0.1,15,2,3,12,5,1,5,4,False,True,True,4
0.1,15,2,3,16,5,0,1,1,False,False,False,5
0.1,15,2,3,20,5,2,2,0,False,False,False,3
0.1,15,2,3,24,5,0,1,1,False,False,False,5
0.1,15,3,3,3,6,0,4,4,False,False,False,6
0.1,15,3,3,7,6,0,2,2,False,False,False,6
0.1,15,3,3,11,6,1,1,0,False,False,False,5
0.1,15,3,3,15,6,2,3,1,False,False,False,4
0.1,15,3,3,19,6,0,2,2,False,False,False,6
0.1,15,3,3,23,6,3,6,3,False,True,True,3
0.1,20,2,2,2,4,0,0,0,False,False,False,4
0.1,20,2,2,6,4,0,1,1,False,False,False,4
0.1,20,2,2,10,4,1,1,0,False,False,False,3
0.1,20,2,2,14,4,0,0,0,False,False,False,4
0.1,20,2,2,18,4,0,0,0,False,False,False,4
0.1,20,2,2,22,4,0,0,0,False,False,False,4
0.1,20,3,2,1,5,0,2,2,False,False,False,5
0.1,20,3,2,5,5,0,0,0,False,False,False,5
0.1,20,3,2,9,5,1,1,0,False,False,False,4
0.1,20,3,2,13,5,0,1,1,False,False,False,5
0.1,20,3,2,17,5,0,0,0,False,False,False,5
0.1,20,3,2,21,5,1,1,0,False,False,False,4
0.1,20,2,3,0,5,1,1,0,False,False,False,4
0.1,20,2,3,4,5,1,1,0,False,False,False,4
0.1,20,2,3,8,5,1,1,0,False,False,False,4
0.1,20,2,3,12,5,0,0,0,False,False,False,5
0.1,20,2,3,16,5,0,1,1,False,False,False,5
0.1,20,2,3,20,5,0,0,0,False,False,False,5
0.1,20,2,3,24,5,0,0,0,False,False,False,5
0.1,20,3,3,3,6,0,0,0,False,False,False,6
0.1,20,3,3,7,6,1,2,1,False,False,False,5
0.1,20,3,3,11,6,0,0,0,False,False,False,6
0.1,20,3,3,15,6,0,1,1,False,False,False,6
0.1,20,3,3,19,6,1,1,0,False,False,False,5
0.1,20,3,3,23,6,0,2,2,False,False,False,6
0.3,10,2,2,2,4,0,2,2,False,False,False,4
0.3,10,2,2,6,4,0,0,0,False,False,False,4
0.3,10,2,2,10,4,1,3,2,False,False,False,3
0.3,10,2,2,14,4,0,0,0,False,False,False,4
0.3,10,2,2,18,4,0,0,0,False,False,False,4
0.3,10,2,2,22,4,2,4,2,False,True,True,2
0.3,10,3,2,1,5,2,5,3,False,True,True,3
0.3,10,3,2,5,5,1,1,0,False,False,False,4
0.3,10,3,2,9,5,0,4,4,False,False,False,5
0.3,10,3,2,13,5,2,2,0,False,False,False,3
0.3,10,3,2,17,5,2,4,2,False,False,False,3
0.3,10,3,2,21,5,2,5,3,False,True,True,3
0.3,10,2,3,0,5,1,2,1,False,False,False,4
0.3,10,2,3,4,5,3,5,2,False,True,True,2
0.3,10,2,3,8,5,0,1,1,False,False,False,5
0.3,10,2,3,12,5,0,0,0,False,False,False,5
0.3,10,2,3,16,5,0,0,0,False,False,False,5
0.3,10,2,3,20,5,0,2,2,False,False,False,5
0.3,10,2,3,24,5,0,4,4,False,False,False,5
0.3,10,3,3,3,6,3,5,2,False,False,False,3
0.3,10,3,3,7,6,0,1,1,False,False,False,6
0.3,10,3,3,11,6,1,6,5,False,True,True,5
0.3,10,3,3,15,6,1,1,0,False,False,False,5
0.3,10,3,3,19,6,1,1,0,False,False,False,5
0.3,10,3,3,23,6,1,5,4,False,False,False,5
0.3,15,2,2,2,4,0,1,1,False,False,False,4
0.3,15,2,2,6,4,2,2,0,False,False,False,2
0.3,15,2,2,10,4,1,1,0,False,False,False,3
0.3,15,2,2,14,4,0,0,0,False,False,False,4
0.3,15,2,2,18,4,2,2,0,False,False,False,2
0.3,15,2,2,22,4,2,4,2,False,True,True,2
0.3,15,3,2,1,5,0,1,1,False,False,False,5
0.3,15,3,2,5,5,1,1,0,False,False,False,4
0.3,15,3,2,9,5,0,0,0,False,False,False,5
0.3,15,3,2,13,5,0,0,0,False,False,False,5
0.3,15,3,2,17,5,1,2,1,False,False,False,4
0.3,15,3,2,21,5,1,2,1,False,False,False,4
0.3,15,2,3,0,5,0,1,1,False,False,False,5
0.3,15,2,3,4,5,2,5,3,False,True,True,3
0.3,15,2,3,8,5,0,1,1,False,False,False,5
0.3,15,2,3,12,5,0,0,0,False,False,False,5
0.3,15,2,3,16,5,1,2,1,False,False,False,4
0.3,15,2,3,20,5,0,0,0,False,False,False,5
0.3,15,2,3,24,5,1,1,0,False,False,False,4
0.3,15,3,3,3,6,0,1,1,False,False,False,6
0.3,15,3,3,7,6,0,1,1,False,False,False,6
0.3,15,3,3,11,6,3,3,0,False,False,False,3
0.3,15,3,3,15,6,0,4,4,False,False,False,6
0.3,15,3,3,19,6,1,1,0,False,False,False,5
0.3,15,3,3,23,6,0,1,1,False,False,False,6
0.3,20,2,2,2,4,0,1,1,False,False,False,4
0.3,20,2,2,6,4,0,0,0,False,False,False,4
0.3,20,2,2,10,4,1,1,0,False,False,False,3
0.3,20,2,2,14,4,1,1,0,False,False,False,3
0.3,20,2,2,18,4,0,4,4,False,True,True,4
0.3,20,2,2,22,4,0,0,0,False,False,False,4
0.3,20,3,2,1,5,0,0,0,False,False,False,5
0.3,20,3,2,5,5,0,1,1,False,False,False,5
0.3,20,3,2,9,5,0,3,3,False,False,False,5
0.3,20,3,2,13,5,0,2,2,False,False,False,5
0.3,20,3,2,17,5,2,2,0,False,False,False,3
0.3,20,3,2,21,5,0,0,0,False,False,False,5
0.3,20,2,3,0,5,0,1,1,False,False,False,5
0.3,20,2,3,4,5,0,0,0,False,False,False,5
0.3,20,2,3,8,5,1,2,1,False,False,False,4
0.3,20,2,3,12,5,0,0,0,False,False,False,5
0.3,20,2,3,16,5,0,0,0,False,False,False,5
0.3,20,2,3,20,5,0,0,0,False,False,False,5
0.3,20,2,3,24,5,0,2,2,False,False,False,5
0.3,20,3,3,3,6,0,0,0,False,False,False,6
0.3,20,3,3,7,6,0,0,0,False,False,False,6
0.3,20,3,3,11,6,0,0,0,False,False,False,6
0.3,20,3,3,15,6,0,1,1,False,False,False,6
0.3,20,3,3,19,6,1,1,0,False,False,False,5
0.3,20,3,3,23,6,1,2,1,False,False,False,5
0.5,10,2,2,2,4,2,3,1,False,False,False,2
0.5,10,2,2,6,4,2,4,2,False,True,True,2
0.5,10,2,2,10,4,2,3,1,False,False,False,2
0.5,10,2,2,14,4,2,4,2,False,True,True,2
0.5,10,2,2,18,4,1,3,2,False,False,False,3
0.5,10,2,2,22,4,2,2,0,False,False,False,2
0.5,10,3,2,1,5,2,5,3,False,True,True,3
0.5,10,3,2,5,5,2,5,3,False,True,True,3
0.5,10,3,2,9,5,2,5,3,False,True,True,3
0.5,10,3,2,13,5,2,5,3,False,True,True,3
0.5,10,3,2,17,5,0,3,3,False,False,False,5
0.5,10,3,2,21,5,2,5,3,False,True,True,3
0.5,10,2,3,0,5,3,5,2,False,True,True,2
0.5,10,2,3,4,5,2,2,0,False,False,False,3
0.5,10,2,3,8,5,1,3,2,False,False,False,4
0.5,10,2,3,12,5,3,5,2,False,True,True,2
0.5,10,2,3,16,5,3,5,2,False,True,True,2
0.5,10,2,3,20,5,3,5,2,False,True,True,2
0.5,10,2,3,24,5,3,5,2,False,True,True,2
0.5,10,3,3,3,6,3,6,3,False,True,True,3
0.5,10,3,3,7,6,3,6,3,False,True,True,3
0.5,10,3,3,11,6,3,3,0,False,False,False,3
0.5,10,3,3,15,6,3,6,3,False,True,True,3
0.5,10,3,3,19,6,3,6,3,False,True,True,3
0.5,10,3,3,23,6,2,6,4,False,True,True,4
0.5,15,2,2,2,4,2,4,2,False,True,True,2
0.5,15,2,2,6,4,2,4,2,False,True,True,2
0.5,15,2,2,10,4,1,3,2,False,False,False,3
0.5,15,2,2,14,4,2,2,0,False,False,False,2
0.5,15,2,2,18,4,2,4,2,False,True,True,2
0.5,15,2,2,22,4,2,4,2,False,True,True,2
0.5,15,3,2,1,5,2,5,3,False,True,True,3
0.5,15,3,2,5,5,2,5,3,False,True,True,3
0.5,15,3,2,9,5,2,2,0,False,False,False,3
0.5,15,3,2,13,5,2,4,2,False,False,False,3
0.5,15,3,2,17,5,2,5,3,False,True,True,3
0.5,15,3,2,21,5,2,2,0,False,False,False,3
0.5,15,2,3,0,5,1,4,3,False,False,False,4
0.5,15,2,3,4,5,3,3,0,False,False,False,2
0.5,15,2,3,8,5,3,5,2,False,True,True,2
0.5,15,2,3,12,5,2,2,0,False,False,False,3
0.5,15,2,3,16,5,3,5,2,False,True,True,2
0.5,15,2,3,20,5,1,5,4,False,True,True,4
0.5,15,2,3,24,5,3,5,2,False,True,True,2
0.5,15,3,3,3,6,3,3,0,False,False,False,3
0.5,15,3,3,7,6,3,6,3,False,True,True,3
0.5,15,3,3,11,6,2,2,0,False,False,False,4
0.5,15,3,3,15,6,3,6,3,False,True,True,3
0.5,15,3,3,19,6,2,2,0,False,False,False,4
0.5,15,3,3,23,6,1,1,0,False,False,False,5
0.5,20,2,2,2,4,2,4,2,False,True,True,2
0.5,20,2,2,6,4,2,3,1,False,False,False,2
0.5,20,2,2,10,4,2,2,0,False,False,False,2
0.5,20,2,2,14,4,2,4,2,False,True,True,2
0.5,20,2,2,18,4,1,2,1,False,False,False,3
0.5,20,2,2,22,4,2,4,2,False,True,True,2
0.5,20,3,2,1,5,2,5,3,False,True,True,3
0.5,20,3,2,5,5,1,1,0,False,False,False,4
0.5,20,3,2,9,5,1,1,0,False,False,False,4
0.5,20,3,2,13,5,1,5,4,False,True,True,4
0.5,20,3,2,17,5,2,5,3,False,True,True,3
0.5,20,3,2,21,5,2,5,3,False,True,True,3
0.5,20,2,3,0,5,2,2,0,False,False,False,3
0.5,20,2,3,4,5,1,1,0,False,False,False,4
0.5,20,2,3,8,5,0,1,1,False,False,False,5
0.5,20,2,3,12,5,1,3,2,False,False,False,4
0.5,20,2,3,16,5,3,5,2,False,True,True,2
0.5,20,2,3,20,5,3,5,2,False,True,True,2
0.5,20,2,3,24,5,3,4,1,False,False,False,2
0.5,20,3,3,3,6,2,2,0,False,False,False,4
0.5,20,3,3,7,6,3,6,3,False,True,True,3
0.5,20,3,3,11,6,3,4,1,False,False,False,3
0.5,20,3,3,15,6,3,6,3,False,True,True,3
0.5,20,3,3,19,6,2,2,0,False,False,False,4
0.5,20,3,3,23,6,3,6,3,False,True,True,3
0.7,10,2,2,2,4,1,1,0,False,False,False,3
0.7,10,2,2,6,4,0,1,1,False,False,False,4
0.7,10,2,2,10,4,0,1,1,False,False,False,4
0.7,10,2,2,14,4,1,1,0,False,False,False,3
0.7,10,2,2,18,4,1,2,1,False,False,False,3
0.7,10,2,2,22,4,0,0,0,False,False,False,4
0.7,10,3,2,1,5,0,0,0,False,False,False,5
0.7,10,3,2,5,5,0,2,2,False,False,False,5
0.7,10,3,2,9,5,0,0,0,False,False,False,5
0.7,10,3,2,13,5,0,2,2,False,False,False,5
0.7,10,3,2,17,5,0,0,0,False,False,False,5
0.7,10,3,2,21,5,0,0,0,False,False,False,5
0.7,10,2,3,0,5,1,1,0,False,False,False,4
0.7,10,2,3,4,5,0,1,1,False,False,False,5
0.7,10,2,3,8,5,0,3,3,False,False,False,5
0.7,10,2,3,12,5,0,2,2,False,False,False,5
0.7,10,2,3,16,5,1,1,0,False,False,False,4
0.7,10,2,3,20,5,1,3,2,False,False,False,4
0.7,10,2,3,24,5,0,3,3,False,False,False,5
0.7,10,3,3,3,6,0,1,1,False,False,False,6
0.7,10,3,3,7,6,0,0,0,False,False,False,6
0.7,10,3,3,11,6,0,0,0,False,False,False,6
0.7,10,3,3,15,6,0,3,3,False,False,False,6
0.7,10,3,3,19,6,0,1,1,False,False,False,6
0.7,10,3,3,23,6,1,1,0,False,False,False,5
0.7,15,2,2,2,4,1,4,3,False,True,True,3
0.7,15,2,2,6,4,0,0,0,False,False,False,4
0.7,15,2,2,10,4,0,0,0,False,False,False,4
0.7,15,2,2,14,4,0,1,1,False,False,False,4
0.7,15,2,2,18,4,1,1,0,False,False,False,3
0.7,15,2,2,22,4,0,1,1,False,False,False,4
0.7,15,3,2,1,5,0,0,0,False,False,False,5
0.7,15,3,2,5,5,0,0,0,False,False,False,5
0.7,15,3,2,9,5,0,2,2,False,False,False,5
0.7,15,3,2,13,5,0,0,0,False,False,False,5
0.7,15,3,2,17,5,0,0,0,False,False,False,5
0.7,15,3,2,21,5,0,0,0,False,False,False,5
0.7,15,2,3,0,5,0,1,1,False,False,False,5
0.7,15,2,3,4,5,0,2,2,False,False,False,5
0.7,15,2,3,8,5,0,2,2,False,False,False,5
0.7,15,2,3,12,5,0,1,1,False,False,False,5
0.7,15,2,3,16,5,0,0,0,False,False,False,5
0.7,15,2,3,20,5,0,0,0,False,False,False,5
0.7,15,2,3,24,5,0,0,0,False,False,False,5
0.7,15,3,3,3,6,0,0,0,False,False,False,6
0.7,15,3,3,7,6,0,0,0,False,False,False,6
0.7,15,3,3,11,6,0,1,1,False,False,False,6
0.7,15,3,3,15,6,0,2,2,False,False,False,6
0.7,15,3,3,19,6,0,2,2,False,False,False,6
0.7,15,3,3,23,6,0,1,1,False,False,False,6
0.7,20,2,2,2,4,0,0,0,False,False,False,4
0.7,20,2,2,6,4,0,0,0,False,False,False,4
0.7,20,2,2,10,4,0,0,0,False,False,False,4
0.7,20,2,2,14,4,0,0,0,False,False,False,4
0.7,20,2,2,18,4,0,0,0,False,False,False,4
0.7,20,2,2,22,4,0,0,0,False,False,False,4
0.7,20,3,2,1,5,0,0,0,False,False,False,5
0.7,20,3,2,5,5,0,0,0,False,False,False,5
0.7,20,3,2,9,5,0,0,0,False,False,False,5
0.7,20,3,2,13,5,1,2,1,False,False,False,4
0.7,20,3,2,17,5,0,0,0,False,False,False,5
0.7,20,3,2,21,5,0,0,0,False,False,False,5
0.7,20,2,3,0,5,0,1,1,False,False,False,5
0.7,20,2,3,4,5,0,0,0,False,False,False,5
0.7,20,2,3,8,5,0,0,0,False,False,False,5
0.7,20,2,3,12,5,0,0,0,False,False,False,5
0.7,20,2,3,16,5,0,0,0,False,False,False,5
0.7,20,2,3,20,5,0,0,0,False,False,False,5
0.7,20,2,3,24,5,0,0,0,False,False,False,5
0.7,20,3,3,3,6,0,0,0,False,False,False,6
0.7,20,3,3,7,6,0,0,0,False,False,False,6
0.7,20,3,3,11,6,0,0,0,False,False,False,6
0.7,20,3,3,15,6,0,0,0,False,False,False,6
0.7,20,3,3,19,6,0,0,0,False,False,False,6
0.7,20,3,3,23,6,0,0,0,False,False,False,6
0.9,10,2,2,2,4,0,0,0,False,False,False,4
0.9,10,2,2,6,4,0,0,0,False,False,False,4
0.9,10,2,2,10,4,0,0,0,False,False,False,4
0.9,10,2,2,14,4,0,0,0,False,False,False,4
0.9,10,2,2,18,4,0,0,0,False,False,False,4
0.9,10,2,2,22,4,0,0,0,False,False,False,4
0.9,10,3,2,1,5,0,0,0,False,False,False,5
0.9,10,3,2,5,5,0,0,0,False,False,False,5
0.9,10,3,2,9,5,0,0,0,False,False,False,5
0.9,10,3,2,13,5,0,0,0,False,False,False,5
0.9,10,3,2,17,5,0,0,0,False,False,False,5
0.9,10,3,2,21,5,0,0,0,False,False,False,5
0.9,10,2,3,0,5,0,0,0,False,False,False,5
0.9,10,2,3,4,5,0,0,0,False,False,False,5
0.9,10,2,3,8,5,0,0,0,False,False,False,5
0.9,10,2,3,12,5,0,0,0,False,False,False,5
0.9,10,2,3,16,5,0,0,0,False,False,False,5
0.9,10,2,3,20,5,0,0,0,False,False,False,5
0.9,10,2,3,24,5,0,0,0,False,False,False,5
0.9,10,3,3,3,6,0,0,0,False,False,False,6
0.9,10,3,3,7,6,0,0,0,False,False,False,6
0.9,10,3,3,11,6,0,1,1,False,False,False,6
0.9,10,3,3,15,6,0,0,0,False,False,False,6
0.9,10,3,3,19,6,0,0,0,False,False,False,6
0.9,10,3,3,23,6,0,0,0,False,False,False,6
0.9,15,2,2,2,4,0,0,0,False,False,False,4
0.9,15,2,2,6,4,0,0,0,False,False,False,4
0.9,15,2,2,10,4,0,0,0,False,False,False,4
0.9,15,2,2,14,4,0,0,0,False,False,False,4
0.9,15,2,2,18,4,0,0,0,False,False,False,4
0.9,15,2,2,22,4,0,0,0,False,False,False,4
0.9,15,3,2,1,5,0,0,0,False,False,False,5
0.9,15,3,2,5,5,0,0,0,False,False,False,5
0.9,15,3,2,9,5,0,0,0,False,False,False,5
0.9,15,3,2,13,5,0,0,0,False,False,False,5
0.9,15,3,2,17,5,0,0,0,False,False,False,5
0.9,15,3,2,21,5,0,0,0,False,False,False,5
0.9,15,2,3,0,5,0,0,0,False,False,False,5
0.9,15,2,3,4,5,0,0,0,False,False,False,5
0.9,15,2,3,8,5,0,0,0,False,False,False,5
0.9,15,2,3,12,5,0,0,0,False,False,False,5
0.9,15,2,3,16,5,0,0,0,False,False,False,5
0.9,15,2,3,20,5,0,0,0,False,False,False,5
0.9,15,2,3,24,5,0,0,0,False,False,False,5
0.9,15,3,3,3,6,0,0,0,False,False,False,6
0.9,15,3,3,7,6,0,1,1,False,False,False,6
0.9,15,3,3,11,6,0,0,0,False,False,False,6
0.9,15,3,3,15,6,0,0,0,False,False,False,6
0.9,15,3,3,19,6,0,0,0,False,False,False,6
0.9,15,3,3,23,6,0,0,0,False,False,False,6
0.9,20,2,2,2,4,0,0,0,False,False,False,4
0.9,20,2,2,6,4,0,0,0,False,False,False,4
0.9,20,2,2,10,4,0,0,0,False,False,False,4
0.9,20,2,2,14,4,0,0,0,False,False,False,4
0.9,20,2,2,18,4,0,0,0,False,False,False,4
0.9,20,2,2,22,4,0,0,0,False,False,False,4
0.9,20,3,2,1,5,0,0,0,False,False,False,5
0.9,20,3,2,5,5,0,0,0,False,False,False,5
0.9,20,3,2,9,5,0,0,0,False,False,False,5
0.9,20,3,2,13,5,0,0,0,False,False,False,5
0.9,20,3,2,17,5,0,0,0,False,False,False,5
0.9,20,3,2,21,5,0,0,0,False,False,False,5
0.9,20,2,3,0,5,0,0,0,False,False,False,5
0.9,20,2,3,4,5,0,0,0,False,False,False,5
0.9,20,2,3,8,5,0,0,0,False,False,False,5
0.9,20,2,3,12,5,0,0,0,False,False,False,5
0.9,20,2,3,16,5,0,0,0,False,False,False,5
0.9,20,2,3,20,5,0,0,0,False,False,False,5
0.9,20,2,3,24,5,0,0,0,False,False,False,5
0.9,20,3,3,3,6,0,0,0,False,False,False,6
0.9,20,3,3,7,6,0,0,0,False,False,False,6
0.9,20,3,3,11,6,0,0,0,False,False,False,6
0.9,20,3,3,15,6,0,0,0,False,False,False,6
0.9,20,3,3,19,6,0,0,0,False,False,False,6
0.9,20,3,3,23,6,0,0,0,False,False,False,6
