alignment,n,n_gw,n_od,rep,n_drivers,n_driver_kstar_empty,driver_empty_rate,instance_fully_fd
0.1,10,2,2,0,4,4,1.0,True
0.1,10,2,2,4,4,2,0.5,False
0.1,10,2,2,8,4,3,0.75,False
0.1,10,2,2,12,4,2,0.5,False
0.1,10,2,2,16,4,0,0.0,False
0.1,10,2,2,20,4,1,0.25,False
0.1,10,2,2,24,4,1,0.25,False
0.1,10,3,2,3,5,2,0.4,False
0.1,10,3,2,7,5,0,0.0,False
0.1,10,3,2,11,5,2,0.4,False
0.1,10,3,2,15,5,1,0.2,False
0.1,10,3,2,19,5,5,1.0,True
0.1,10,3,2,23,5,4,0.8,False
0.1,10,2,3,2,5,2,0.4,False
0.1,10,2,3,6,5,5,1.0,True
0.1,10,2,3,10,5,0,0.0,False
0.1,10,2,3,14,5,2,0.4,False
0.1,10,2,3,18,5,1,0.2,False
0.1,10,2,3,22,5,4,0.8,False
0.1,10,3,3,1,6,1,0.16666666666666666,False
0.1,10,3,3,5,6,1,0.16666666666666666,False
0.1,10,3,3,9,6,1,0.16666666666666666,False
0.1,10,3,3,13,6,6,1.0,True
0.1,10,3,3,17,6,5,0.8333333333333334,False
0.1,10,3,3,21,6,3,0.5,False
0.1,15,2,2,0,4,0,0.0,False
0.1,15,2,2,4,4,0,0.0,False
0.1,15,2,2,8,4,0,0.0,False
0.1,15,2,2,12,4,0,0.0,False
0.1,15,2,2,16,4,2,0.5,False
0.1,15,2,2,20,4,0,0.0,False
0.1,15,2,2,24,4,1,0.25,False
0.1,15,3,2,3,5,2,0.4,False
0.1,15,3,2,7,5,3,0.6,False
0.1,15,3,2,11,5,2,0.4,False
0.1,15,3,2,15,5,2,0.4,False
0.1,15,3,2,19,5,2,0.4,False
0.1,15,3,2,23,5,1,0.2,False
0.1,15,2,3,2,5,0,0.0,False
0.1,15,2,3,6,5,1,0.2,False
0.1,15,2,3,10,5,4,0.8,False
0.1,15,2,3,14,5,2,0.4,False
0.1,15,2,3,18,5,3,0.6,False
0.1,15,2,3,22,5,1,0.2,False
0.1,15,3,3,1,6,3,0.5,False
0.1,15,3,3,5,6,2,0.3333333333333333,False
0.1,15,3,3,9,6,2,0.3333333333333333,False
0.1,15,3,3,13,6,1,0.16666666666666666,False
0.1,15,3,3,17,6,2,0.3333333333333333,False
0.1,15,3,3,21,6,1,0.16666666666666666,False
0.1,20,2,2,0,4,2,0.5,False
0.1,20,2,2,4,4,1,0.25,False
0.1,20,2,2,8,4,0,0.0,False
0.1,20,2,2,12,4,1,0.25,False
0.1,20,2,2,16,4,1,0.25,False
0.1,20,2,2,20,4,0,0.0,False
0.1,20,2,2,24,4,2,0.5,False
0.1,20,3,2,3,5,1,0.2,False
0.1,20,3,2,7,5,0,0.0,False
0.1,20,3,2,11,5,5,1.0,True
0.1,20,3,2,15,5,0,0.0,False
0.1,20,3,2,19,5,3,0.6,False
0.1,20,3,2,23,5,0,0.0,False
0.1,20,2,3,2,5,2,0.4,False
0.1,20,2,3,6,5,1,0.2,False
0.1,20,2,3,10,5,1,0.2,False
0.1,20,2,3,14,5,1,0.2,False
0.1,20,2,3,18,5,1,0.2,False
0.1,20,2,3,22,5,1,0.2,False
0.1,20,3,3,1,6,5,0.8333333333333334,False
0.1,20,3,3,5,6,1,0.16666666666666666,False
0.1,20,3,3,9,6,3,0.5,False
0.1,20,3,3,13,6,1,0.16666666666666666,False
0.1,20,3,3,17,6,0,0.0,False
0.1,20,3,3,21,6,2,0.3333333333333333,False
0.3,10,2,2,0,4,2,0.5,False
0.3,10,2,2,4,4,4,1.0,True
0.3,10,2,2,8,4,3,0.75,False
0.3,10,2,2,12,4,1,0.25,False
0.3,10,2,2,16,4,4,1.0,True
0.3,10,2,2,20,4,0,0.0,False
0.3,10,2,2,24,4,3,0.75,False
0.3,10,3,2,3,5,5,1.0,True
0.3,10,3,2,7,5,2,0.4,False
0.3,10,3,2,11,5,2,0.4,False
0.3,10,3,2,15,5,1,0.2,False
0.3,10,3,2,19,5,2,0.4,False
0.3,10,3,2,23,5,0,0.0,False
0.3,10,2,3,2,5,4,0.8,False
0.3,10,2,3,6,5,5,1.0,True
0.3,10,2,3,10,5,1,0.2,False
0.3,10,2,3,14,5,4,0.8,False
0.3,10,2,3,18,5,2,0.4,False
0.3,10,2,3,22,5,1,0.2,False
0.3,10,3,3,1,6,4,0.6666666666666666,False
0.3,10,3,3,5,6,3,0.5,False
0.3,10,3,3,9,6,6,1.0,True
0.3,10,3,3,13,6,3,0.5,False
0.3,10,3,3,17,6,2,0.3333333333333333,False
0.3,10,3,3,21,6,4,0.6666666666666666,False
0.3,15,2,2,0,4,0,0.0,False
0.3,15,2,2,4,4,2,0.5,False
0.3,15,2,2,8,4,1,0.25,False
0.3,15,2,2,12,4,0,0.0,False
0.3,15,2,2,16,4,0,0.0,False
0.3,15,2,2,20,4,4,1.0,True
0.3,15,2,2,24,4,0,0.0,False
0.3,15,3,2,3,5,1,0.2,False
0.3,15,3,2,7,5,2,0.4,False
0.3,15,3,2,11,5,1,0.2,False
0.3,15,3,2,15,5,3,0.6,False
0.3,15,3,2,19,5,0,0.0,False
0.3,15,3,2,23,5,0,0.0,False
0.3,15,2,3,2,5,1,0.2,False
0.3,15,2,3,6,5,3,0.6,False
0.3,15,2,3,10,5,1,0.2,False
0.3,15,2,3,14,5,2,0.4,False
0.3,15,2,3,18,5,2,0.4,False
0.3,15,2,3,22,5,1,0.2,False
0.3,15,3,3,1,6,1,0.16666666666666666,False
0.3,15,3,3,5,6,2,0.3333333333333333,False
0.3,15,3,3,9,6,0,0.0,False
0.3,15,3,3,13,6,2,0.3333333333333333,False
0.3,15,3,3,17,6,4,0.6666666666666666,False
0.3,15,3,3,21,6,1,0.16666666666666666,False
0.3,20,2,2,0,4,0,0.0,False
0.3,20,2,2,4,4,0,0.0,False
0.3,20,2,2,8,4,0,0.0,False
0.3,20,2,2,12,4,0,0.0,False
0.3,20,2,2,16,4,1,0.25,False
0.3,20,2,2,20,4,0,0.0,False
0.3,20,2,2,24,4,0,0.0,False
0.3,20,3,2,3,5,1,0.2,False
0.3,20,3,2,7,5,0,0.0,False
0.3,20,3,2,11,5,0,0.0,False
0.3,20,3,2,15,5,3,0.6,False
0.3,20,3,2,19,5,5,1.0,True
0.3,20,3,2,23,5,0,0.0,False
0.3,20,2,3,2,5,2,0.4,False
0.3,20,2,3,6,5,2,0.4,False
0.3,20,2,3,10,5,1,0.2,False
0.3,20,2,3,14,5,2,0.4,False
0.3,20,2,3,18,5,1,0.2,False
0.3,20,2,3,22,5,1,0.2,False
0.3,20,3,3,1,6,1,0.16666666666666666,False
0.3,20,3,3,5,6,3,0.5,False
0.3,20,3,3,9,6,1,0.16666666666666666,False
0.3,20,3,3,13,6,1,0.16666666666666666,False
0.3,20,3,3,17,6,1,0.16666666666666666,False
0.3,20,3,3,21,6,1,0.16666666666666666,False
0.5,10,2,2,0,4,2,0.5,False
0.5,10,2,2,4,4,4,1.0,True
0.5,10,2,2,8,4,2,0.5,False
0.5,10,2,2,12,4,2,0.5,False
0.5,10,2,2,16,4,4,1.0,True
0.5,10,2,2,20,4,4,1.0,True
0.5,10,2,2,24,4,4,1.0,True
0.5,10,3,2,3,5,5,1.0,True
0.5,10,3,2,7,5,5,1.0,True
0.5,10,3,2,11,5,2,0.4,False
0.5,10,3,2,15,5,1,0.2,False
0.5,10,3,2,19,5,2,0.4,False
0.5,10,3,2,23,5,5,1.0,True
0.5,10,2,3,2,5,3,0.6,False
0.5,10,2,3,6,5,5,1.0,True
0.5,10,2,3,10,5,5,1.0,True
0.5,10,2,3,14,5,5,1.0,True
0.5,10,2,3,18,5,5,1.0,True
0.5,10,2,3,22,5,2,0.4,False
0.5,10,3,3,1,6,5,0.8333333333333334,False
0.5,10,3,3,5,6,6,1.0,True
0.5,10,3,3,9,6,6,1.0,True
0.5,10,3,3,13,6,6,1.0,True
0.5,10,3,3,17,6,6,1.0,True
0.5,10,3,3,21,6,6,1.0,True
0.5,15,2,2,0,4,1,0.25,False
0.5,15,2,2,4,4,1,0.25,False
0.5,15,2,2,8,4,4,1.0,True
0.5,15,2,2,12,4,4,1.0,True
0.5,15,2,2,16,4,2,0.5,False
0.5,15,2,2,20,4,3,0.75,False
0.5,15,2,2,24,4,4,1.0,True
0.5,15,3,2,3,5,5,1.0,True
0.5,15,3,2,7,5,5,1.0,True
0.5,15,3,2,11,5,2,0.4,False
0.5,15,3,2,15,5,5,1.0,True
0.5,15,3,2,19,5,5,1.0,True
0.5,15,3,2,23,5,5,1.0,True
0.5,15,2,3,2,5,3,0.6,False
0.5,15,2,3,6,5,5,1.0,True
0.5,15,2,3,10,5,3,0.6,False
0.5,15,2,3,14,5,4,0.8,False
0.5,15,2,3,18,5,5,1.0,True
0.5,15,2,3,22,5,3,0.6,False
0.5,15,3,3,1,6,6,1.0,True
0.5,15,3,3,5,6,3,0.5,False
0.5,15,3,3,9,6,6,1.0,True
0.5,15,3,3,13,6,2,0.3333333333333333,False
0.5,15,3,3,17,6,3,0.5,False
0.5,15,3,3,21,6,3,0.5,False
0.5,20,2,2,0,4,3,0.75,False
0.5,20,2,2,4,4,2,0.5,False
0.5,20,2,2,8,4,2,0.5,False
0.5,20,2,2,12,4,4,1.0,True
0.5,20,2,2,16,4,2,0.5,False
0.5,20,2,2,20,4,4,1.0,True
0.5,20,2,2,24,4,4,1.0,True
0.5,20,3,2,3,5,5,1.0,True
0.5,20,3,2,7,5,2,0.4,False
0.5,20,3,2,11,5,5,1.0,True
0.5,20,3,2,15,5,2,0.4,False
0.5,20,3,2,19,5,1,0.2,False
0.5,20,3,2,23,5,5,1.0,True
0.5,20,2,3,2,5,5,1.0,True
0.5,20,2,3,6,5,3,0.6,False
0.5,20,2,3,10,5,3,0.6,False
0.5,20,2,3,14,5,2,0.4,False
0.5,20,2,3,18,5,3,0.6,False
0.5,20,2,3,22,5,3,0.6,False
0.5,20,3,3,1,6,4,0.6666666666666666,False
0.5,20,3,3,5,6,3,0.5,False
0.5,20,3,3,9,6,6,1.0,True
0.5,20,3,3,13,6,3,0.5,False
0.5,20,3,3,17,6,5,0.8333333333333334,False
0.5,20,3,3,21,6,6,1.0,True
0.7,10,2,2,0,4,0,0.0,False
0.7,10,2,2,4,4,2,0.5,False
0.7,10,2,2,8,4,0,0.0,False
0.7,10,2,2,12,4,1,0.25,False
0.7,10,2,2,16,4,0,0.0,False
0.7,10,2,2,20,4,0,0.0,False
0.7,10,2,2,24,4,2,0.5,False
0.7,10,3,2,3,5,0,0.0,False
0.7,10,3,2,7,5,0,0.0,False
0.7,10,3,2,11,5,0,0.0,False
0.7,10,3,2,15,5,1,0.2,False
0.7,10,3,2,19,5,0,0.0,False
0.7,10,3,2,23,5,0,0.0,False
0.7,10,2,3,2,5,2,0.4,False
0.7,10,2,3,6,5,0,0.0,False
0.7,10,2,3,10,5,2,0.4,False
0.7,10,2,3,14,5,0,0.0,False
0.7,10,2,3,18,5,1,0.2,False
0.7,10,2,3,22,5,1,0.2,False
0.7,10,3,3,1,6,0,0.0,False
0.7,10,3,3,5,6,0,0.0,False
0.7,10,3,3,9,6,0,0.0,False
0.7,10,3,3,13,6,0,0.0,False
0.7,10,3,3,17,6,3,0.5,False
0.7,10,3,3,21,6,0,0.0,False
0.7,15,2,2,0,4,0,0.0,False
0.7,15,2,2,4,4,1,0.25,False
0.7,15,2,2,8,4,0,0.0,False
0.7,15,2,2,12,4,0,0.0,False
0.7,15,2,2,16,4,0,0.0,False
0.7,15,2,2,20,4,1,0.25,False
0.7,15,2,2,24,4,0,0.0,False
0.7,15,3,2,3,5,0,0.0,False
0.7,15,3,2,7,5,0,0.0,False
0.7,15,3,2,11,5,1,0.2,False
0.7,15,3,2,15,5,0,0.0,False
0.7,15,3,2,19,5,1,0.2,False
0.7,15,3,2,23,5,0,0.0,False
0.7,15,2,3,2,5,1,0.2,False
0.7,15,2,3,6,5,1,0.2,False
0.7,15,2,3,10,5,1,0.2,False
0.7,15,2,3,14,5,2,0.4,False
0.7,15,2,3,18,5,0,0.0,False
0.7,15,2,3,22,5,1,0.2,False
0.7,15,3,3,1,6,0,0.0,False
0.7,15,3,3,5,6,2,0.3333333333333333,False
0.7,15,3,3,9,6,0,0.0,False
0.7,15,3,3,13,6,0,0.0,False
0.7,15,3,3,17,6,1,0.16666666666666666,False
0.7,15,3,3,21,6,1,0.16666666666666666,False
0.7,20,2,2,0,4,0,0.0,False
0.7,20,2,2,4,4,0,0.0,False
0.7,20,2,2,8,4,1,0.25,False
0.7,20,2,2,12,4,0,0.0,False
0.7,20,2,2,16,4,0,0.0,False
0.7,20,2,2,20,4,0,0.0,False
0.7,20,2,2,24,4,0,0.0,False
0.7,20,3,2,3,5,0,0.0,False
0.7,20,3,2,7,5,0,0.0,False
0.7,20,3,2,11,5,0,0.0,False
0.7,20,3,2,15,5,0,0.0,False
0.7,20,3,2,19,5,0,0.0,False
0.7,20,3,2,23,5,0,0.0,False
0.7,20,2,3,2,5,0,0.0,False
0.7,20,2,3,6,5,0,0.0,False
0.7,20,2,3,10,5,0,0.0,False
0.7,20,2,3,14,5,1,0.2,False
0.7,20,2,3,18,5,0,0.0,False
0.7,20,2,3,22,5,1,0.2,False
0.7,20,3,3,1,6,1,0.16666666666666666,False
0.7,20,3,3,5,6,1,0.16666666666666666,False
0.7,20,3,3,9,6,0,0.0,False
0.7,20,3,3,13,6,0,0.0,False
0.7,20,3,3,17,6,0,0.0,False
0.7,20,3,3,21,6,0,0.0,False
0.9,10,2,2,0,4,0,0.0,False
0.9,10,2,2,4,4,0,0.0,False
0.9,10,2,2,8,4,0,0.0,False
0.9,10,2,2,12,4,0,0.0,False
0.9,10,2,2,16,4,0,0.0,False
0.9,10,2,2,20,4,0,0.0,False
0.9,10,2,2,24,4,0,0.0,False
0.9,10,3,2,3,5,0,0.0,False
0.9,10,3,2,7,5,1,0.2,False
0.9,10,3,2,11,5,0,0.0,False
0.9,10,3,2,15,5,0,0.0,False
0.9,10,3,2,19,5,0,0.0,False
0.9,10,3,2,23,5,0,0.0,False
0.9,10,2,3,2,5,0,0.0,False
0.9,10,2,3,6,5,0,0.0,False
0.9,10,2,3,10,5,0,0.0,False
0.9,10,2,3,14,5,0,0.0,False
0.9,10,2,3,18,5,1,0.2,False
0.9,10,2,3,22,5,0,0.0,False
0.9,10,3,3,1,6,0,0.0,False
0.9,10,3,3,5,6,0,0.0,False
0.9,10,3,3,9,6,0,0.0,False
0.9,10,3,3,13,6,0,0.0,False
0.9,10,3,3,17,6,0,0.0,False
0.9,10,3,3,21,6,0,0.0,False
0.9,15,2,2,0,4,0,0.0,False
0.9,15,2,2,4,4,0,0.0,False
0.9,15,2,2,8,4,0,0.0,False
0.9,15,2,2,12,4,0,0.0,False
0.9,15,2,2,16,4,0,0.0,False
0.9,15,2,2,20,4,0,0.0,False
0.9,15,2,2,24,4,0,0.0,False
0.9,15,3,2,3,5,0,0.0,False
0.9,15,3,2,7,5,0,0.0,False
0.9,15,3,2,11,5,0,0.0,False
0.9,15,3,2,15,5,0,0.0,False
0.9,15,3,2,19,5,0,0.0,False
0.9,15,3,2,23,5,0,0.0,False
0.9,15,2,3,2,5,0,0.0,False
0.9,15,2,3,6,5,0,0.0,False
0.9,15,2,3,10,5,0,0.0,False
0.9,15,2,3,14,5,0,0.0,False
0.9,15,2,3,18,5,0,0.0,False
0.9,15,2,3,22,5,0,0.0,False
0.9,15,3,3,1,6,0,0.0,False
0.9,15,3,3,5,6,0,0.0,False
0.9,15,3,3,9,6,0,0.0,False
0.9,15,3,3,13,6,0,0.0,False
0.9,15,3,3,17,6,1,0.16666666666666666,False
0.9,15,3,3,21,6,0,0.0,False
0.9,20,2,2,0,4,0,0.0,False
0.9,20,2,2,4,4,0,0.0,False
0.9,20,2,2,8,4,0,0.0,False
0.9,20,2,2,12,4,0,0.0,False
0.9,20,2,2,16,4,0,0.0,False
0.9,20,2,2,20,4,0,0.0,False
0.9,20,2,2,24,4,0,0.0,False
0.9,20,3,2,3,5,0,0.0,False
0.9,20,3,2,7,5,0,0.0,False
0.9,20,3,2,11,5,0,0.0,False
0.9,20,3,2,15,5,0,0.0,False
0.9,20,3,2,19,5,0,0.0,False
0.9,20,3,2,23,5,0,0.0,False
0.9,20,2,3,2,5,0,0.0,False
0.9,20,2,3,6,5,0,0.0,False
0.9,20,2,3,10,5,0,0.0,False
0.9,20,2,3,14,5,0,0.0,False
0.9,20,2,3,18,5,0,0.0,False
0.9,20,2,3,22,5,0,0.0,False
0.9,20,3,3,1,6,0,0.0,False
0.9,20,3,3,5,6,0,0.0,False
0.9,20,3,3,9,6,0,0.0,False
0.9,20,3,3,13,6,0,0.0,False
0.9,20,3,3,17,6,1,0.16666666666666666,False
0.9,20,3,3,21,6,0,0.0,False
0.1,10,2,2,1,4,2,0.5,False
0.1,10,2,2,5,4,1,0.25,False
0.1,10,2,2,9,4,3,0.75,False
0.1,10,2,2,13,4,2,0.5,False
0.1,10,2,2,17,4,2,0.5,False
0.1,10,2,2,21,4,3,0.75,False
0.1,10,3,2,0,5,5,1.0,True
0.1,10,3,2,4,5,5,1.0,True
0.1,10,3,2,8,5,4,0.8,False
0.1,10,3,2,12,5,3,0.6,False
0.1,10,3,2,16,5,2,0.4,False
0.1,10,3,2,20,5,0,0.0,False
0.1,10,3,2,24,5,5,1.0,True
0.1,10,2,3,3,5,1,0.2,False
0.1,10,2,3,7,5,2,0.4,False
0.1,10,2,3,11,5,5,1.0,True
0.1,10,2,3,15,5,1,0.2,False
0.1,10,2,3,19,5,3,0.6,False
0.1,10,2,3,23,5,4,0.8,False
0.1,10,3,3,2,6,3,0.5,False
0.1,10,3,3,6,6,0,0.0,False
0.1,10,3,3,10,6,5,0.8333333333333334,False
0.1,10,3,3,14,6,5,0.8333333333333334,False
0.1,10,3,3,18,6,4,0.6666666666666666,False
0.1,10,3,3,22,6,3,0.5,False
0.1,15,2,2,1,4,0,0.0,False
0.1,15,2,2,5,4,2,0.5,False
0.1,15,2,2,9,4,0,0.0,False
0.1,15,2,2,13,4,0,0.0,False
0.1,15,2,2,17,4,1,0.25,False
0.1,15,2,2,21,4,0,0.0,False
0.1,15,3,2,0,5,1,0.2,False
0.1,15,3,2,4,5,3,0.6,False
0.1,15,3,2,8,5,1,0.2,False
0.1,15,3,2,12,5,1,0.2,False
0.1,15,3,2,16,5,3,0.6,False
0.1,15,3,2,20,5,4,0.8,False
0.1,15,3,2,24,5,2,0.4,False
0.1,15,2,3,3,5,1,0.2,False
0.1,15,2,3,7,5,4,0.8,False
0.1,15,2,3,11,5,1,0.2,False
0.1,15,2,3,15,5,1,0.2,False
0.1,15,2,3,19,5,2,0.4,False
0.1,15,2,3,23,5,0,0.0,False
0.1,15,3,3,2,6,2,0.3333333333333333,False
0.1,15,3,3,6,6,3,0.5,False
0.1,15,3,3,10,6,1,0.16666666666666666,False
0.1,15,3,3,14,6,2,0.3333333333333333,False
0.1,15,3,3,18,6,0,0.0,False
0.1,15,3,3,22,6,3,0.5,False
0.1,20,2,2,1,4,4,1.0,True
0.1,20,2,2,5,4,2,0.5,False
0.1,20,2,2,9,4,0,0.0,False
0.1,20,2,2,13,4,1,0.25,False
0.1,20,2,2,17,4,0,0.0,False
0.1,20,2,2,21,4,2,0.5,False
0.1,20,3,2,0,5,2,0.4,False
0.1,20,3,2,4,5,0,0.0,False
0.1,20,3,2,8,5,0,0.0,False
0.1,20,3,2,12,5,0,0.0,False
0.1,20,3,2,16,5,0,0.0,False
0.1,20,3,2,20,5,0,0.0,False
0.1,20,3,2,24,5,2,0.4,False
0.1,20,2,3,3,5,2,0.4,False
0.1,20,2,3,7,5,0,0.0,False
0.1,20,2,3,11,5,4,0.8,False
0.1,20,2,3,15,5,1,0.2,False
0.1,20,2,3,19,5,0,0.0,False
0.1,20,2,3,23,5,0,0.0,False
0.1,20,3,3,2,6,1,0.16666666666666666,False
0.1,20,3,3,6,6,3,0.5,False
0.1,20,3,3,10,6,0,0.0,False
0.1,20,3,3,14,6,0,0.0,False
0.1,20,3,3,18,6,1,0.16666666666666666,False
0.1,20,3,3,22,6,3,0.5,False
0.3,10,2,2,1,4,1,0.25,False
0.3,10,2,2,5,4,3,0.75,False
0.3,10,2,2,9,4,0,0.0,False
0.3,10,2,2,13,4,2,0.5,False
0.3,10,2,2,17,4,2,0.5,False
0.3,10,2,2,21,4,3,0.75,False
0.3,10,3,2,0,5,2,0.4,False
0.3,10,3,2,4,5,1,0.2,False
0.3,10,3,2,8,5,0,0.0,False
0.3,10,3,2,12,5,0,0.0,False
0.3,10,3,2,16,5,1,0.2,False
0.3,10,3,2,20,5,5,1.0,True
0.3,10,3,2,24,5,2,0.4,False
0.3,10,2,3,3,5,2,0.4,False
0.3,10,2,3,7,5,4,0.8,False
0.3,10,2,3,11,5,2,0.4,False
0.3,10,2,3,15,5,1,0.2,False
0.3,10,2,3,19,5,2,0.4,False
0.3,10,2,3,23,5,0,0.0,False
0.3,10,3,3,2,6,1,0.16666666666666666,False
0.3,10,3,3,6,6,4,0.6666666666666666,False
0.3,10,3,3,10,6,5,0.8333333333333334,False
0.3,10,3,3,14,6,5,0.8333333333333334,False
0.3,10,3,3,18,6,1,0.16666666666666666,False
0.3,10,3,3,22,6,3,0.5,False
0.3,15,2,2,1,4,0,0.0,False
0.3,15,2,2,5,4,1,0.25,False
0.3,15,2,2,9,4,0,0.0,False
0.3,15,2,2,13,4,1,0.25,False
0.3,15,2,2,17,4,0,0.0,False
0.3,15,2,2,21,4,0,0.0,False
0.3,15,3,2,0,5,1,0.2,False
0.3,15,3,2,4,5,0,0.0,False
0.3,15,3,2,8,5,0,0.0,False
0.3,15,3,2,12,5,0,0.0,False
0.3,15,3,2,16,5,0,0.0,False
0.3,15,3,2,20,5,2,0.4,False
0.3,15,3,2,24,5,0,0.0,False
0.3,15,2,3,3,5,1,0.2,False
0.3,15,2,3,7,5,1,0.2,False
0.3,15,2,3,11,5,0,0.0,False
0.3,15,2,3,15,5,1,0.2,False
0.3,15,2,3,19,5,0,0.0,False
0.3,15,2,3,23,5,1,0.2,False
0.3,15,3,3,2,6,1,0.16666666666666666,False
0.3,15,3,3,6,6,1,0.16666666666666666,False
0.3,15,3,3,10,6,2,0.3333333333333333,False
0.3,15,3,3,14,6,5,0.8333333333333334,False
0.3,15,3,3,18,6,0,0.0,False
0.3,15,3,3,22,6,0,0.0,False
0.3,20,2,2,1,4,0,0.0,False
0.3,20,2,2,5,4,0,0.0,False
0.3,20,2,2,9,4,0,0.0,False
0.3,20,2,2,13,4,4,1.0,True
0.3,20,2,2,17,4,1,0.25,False
0.3,20,2,2,21,4,0,0.0,False
0.3,20,3,2,0,5,0,0.0,False
0.3,20,3,2,4,5,1,0.2,False
0.3,20,3,2,8,5,0,0.0,False
0.3,20,3,2,12,5,0,0.0,False
0.3,20,3,2,16,5,5,1.0,True
0.3,20,3,2,20,5,1,0.2,False
0.3,20,3,2,24,5,3,0.6,False
0.3,20,2,3,3,5,2,0.4,False
0.3,20,2,3,7,5,4,0.8,False
0.3,20,2,3,11,5,0,0.0,False
0.3,20,2,3,15,5,1,0.2,False
0.3,20,2,3,19,5,1,0.2,False
0.3,20,2,3,23,5,1,0.2,False
0.3,20,3,3,2,6,2,0.3333333333333333,False
0.3,20,3,3,6,6,1,0.16666666666666666,False
0.3,20,3,3,10,6,3,0.5,False
0.3,20,3,3,14,6,0,0.0,False
0.3,20,3,3,18,6,1,0.16666666666666666,False
0.3,20,3,3,22,6,2,0.3333333333333333,False
0.5,10,2,2,1,4,4,1.0,True
0.5,10,2,2,5,4,4,1.0,True
0.5,10,2,2,9,4,4,1.0,True
0.5,10,2,2,13,4,2,0.5,False
0.5,10,2,2,17,4,4,1.0,True
0.5,10,2,2,21,4,4,1.0,True
0.5,10,3,2,0,5,5,1.0,True
0.5,10,3,2,4,5,5,1.0,True
0.5,10,3,2,8,5,5,1.0,True
0.5,10,3,2,12,5,5,1.0,True
0.5,10,3,2,16,5,5,1.0,True
0.5,10,3,2,20,5,5,1.0,True
0.5,10,3,2,24,5,2,0.4,False
0.5,10,2,3,3,5,5,1.0,True
0.5,10,2,3,7,5,5,1.0,True
0.5,10,2,3,11,5,5,1.0,True
0.5,10,2,3,15,5,3,0.6,False
0.5,10,2,3,19,5,5,1.0,True
0.5,10,2,3,23,5,5,1.0,True
0.5,10,3,3,2,6,1,0.16666666666666666,False
0.5,10,3,3,6,6,4,0.6666666666666666,False
0.5,10,3,3,10,6,6,1.0,True
0.5,10,3,3,14,6,6,1.0,True
0.5,10,3,3,18,6,4,0.6666666666666666,False
0.5,10,3,3,22,6,6,1.0,True
0.5,15,2,2,1,4,4,1.0,True
0.5,15,2,2,5,4,4,1.0,True
0.5,15,2,2,9,4,2,0.5,False
0.5,15,2,2,13,4,2,0.5,False
0.5,15,2,2,17,4,3,0.75,False
0.5,15,2,2,21,4,3,0.75,False
0.5,15,3,2,0,5,3,0.6,False
0.5,15,3,2,4,5,5,1.0,True
0.5,15,3,2,8,5,2,0.4,False
0.5,15,3,2,12,5,0,0.0,False
0.5,15,3,2,16,5,2,0.4,False
0.5,15,3,2,20,5,2,0.4,False
0.5,15,3,2,24,5,5,1.0,True
0.5,15,2,3,3,5,5,1.0,True
0.5,15,2,3,7,5,2,0.4,False
0.5,15,2,3,11,5,5,1.0,True
0.5,15,2,3,15,5,3,0.6,False
0.5,15,2,3,19,5,3,0.6,False
0.5,15,2,3,23,5,5,1.0,True
0.5,15,3,3,2,6,6,1.0,True
0.5,15,3,3,6,6,6,1.0,True
0.5,15,3,3,10,6,3,0.5,False
0.5,15,3,3,14,6,6,1.0,True
0.5,15,3,3,18,6,6,1.0,True
0.5,15,3,3,22,6,3,0.5,False
0.5,20,2,2,1,4,2,0.5,False
0.5,20,2,2,5,4,4,1.0,True
0.5,20,2,2,9,4,2,0.5,False
0.5,20,2,2,13,4,4,1.0,True
0.5,20,2,2,17,4,2,0.5,False
0.5,20,2,2,21,4,2,0.5,False
0.5,20,3,2,0,5,3,0.6,False
0.5,20,3,2,4,5,1,0.2,False
0.5,20,3,2,8,5,2,0.4,False
0.5,20,3,2,12,5,4,0.8,False
0.5,20,3,2,16,5,5,1.0,True
0.5,20,3,2,20,5,5,1.0,True
0.5,20,3,2,24,5,2,0.4,False
0.5,20,2,3,3,5,3,0.6,False
0.5,20,2,3,7,5,5,1.0,True
0.5,20,2,3,11,5,2,0.4,False
0.5,20,2,3,15,5,5,1.0,True
0.5,20,2,3,19,5,3,0.6,False
0.5,20,2,3,23,5,3,0.6,False
0.5,20,3,3,2,6,5,0.8333333333333334,False
0.5,20,3,3,6,6,6,1.0,True
0.5,20,3,3,10,6,3,0.5,False
0.5,20,3,3,14,6,6,1.0,True
0.5,20,3,3,18,6,6,1.0,True
0.5,20,3,3,22,6,6,1.0,True
0.7,10,2,2,1,4,4,1.0,True
0.7,10,2,2,5,4,0,0.0,False
0.7,10,2,2,9,4,1,0.25,False
0.7,10,2,2,13,4,1,0.25,False
0.7,10,2,2,17,4,0,0.0,False
0.7,10,2,2,21,4,0,0.0,False
0.7,10,3,2,0,5,0,0.0,False
0.7,10,3,2,4,5,0,0.0,False
0.7,10,3,2,8,5,0,0.0,False
0.7,10,3,2,12,5,2,0.4,False
0.7,10,3,2,16,5,0,0.0,False
0.7,10,3,2,20,5,3,0.6,False
0.7,10,3,2,24,5,2,0.4,False
0.7,10,2,3,3,5,3,0.6,False
0.7,10,2,3,7,5,0,0.0,False
0.7,10,2,3,11,5,3,0.6,False
0.7,10,2,3,15,5,0,0.0,False
0.7,10,2,3,19,5,3,0.6,False
0.7,10,2,3,23,5,4,0.8,False
0.7,10,3,3,2,6,5,0.8333333333333334,False
0.7,10,3,3,6,6,1,0.16666666666666666,False
0.7,10,3,3,10,6,3,0.5,False
0.7,10,3,3,14,6,0,0.0,False
0.7,10,3,3,18,6,5,0.8333333333333334,False
0.7,10,3,3,22,6,6,1.0,True
0.7,15,2,2,1,4,0,0.0,False
0.7,15,2,2,5,4,0,0.0,False
0.7,15,2,2,9,4,1,0.25,False
0.7,15,2,2,13,4,1,0.25,False
0.7,15,2,2,17,4,0,0.0,False
0.7,15,2,2,21,4,1,0.25,False
0.7,15,3,2,0,5,0,0.0,False
0.7,15,3,2,4,5,0,0.0,False
0.7,15,3,2,8,5,0,0.0,False
0.7,15,3,2,12,5,0,0.0,False
0.7,15,3,2,16,5,0,0.0,False
0.7,15,3,2,20,5,0,0.0,False
0.7,15,3,2,24,5,0,0.0,False
0.7,15,2,3,3,5,0,0.0,False
0.7,15,2,3,7,5,1,0.2,False
0.7,15,2,3,11,5,1,0.2,False
0.7,15,2,3,15,5,0,0.0,False
0.7,15,2,3,19,5,1,0.2,False
0.7,15,2,3,23,5,1,0.2,False
0.7,15,3,3,2,6,0,0.0,False
0.7,15,3,3,6,6,0,0.0,False
0.7,15,3,3,10,6,1,0.16666666666666666,False
0.7,15,3,3,14,6,0,0.0,False
0.7,15,3,3,18,6,1,0.16666666666666666,False
0.7,15,3,3,22,6,2,0.3333333333333333,False
0.7,20,2,2,1,4,0,0.0,False
0.7,20,2,2,5,4,0,0.0,False
0.7,20,2,2,9,4,0,0.0,False
0.7,20,2,2,13,4,0,0.0,False
0.7,20,2,2,17,4,1,0.25,False
0.7,20,2,2,21,4,0,0.0,False
0.7,20,3,2,0,5,0,0.0,False
0.7,20,3,2,4,5,0,0.0,False
0.7,20,3,2,8,5,0,0.0,False
0.7,20,3,2,12,5,0,0.0,False
0.7,20,3,2,16,5,0,0.0,False
0.7,20,3,2,20,5,0,0.0,False
0.7,20,3,2,24,5,0,0.0,False
0.7,20,2,3,3,5,0,0.0,False
0.7,20,2,3,7,5,0,0.0,False
0.7,20,2,3,11,5,1,0.2,False
0.7,20,2,3,15,5,0,0.0,False
0.7,20,2,3,19,5,0,0.0,False
0.7,20,2,3,23,5,0,0.0,False
0.7,20,3,3,2,6,0,0.0,False
0.7,20,3,3,6,6,0,0.0,False
0.7,20,3,3,10,6,2,0.3333333333333333,False
0.7,20,3,3,14,6,0,0.0,False
0.7,20,3,3,18,6,1,0.16666666666666666,False
0.7,20,3,3,22,6,1,0.16666666666666666,False
0.9,10,2,2,1,4,0,0.0,False
0.9,10,2,2,5,4,0,0.0,False
0.9,10,2,2,9,4,0,0.0,False
0.9,10,2,2,13,4,0,0.0,False
0.9,10,2,2,17,4,0,0.0,False
0.9,10,2,2,21,4,0,0.0,False
0.9,10,3,2,0,5,0,0.0,False
0.9,10,3,2,4,5,0,0.0,False
0.9,10,3,2,8,5,0,0.0,False
0.9,10,3,2,12,5,0,0.0,False
0.9,10,3,2,16,5,0,0.0,False
0.9,10,3,2,20,5,0,0.0,False
0.9,10,3,2,24,5,0,0.0,False
0.9,10,2,3,3,5,0,0.0,False
0.9,10,2,3,7,5,0,0.0,False
0.9,10,2,3,11,5,0,0.0,False
0.9,10,2,3,15,5,0,0.0,False
0.9,10,2,3,19,5,1,0.2,False
0.9,10,2,3,23,5,0,0.0,False
0.9,10,3,3,2,6,0,0.0,False
0.9,10,3,3,6,6,0,0.0,False
0.9,10,3,3,10,6,0,0.0,False
0.9,10,3,3,14,6,1,0.16666666666666666,False
0.9,10,3,3,18,6,0,0.0,False
0.9,10,3,3,22,6,1,0.16666666666666666,False
0.9,15,2,2,1,4,0,0.0,False
0.9,15,2,2,5,4,0,0.0,False
0.9,15,2,2,9,4,0,0.0,False
0.9,15,2,2,13,4,0,0.0,False
0.9,15,2,2,17,4,0,0.0,False
0.9,15,2,2,21,4,0,0.0,False
0.9,15,3,2,0,5,1,0.2,False
0.9,15,3,2,4,5,0,0.0,False
0.9,15,3,2,8,5,1,0.2,False
0.9,15,3,2,12,5,0,0.0,False
0.9,15,3,2,16,5,0,0.0,False
0.9,15,3,2,20,5,0,0.0,False
0.9,15,3,2,24,5,0,0.0,False
0.9,15,2,3,3,5,0,0.0,False
0.9,15,2,3,7,5,0,0.0,False
0.9,15,2,3,11,5,0,0.0,False
0.9,15,2,3,15,5,0,0.0,False
0.9,15,2,3,19,5,0,0.0,False
0.9,15,2,3,23,5,0,0.0,False
0.9,15,3,3,2,6,0,0.0,False
0.9,15,3,3,6,6,0,0.0,False
0.9,15,3,3,10,6,0,0.0,False
0.9,15,3,3,14,6,0,0.0,False
0.9,15,3,3,18,6,0,0.0,False
0.9,15,3,3,22,6,1,0.16666666666666666,False
0.9,20,2,2,1,4,0,0.0,False
0.9,20,2,2,5,4,0,0.0,False
0.9,20,2,2,9,4,0,0.0,False
0.9,20,2,2,13,4,0,0.0,False
0.9,20,2,2,17,4,0,0.0,False
0.9,20,2,2,21,4,0,0.0,False
0.9,20,3,2,0,5,0,0.0,False
0.9,20,3,2,4,5,0,0.0,False
0.9,20,3,2,8,5,0,0.0,False
0.9,20,3,2,12,5,0,0.0,False
0.9,20,3,2,16,5,0,0.0,False
0.9,20,3,2,20,5,0,0.0,False
0.9,20,3,2,24,5,0,0.0,False
0.9,20,2,3,3,5,0,0.0,False
0.9,20,2,3,7,5,0,0.0,False
0.9,20,2,3,11,5,0,0.0,False
0.9,20,2,3,15,5,0,0.0,False
0.9,20,2,3,19,5,0,0.0,False
0.9,20,2,3,23,5,0,0.0,False
0.9,20,3,3,2,6,0,0.0,False
0.9,20,3,3,6,6,0,0.0,False
0.9,20,3,3,10,6,1,0.16666666666666666,False
0.9,20,3,3,14,6,0,0.0,False
0.9,20,3,3,18,6,0,0.0,False
0.9,20,3,3,22,6,0,0.0,False
0.1,10,2,2,2,4,1,0.25,False
0.1,10,2,2,6,4,4,1.0,True
0.1,10,2,2,10,4,2,0.5,False
0.1,10,2,2,14,4,3,0.75,False
0.1,10,2,2,18,4,2,0.5,False
0.1,10,2,2,22,4,4,1.0,True
0.1,10,3,2,1,5,2,0.4,False
0.1,10,3,2,5,5,0,0.0,False
0.1,10,3,2,9,5,3,0.6,False
0.1,10,3,2,13,5,1,0.2,False
0.1,10,3,2,17,5,5,1.0,True
0.1,10,3,2,21,5,0,0.0,False
0.1,10,2,3,0,5,0,0.0,False
0.1,10,2,3,4,5,0,0.0,False
0.1,10,2,3,8,5,2,0.4,False
0.1,10,2,3,12,5,5,1.0,True
0.1,10,2,3,16,5,3,0.6,False
0.1,10,2,3,20,5,3,0.6,False
0.1,10,2,3,24,5,3,0.6,False
0.1,10,3,3,3,6,4,0.6666666666666666,False
0.1,10,3,3,7,6,4,0.6666666666666666,False
0.1,10,3,3,11,6,5,0.8333333333333334,False
0.1,10,3,3,15,6,6,1.0,True
0.1,10,3,3,19,6,1,0.16666666666666666,False
0.1,10,3,3,23,6,3,0.5,False
0.1,15,2,2,2,4,4,1.0,True
0.1,15,2,2,6,4,4,1.0,True
0.1,15,2,2,10,4,2,0.5,False
0.1,15,2,2,14,4,2,0.5,False
0.1,15,2,2,18,4,2,0.5,False
0.1,15,2,2,22,4,0,0.0,False
0.1,15,3,2,1,5,0,0.0,False
0.1,15,3,2,5,5,2,0.4,False
0.1,15,3,2,9,5,0,0.0,False
0.1,15,3,2,13,5,1,0.2,False
0.1,15,3,2,17,5,1,0.2,False
0.1,15,3,2,21,5,1,0.2,False
0.1,15,2,3,0,5,1,0.2,False
0.1,15,2,3,4,5,2,0.4,False
0.1,15,2,3,8,5,0,0.0,False
0.1,15,2,3,12,5,5,1.0,True
0.1,15,2,3,16,5,1,0.2,False
0.1,15,2,3,20,5,2,0.4,False
0.1,15,2,3,24,5,1,0.2,False
0.1,15,3,3,3,6,4,0.6666666666666666,False
0.1,15,3,3,7,6,2,0.3333333333333333,False
0.1,15,3,3,11,6,1,0.16666666666666666,False
0.1,15,3,3,15,6,3,0.5,False
0.1,15,3,3,19,6,2,0.3333333333333333,False
0.1,15,3,3,23,6,6,1.0,True
0.1,20,2,2,2,4,0,0.0,False
0.1,20,2,2,6,4,1,0.25,False
0.1,20,2,2,10,4,1,0.25,False
0.1,20,2,2,14,4,0,0.0,False
0.1,20,2,2,18,4,0,0.0,False
0.1,20,2,2,22,4,0,0.0,False
0.1,20,3,2,1,5,2,0.4,False
0.1,20,3,2,5,5,0,0.0,False
0.1,20,3,2,9,5,1,0.2,False
0.1,20,3,2,13,5,1,0.2,False
0.1,20,3,2,17,5,0,0.0,False
0.1,20,3,2,21,5,1,0.2,False
0.1,20,2,3,0,5,1,0.2,False
0.1,20,2,3,4,5,1,0.2,False
0.1,20,2,3,8,5,1,0.2,False
0.1,20,2,3,12,5,0,0.0,False
0.1,20,2,3,16,5,1,0.2,False
0.1,20,2,3,20,5,0,0.0,False
0.1,20,2,3,24,5,0,0.0,False
0.1,20,3,3,3,6,0,0.0,False
0.1,20,3,3,7,6,2,0.3333333333333333,False
0.1,20,3,3,11,6,0,0.0,False
0.1,20,3,3,15,6,1,0.16666666666666666,False
0.1,20,3,3,19,6,1,0.16666666666666666,False
0.1,20,3,3,23,6,2,0.3333333333333333,False
0.3,10,2,2,2,4,2,0.5,False
0.3,10,2,2,6,4,0,0.0,False
0.3,10,2,2,10,4,3,0.75,False
0.3,10,2,2,14,4,0,0.0,False
0.3,10,2,2,18,4,0,0.0,False
0.3,10,2,2,22,4,4,1.0,True
0.3,10,3,2,1,5,5,1.0,True
0.3,10,3,2,5,5,1,0.2,False
0.3,10,3,2,9,5,4,0.8,False
0.3,10,3,2,13,5,2,0.4,False
0.3,10,3,2,17,5,4,0.8,False
0.3,10,3,2,21,5,5,1.0,True
0.3,10,2,3,0,5,2,0.4,False
0.3,10,2,3,4,5,5,1.0,True
0.3,10,2,3,8,5,1,0.2,False
0.3,10,2,3,12,5,0,0.0,False
0.3,10,2,3,16,5,0,0.0,False
0.3,10,2,3,20,5,2,0.4,False
0.3,10,2,3,24,5,4,0.8,False
0.3,10,3,3,3,6,5,0.8333333333333334,False
0.3,10,3,3,7,6,1,0.16666666666666666,False
0.3,10,3,3,11,6,6,1.0,True
0.3,10,3,3,15,6,1,0.16666666666666666,False
0.3,10,3,3,19,6,1,0.16666666666666666,False
0.3,10,3,3,23,6,5,0.8333333333333334,False
0.3,15,2,2,2,4,1,0.25,False
0.3,15,2,2,6,4,2,0.5,False
0.3,15,2,2,10,4,1,0.25,False
0.3,15,2,2,14,4,0,0.0,False
0.3,15,2,2,18,4,2,0.5,False
0.3,15,2,2,22,4,4,1.0,True
0.3,15,3,2,1,5,1,0.2,False
0.3,15,3,2,5,5,1,0.2,False
0.3,15,3,2,9,5,0,0.0,False
0.3,15,3,2,13,5,0,0.0,False
0.3,15,3,2,17,5,2,0.4,False
0.3,15,3,2,21,5,2,0.4,False
0.3,15,2,3,0,5,1,0.2,False
0.3,15,2,3,4,5,5,1.0,True
0.3,15,2,3,8,5,1,0.2,False
0.3,15,2,3,12,5,0,0.0,False
0.3,15,2,3,16,5,2,0.4,False
0.3,15,2,3,20,5,0,0.0,False
0.3,15,2,3,24,5,1,0.2,False
0.3,15,3,3,3,6,1,0.16666666666666666,False
0.3,15,3,3,7,6,1,0.16666666666666666,False
0.3,15,3,3,11,6,3,0.5,False
0.3,15,3,3,15,6,4,0.6666666666666666,False
0.3,15,3,3,19,6,1,0.16666666666666666,False
0.3,15,3,3,23,6,1,0.16666666666666666,False
0.3,20,2,2,2,4,1,0.25,False
0.3,20,2,2,6,4,0,0.0,False
0.3,20,2,2,10,4,1,0.25,False
0.3,20,2,2,14,4,1,0.25,False
0.3,20,2,2,18,4,4,1.0,True
0.3,20,2,2,22,4,0,0.0,False
0.3,20,3,2,1,5,0,0.0,False
0.3,20,3,2,5,5,1,0.2,False
0.3,20,3,2,9,5,3,0.6,False
0.3,20,3,2,13,5,2,0.4,False
0.3,20,3,2,17,5,2,0.4,False
0.3,20,3,2,21,5,0,0.0,False
0.3,20,2,3,0,5,1,0.2,False
0.3,20,2,3,4,5,0,0.0,False
0.3,20,2,3,8,5,2,0.4,False
0.3,20,2,3,12,5,0,0.0,False
0.3,20,2,3,16,5,0,0.0,False
0.3,20,2,3,20,5,0,0.0,False
0.3,20,2,3,24,5,2,0.4,False
0.3,20,3,3,3,6,0,0.0,False
0.3,20,3,3,7,6,0,0.0,False
0.3,20,3,3,11,6,0,0.0,False
0.3,20,3,3,15,6,1,0.16666666666666666,False
0.3,20,3,3,19,6,1,0.16666666666666666,False
0.3,20,3,3,23,6,2,0.3333333333333333,False
0.5,10,2,2,2,4,3,0.75,False
0.5,10,2,2,6,4,4,1.0,True
0.5,10,2,2,10,4,3,0.75,False
0.5,10,2,2,14,4,4,1.0,True
0.5,10,2,2,18,4,3,0.75,False
0.5,10,2,2,22,4,2,0.5,False
0.5,10,3,2,1,5,5,1.0,True
0.5,10,3,2,5,5,5,1.0,True
0.5,10,3,2,9,5,5,1.0,True
0.5,10,3,2,13,5,5,1.0,True
0.5,10,3,2,17,5,3,0.6,False
0.5,10,3,2,21,5,5,1.0,True
0.5,10,2,3,0,5,5,1.0,True
0.5,10,2,3,4,5,2,0.4,False
0.5,10,2,3,8,5,3,0.6,False
0.5,10,2,3,12,5,5,1.0,True
0.5,10,2,3,16,5,5,1.0,True
0.5,10,2,3,20,5,5,1.0,True
0.5,10,2,3,24,5,5,1.0,True
0.5,10,3,3,3,6,6,1.0,True
0.5,10,3,3,7,6,6,1.0,True
0.5,10,3,3,11,6,3,0.5,False
0.5,10,3,3,15,6,6,1.0,True
0.5,10,3,3,19,6,6,1.0,True
0.5,10,3,3,23,6,6,1.0,True
0.5,15,2,2,2,4,4,1.0,True
0.5,15,2,2,6,4,4,1.0,True
0.5,15,2,2,10,4,3,0.75,False
0.5,15,2,2,14,4,2,0.5,False
0.5,15,2,2,18,4,4,1.0,True
0.5,15,2,2,22,4,4,1.0,True
0.5,15,3,2,1,5,5,1.0,True
0.5,15,3,2,5,5,5,1.0,True
0.5,15,3,2,9,5,2,0.4,False
0.5,15,3,2,13,5,4,0.8,False
0.5,15,3,2,17,5,5,1.0,True
0.5,15,3,2,21,5,2,0.4,False
0.5,15,2,3,0,5,4,0.8,False
0.5,15,2,3,4,5,3,0.6,False
0.5,15,2,3,8,5,5,1.0,True
0.5,15,2,3,12,5,2,0.4,False
0.5,15,2,3,16,5,5,1.0,True
0.5,15,2,3,20,5,5,1.0,True
0.5,15,2,3,24,5,5,1.0,True
0.5,15,3,3,3,6,3,0.5,False
0.5,15,3,3,7,6,6,1.0,True
0.5,15,3,3,11,6,2,0.3333333333333333,False
0.5,15,3,3,15,6,6,1.0,True
0.5,15,3,3,19,6,2,0.3333333333333333,False
0.5,15,3,3,23,6,1,0.16666666666666666,False
0.5,20,2,2,2,4,4,1.0,True
0.5,20,2,2,6,4,3,0.75,False
0.5,20,2,2,10,4,2,0.5,False
0.5,20,2,2,14,4,4,1.0,True
0.5,20,2,2,18,4,2,0.5,False
0.5,20,2,2,22,4,4,1.0,True
0.5,20,3,2,1,5,5,1.0,True
0.5,20,3,2,5,5,1,0.2,False
0.5,20,3,2,9,5,1,0.2,False
0.5,20,3,2,13,5,5,1.0,True
0.5,20,3,2,17,5,5,1.0,True
0.5,20,3,2,21,5,5,1.0,True
0.5,20,2,3,0,5,2,0.4,False
0.5,20,2,3,4,5,1,0.2,False
0.5,20,2,3,8,5,1,0.2,False
0.5,20,2,3,12,5,3,0.6,False
0.5,20,2,3,16,5,5,1.0,True
0.5,20,2,3,20,5,5,1.0,True
0.5,20,2,3,24,5,4,0.8,False
0.5,20,3,3,3,6,2,0.3333333333333333,False
0.5,20,3,3,7,6,6,1.0,True
0.5,20,3,3,11,6,4,0.6666666666666666,False
0.5,20,3,3,15,6,6,1.0,True
0.5,20,3,3,19,6,2,0.3333333333333333,False
0.5,20,3,3,23,6,6,1.0,True
0.7,10,2,2,2,4,1,0.25,False
0.7,10,2,2,6,4,1,0.25,False
0.7,10,2,2,10,4,1,0.25,False
0.7,10,2,2,14,4,1,0.25,False
0.7,10,2,2,18,4,2,0.5,False
0.7,10,2,2,22,4,0,0.0,False
0.7,10,3,2,1,5,0,0.0,False
0.7,10,3,2,5,5,2,0.4,False
0.7,10,3,2,9,5,0,0.0,False
0.7,10,3,2,13,5,2,0.4,False
0.7,10,3,2,17,5,0,0.0,False
0.7,10,3,2,21,5,0,0.0,False
0.7,10,2,3,0,5,1,0.2,False
0.7,10,2,3,4,5,1,0.2,False
0.7,10,2,3,8,5,3,0.6,False
0.7,10,2,3,12,5,2,0.4,False
0.7,10,2,3,16,5,1,0.2,False
0.7,10,2,3,20,5,3,0.6,False
0.7,10,2,3,24,5,3,0.6,False
0.7,10,3,3,3,6,1,0.16666666666666666,False
0.7,10,3,3,7,6,0,0.0,False
0.7,10,3,3,11,6,0,0.0,False
0.7,10,3,3,15,6,3,0.5,False
0.7,10,3,3,19,6,1,0.16666666666666666,False
0.7,10,3,3,23,6,1,0.16666666666666666,False
0.7,15,2,2,2,4,4,1.0,True
0.7,15,2,2,6,4,0,0.0,False
0.7,15,2,2,10,4,0,0.0,False
0.7,15,2,2,14,4,1,0.25,False
0.7,15,2,2,18,4,1,0.25,False
0.7,15,2,2,22,4,1,0.25,False
0.7,15,3,2,1,5,0,0.0,False
0.7,15,3,2,5,5,0,0.0,False
0.7,15,3,2,9,5,2,0.4,False
0.7,15,3,2,13,5,0,0.0,False
0.7,15,3,2,17,5,0,0.0,False
0.7,15,3,2,21,5,0,0.0,False
0.7,15,2,3,0,5,1,0.2,False
0.7,15,2,3,4,5,2,0.4,False
0.7,15,2,3,8,5,2,0.4,False
0.7,15,2,3,12,5,1,0.2,False
0.7,15,2,3,16,5,0,0.0,False
0.7,15,2,3,20,5,0,0.0,False
0.7,15,2,3,24,5,0,0.0,False
0.7,15,3,3,3,6,0,0.0,False
0.7,15,3,3,7,6,0,0.0,False
0.7,15,3,3,11,6,1,0.16666666666666666,False
0.7,15,3,3,15,6,2,0.3333333333333333,False
0.7,15,3,3,19,6,2,0.3333333333333333,False
0.7,15,3,3,23,6,1,0.16666666666666666,False
0.7,20,2,2,2,4,0,0.0,False
0.7,20,2,2,6,4,0,0.0,False
0.7,20,2,2,10,4,0,0.0,False
0.7,20,2,2,14,4,0,0.0,False
0.7,20,2,2,18,4,0,0.0,False
0.7,20,2,2,22,4,0,0.0,False
0.7,20,3,2,1,5,0,0.0,False
0.7,20,3,2,5,5,0,0.0,False
0.7,20,3,2,9,5,0,0.0,False
0.7,20,3,2,13,5,2,0.4,False
0.7,20,3,2,17,5,0,0.0,False
0.7,20,3,2,21,5,0,0.0,False
0.7,20,2,3,0,5,1,0.2,False
0.7,20,2,3,4,5,0,0.0,False
0.7,20,2,3,8,5,0,0.0,False
0.7,20,2,3,12,5,0,0.0,False
0.7,20,2,3,16,5,0,0.0,False
0.7,20,2,3,20,5,0,0.0,False
0.7,20,2,3,24,5,0,0.0,False
0.7,20,3,3,3,6,0,0.0,False
0.7,20,3,3,7,6,0,0.0,False
0.7,20,3,3,11,6,0,0.0,False
0.7,20,3,3,15,6,0,0.0,False
0.7,20,3,3,19,6,0,0.0,False
0.7,20,3,3,23,6,0,0.0,False
0.9,10,2,2,2,4,0,0.0,False
0.9,10,2,2,6,4,0,0.0,False
0.9,10,2,2,10,4,0,0.0,False
0.9,10,2,2,14,4,0,0.0,False
0.9,10,2,2,18,4,0,0.0,False
0.9,10,2,2,22,4,0,0.0,False
0.9,10,3,2,1,5,0,0.0,False
0.9,10,3,2,5,5,0,0.0,False
0.9,10,3,2,9,5,0,0.0,False
0.9,10,3,2,13,5,0,0.0,False
0.9,10,3,2,17,5,0,0.0,False
0.9,10,3,2,21,5,0,0.0,False
0.9,10,2,3,0,5,0,0.0,False
0.9,10,2,3,4,5,0,0.0,False
0.9,10,2,3,8,5,0,0.0,False
0.9,10,2,3,12,5,0,0.0,False
0.9,10,2,3,16,5,0,0.0,False
0.9,10,2,3,20,5,0,0.0,False
0.9,10,2,3,24,5,0,0.0,False
0.9,10,3,3,3,6,0,0.0,False
0.9,10,3,3,7,6,0,0.0,False
0.9,10,3,3,11,6,1,0.16666666666666666,False
0.9,10,3,3,15,6,0,0.0,False
0.9,10,3,3,19,6,0,0.0,False
0.9,10,3,3,23,6,0,0.0,False
0.9,15,2,2,2,4,0,0.0,False
0.9,15,2,2,6,4,0,0.0,False
0.9,15,2,2,10,4,0,0.0,False
0.9,15,2,2,14,4,0,0.0,False
0.9,15,2,2,18,4,0,0.0,False
0.9,15,2,2,22,4,0,0.0,False
0.9,15,3,2,1,5,0,0.0,False
0.9,15,3,2,5,5,0,0.0,False
0.9,15,3,2,9,5,0,0.0,False
0.9,15,3,2,13,5,0,0.0,False
0.9,15,3,2,17,5,0,0.0,False
0.9,15,3,2,21,5,0,0.0,False
0.9,15,2,3,0,5,0,0.0,False
0.9,15,2,3,4,5,0,0.0,False
0.9,15,2,3,8,5,0,0.0,False
0.9,15,2,3,12,5,0,0.0,False
0.9,15,2,3,16,5,0,0.0,False
0.9,15,2,3,20,5,0,0.0,False
0.9,15,2,3,24,5,0,0.0,False
0.9,15,3,3,3,6,0,0.0,False
0.9,15,3,3,7,6,1,0.16666666666666666,False
0.9,15,3,3,11,6,0,0.0,False
0.9,15,3,3,15,6,0,0.0,False
0.9,15,3,3,19,6,0,0.0,False
0.9,15,3,3,23,6,0,0.0,False
0.9,20,2,2,2,4,0,0.0,False
0.9,20,2,2,6,4,0,0.0,False
0.9,20,2,2,10,4,0,0.0,False
0.9,20,2,2,14,4,0,0.0,False
0.9,20,2,2,18,4,0,0.0,False
0.9,20,2,2,22,4,0,0.0,False
0.9,20,3,2,1,5,0,0.0,False
0.9,20,3,2,5,5,0,0.0,False
0.9,20,3,2,9,5,0,0.0,False
0.9,20,3,2,13,5,0,0.0,False
0.9,20,3,2,17,5,0,0.0,False
0.9,20,3,2,21,5,0,0.0,False
0.9,20,2,3,0,5,0,0.0,False
0.9,20,2,3,4,5,0,0.0,False
0.9,20,2,3,8,5,0,0.0,False
0.9,20,2,3,12,5,0,0.0,False
0.9,20,2,3,16,5,0,0.0,False
0.9,20,2,3,20,5,0,0.0,False
0.9,20,2,3,24,5,0,0.0,False
0.9,20,3,3,3,6,0,0.0,False
0.9,20,3,3,7,6,0,0.0,False
0.9,20,3,3,11,6,0,0.0,False
0.9,20,3,3,15,6,0,0.0,False
0.9,20,3,3,19,6,0,0.0,False
0.9,20,3,3,23,6,0,0.0,False
0.1,10,2,2,3,4,2,0.5,False
0.1,10,2,2,7,4,2,0.5,False
0.1,10,2,2,11,4,3,0.75,False
0.1,10,2,2,15,4,2,0.5,False
0.1,10,2,2,19,4,4,1.0,True
0.1,10,2,2,23,4,1,0.25,False
0.1,10,3,2,2,5,4,0.8,False
0.1,10,3,2,6,5,1,0.2,False
0.1,10,3,2,10,5,1,0.2,False
0.1,10,3,2,14,5,2,0.4,False
0.1,10,3,2,18,5,4,0.8,False
0.1,10,3,2,22,5,5,1.0,True
0.1,10,2,3,1,5,3,0.6,False
0.1,10,2,3,5,5,4,0.8,False
0.1,10,2,3,9,5,1,0.2,False
0.1,10,2,3,13,5,2,0.4,False
0.1,10,2,3,17,5,0,0.0,False
0.1,10,2,3,21,5,1,0.2,False
0.1,10,3,3,0,6,2,0.3333333333333333,False
0.1,10,3,3,4,6,6,1.0,True
0.1,10,3,3,8,6,1,0.16666666666666666,False
0.1,10,3,3,12,6,2,0.3333333333333333,False
0.1,10,3,3,16,6,2,0.3333333333333333,False
0.1,10,3,3,20,6,1,0.16666666666666666,False
0.1,10,3,3,24,6,3,0.5,False
0.1,15,2,2,3,4,1,0.25,False
0.1,15,2,2,7,4,1,0.25,False
0.1,15,2,2,11,4,0,0.0,False
0.1,15,2,2,15,4,2,0.5,False
0.1,15,2,2,19,4,1,0.25,False
0.1,15,2,2,23,4,0,0.0,False
0.1,15,3,2,2,5,5,1.0,True
0.1,15,3,2,6,5,0,0.0,False
0.1,15,3,2,10,5,2,0.4,False
0.1,15,3,2,14,5,0,0.0,False
0.1,15,3,2,18,5,0,0.0,False
0.1,15,3,2,22,5,0,0.0,False
0.1,15,2,3,1,5,0,0.0,False
0.1,15,2,3,5,5,5,1.0,True
0.1,15,2,3,9,5,5,1.0,True
0.1,15,2,3,13,5,2,0.4,False
0.1,15,2,3,17,5,4,0.8,False
0.1,15,2,3,21,5,2,0.4,False
0.1,15,3,3,0,6,0,0.0,False
0.1,15,3,3,4,6,1,0.16666666666666666,False
0.1,15,3,3,8,6,0,0.0,False
0.1,15,3,3,12,6,4,0.6666666666666666,False
0.1,15,3,3,16,6,3,0.5,False
0.1,15,3,3,20,6,1,0.16666666666666666,False
0.1,15,3,3,24,6,2,0.3333333333333333,False
0.1,20,2,2,3,4,1,0.25,False
0.1,20,2,2,7,4,0,0.0,False
0.1,20,2,2,11,4,0,0.0,False
0.1,20,2,2,15,4,0,0.0,False
0.1,20,2,2,19,4,0,0.0,False
0.1,20,2,2,23,4,1,0.25,False
0.1,20,3,2,2,5,0,0.0,False
0.1,20,3,2,6,5,0,0.0,False
0.1,20,3,2,10,5,2,0.4,False
0.1,20,3,2,14,5,0,0.0,False
0.1,20,3,2,18,5,2,0.4,False
0.1,20,3,2,22,5,1,0.2,False
0.1,20,2,3,1,5,3,0.6,False
0.1,20,2,3,5,5,0,0.0,False
0.1,20,2,3,9,5,2,0.4,False
0.1,20,2,3,13,5,0,0.0,False
0.1,20,2,3,17,5,3,0.6,False
0.1,20,2,3,21,5,1,0.2,False
0.1,20,3,3,0,6,2,0.3333333333333333,False
0.1,20,3,3,4,6,0,0.0,False
0.1,20,3,3,8,6,2,0.3333333333333333,False
0.1,20,3,3,12,6,3,0.5,False
0.1,20,3,3,16,6,0,0.0,False
0.1,20,3,3,20,6,2,0.3333333333333333,False
0.1,20,3,3,24,6,2,0.3333333333333333,False
0.3,10,2,2,3,4,2,0.5,False
0.3,10,2,2,7,4,4,1.0,True
0.3,10,2,2,11,4,0,0.0,False
0.3,10,2,2,15,4,3,0.75,False
0.3,10,2,2,19,4,4,1.0,True
0.3,10,2,2,23,4,1,0.25,False
0.3,10,3,2,2,5,1,0.2,False
0.3,10,3,2,6,5,4,0.8,False
0.3,10,3,2,10,5,0,0.0,False
0.3,10,3,2,14,5,0,0.0,False
0.3,10,3,2,18,5,4,0.8,False
0.3,10,3,2,22,5,0,0.0,False
0.3,10,2,3,1,5,4,0.8,False
0.3,10,2,3,5,5,2,0.4,False
0.3,10,2,3,9,5,2,0.4,False
0.3,10,2,3,13,5,2,0.4,False
0.3,10,2,3,17,5,5,1.0,True
0.3,10,2,3,21,5,1,0.2,False
0.3,10,3,3,0,6,0,0.0,False
0.3,10,3,3,4,6,5,0.8333333333333334,False
0.3,10,3,3,8,6,6,1.0,True
0.3,10,3,3,12,6,1,0.16666666666666666,False
0.3,10,3,3,16,6,2,0.3333333333333333,False
0.3,10,3,3,20,6,1,0.16666666666666666,False
0.3,10,3,3,24,6,0,0.0,False
0.3,15,2,2,3,4,1,0.25,False
0.3,15,2,2,7,4,0,0.0,False
0.3,15,2,2,11,4,0,0.0,False
0.3,15,2,2,15,4,2,0.5,False
0.3,15,2,2,19,4,2,0.5,False
0.3,15,2,2,23,4,1,0.25,False
0.3,15,3,2,2,5,1,0.2,False
0.3,15,3,2,6,5,2,0.4,False
0.3,15,3,2,10,5,4,0.8,False
0.3,15,3,2,14,5,0,0.0,False
0.3,15,3,2,18,5,5,1.0,True
0.3,15,3,2,22,5,1,0.2,False
0.3,15,2,3,1,5,0,0.0,False
0.3,15,2,3,5,5,2,0.4,False
0.3,15,2,3,9,5,2,0.4,False
0.3,15,2,3,13,5,3,0.6,False
0.3,15,2,3,17,5,2,0.4,False
0.3,15,2,3,21,5,1,0.2,False
0.3,15,3,3,0,6,3,0.5,False
0.3,15,3,3,4,6,5,0.8333333333333334,False
0.3,15,3,3,8,6,1,0.16666666666666666,False
0.3,15,3,3,12,6,2,0.3333333333333333,False
0.3,15,3,3,16,6,2,0.3333333333333333,False
0.3,15,3,3,20,6,0,0.0,False
0.3,15,3,3,24,6,3,0.5,False
0.3,20,2,2,3,4,1,0.25,False
0.3,20,2,2,7,4,2,0.5,False
0.3,20,2,2,11,4,0,0.0,False
0.3,20,2,2,15,4,2,0.5,False
0.3,20,2,2,19,4,0,0.0,False
0.3,20,2,2,23,4,1,0.25,False
0.3,20,3,2,2,5,0,0.0,False
0.3,20,3,2,6,5,0,0.0,False
0.3,20,3,2,10,5,1,0.2,False
0.3,20,3,2,14,5,1,0.2,False
0.3,20,3,2,18,5,2,0.4,False
0.3,20,3,2,22,5,1,0.2,False
0.3,20,2,3,1,5,1,0.2,False
0.3,20,2,3,5,5,0,0.0,False
0.3,20,2,3,9,5,0,0.0,False
0.3,20,2,3,13,5,1,0.2,False
0.3,20,2,3,17,5,0,0.0,False
0.3,20,2,3,21,5,2,0.4,False
0.3,20,3,3,0,6,3,0.5,False
0.3,20,3,3,4,6,0,0.0,False
0.3,20,3,3,8,6,0,0.0,False
0.3,20,3,3,12,6,0,0.0,False
0.3,20,3,3,16,6,2,0.3333333333333333,False
0.3,20,3,3,20,6,0,0.0,False
0.3,20,3,3,24,6,3,0.5,False
0.5,10,2,2,3,4,4,1.0,True
0.5,10,2,2,7,4,3,0.75,False
0.5,10,2,2,11,4,4,1.0,True
0.5,10,2,2,15,4,2,0.5,False
0.5,10,2,2,19,4,4,1.0,True
0.5,10,2,2,23,4,2,0.5,False
0.5,10,3,2,2,5,5,1.0,True
0.5,10,3,2,6,5,5,1.0,True
0.5,10,3,2,10,5,5,1.0,True
0.5,10,3,2,14,5,5,1.0,True
0.5,10,3,2,18,5,5,1.0,True
0.5,10,3,2,22,5,2,0.4,False
0.5,10,2,3,1,5,5,1.0,True
0.5,10,2,3,5,5,3,0.6,False
0.5,10,2,3,9,5,4,0.8,False
0.5,10,2,3,13,5,5,1.0,True
0.5,10,2,3,17,5,4,0.8,False
0.5,10,2,3,21,5,5,1.0,True
0.5,10,3,3,0,6,5,0.8333333333333334,False
0.5,10,3,3,4,6,5,0.8333333333333334,False
0.5,10,3,3,8,6,5,0.8333333333333334,False
0.5,10,3,3,12,6,6,1.0,True
0.5,10,3,3,16,6,6,1.0,True
0.5,10,3,3,20,6,6,1.0,True
0.5,10,3,3,24,6,6,1.0,True
0.5,15,2,2,3,4,4,1.0,True
0.5,15,2,2,7,4,4,1.0,True
0.5,15,2,2,11,4,4,1.0,True
0.5,15,2,2,15,4,1,0.25,False
0.5,15,2,2,19,4,4,1.0,True
0.5,15,2,2,23,4,1,0.25,False
0.5,15,3,2,2,5,5,1.0,True
0.5,15,3,2,6,5,2,0.4,False
0.5,15,3,2,10,5,2,0.4,False
0.5,15,3,2,14,5,2,0.4,False
0.5,15,3,2,18,5,5,1.0,True
0.5,15,3,2,22,5,5,1.0,True
0.5,15,2,3,1,5,4,0.8,False
0.5,15,2,3,5,5,5,1.0,True
0.5,15,2,3,9,5,3,0.6,False
0.5,15,2,3,13,5,3,0.6,False
0.5,15,2,3,17,5,5,1.0,True
0.5,15,2,3,21,5,5,1.0,True
0.5,15,3,3,0,6,6,1.0,True
0.5,15,3,3,4,6,6,1.0,True
0.5,15,3,3,8,6,6,1.0,True
0.5,15,3,3,12,6,3,0.5,False
0.5,15,3,3,16,6,6,1.0,True
0.5,15,3,3,20,6,6,1.0,True
0.5,15,3,3,24,6,2,0.3333333333333333,False
0.5,20,2,2,3,4,4,1.0,True
0.5,20,2,2,7,4,4,1.0,True
0.5,20,2,2,11,4,4,1.0,True
0.5,20,2,2,15,4,3,0.75,False
0.5,20,2,2,19,4,2,0.5,False
0.5,20,2,2,23,4,1,0.25,False
0.5,20,3,2,2,5,4,0.8,False
0.5,20,3,2,6,5,1,0.2,False
0.5,20,3,2,10,5,5,1.0,True
0.5,20,3,2,14,5,5,1.0,True
0.5,20,3,2,18,5,2,0.4,False
0.5,20,3,2,22,5,5,1.0,True
0.5,20,2,3,1,5,3,0.6,False
0.5,20,2,3,5,5,5,1.0,True
0.5,20,2,3,9,5,5,1.0,True
0.5,20,2,3,13,5,0,0.0,False
0.5,20,2,3,17,5,3,0.6,False
0.5,20,2,3,21,5,4,0.8,False
0.5,20,3,3,0,6,6,1.0,True
0.5,20,3,3,4,6,5,0.8333333333333334,False
0.5,20,3,3,8,6,6,1.0,True
0.5,20,3,3,12,6,3,0.5,False
0.5,20,3,3,16,6,4,0.6666666666666666,False
0.5,20,3,3,20,6,3,0.5,False
0.5,20,3,3,24,6,1,0.16666666666666666,False
0.7,10,2,2,3,4,0,0.0,False
0.7,10,2,2,7,4,1,0.25,False
0.7,10,2,2,11,4,1,0.25,False
0.7,10,2,2,15,4,1,0.25,False
0.7,10,2,2,19,4,1,0.25,False
0.7,10,2,2,23,4,1,0.25,False
0.7,10,3,2,2,5,0,0.0,False
0.7,10,3,2,6,5,0,0.0,False
0.7,10,3,2,10,5,0,0.0,False
0.7,10,3,2,14,5,0,0.0,False
0.7,10,3,2,18,5,0,0.0,False
0.7,10,3,2,22,5,0,0.0,False
0.7,10,2,3,1,5,0,0.0,False
0.7,10,2,3,5,5,2,0.4,False
0.7,10,2,3,9,5,1,0.2,False
0.7,10,2,3,13,5,0,0.0,False
0.7,10,2,3,17,5,2,0.4,False
0.7,10,2,3,21,5,1,0.2,False
0.7,10,3,3,0,6,1,0.16666666666666666,False
0.7,10,3,3,4,6,4,0.6666666666666666,False
0.7,10,3,3,8,6,4,0.6666666666666666,False
0.7,10,3,3,12,6,2,0.3333333333333333,False
0.7,10,3,3,16,6,0,0.0,False
0.7,10,3,3,20,6,6,1.0,True
0.7,10,3,3,24,6,1,0.16666666666666666,False
0.7,15,2,2,3,4,0,0.0,False
0.7,15,2,2,7,4,0,0.0,False
0.7,15,2,2,11,4,0,0.0,False
0.7,15,2,2,15,4,0,0.0,False
0.7,15,2,2,19,4,0,0.0,False
0.7,15,2,2,23,4,0,0.0,False
0.7,15,3,2,2,5,5,1.0,True
0.7,15,3,2,6,5,0,0.0,False
0.7,15,3,2,10,5,0,0.0,False
0.7,15,3,2,14,5,0,0.0,False
0.7,15,3,2,18,5,0,0.0,False
0.7,15,3,2,22,5,0,0.0,False
0.7,15,2,3,1,5,2,0.4,False
0.7,15,2,3,5,5,2,0.4,False
0.7,15,2,3,9,5,0,0.0,False
0.7,15,2,3,13,5,0,0.0,False
0.7,15,2,3,17,5,1,0.2,False
0.7,15,2,3,21,5,1,0.2,False
0.7,15,3,3,0,6,0,0.0,False
0.7,15,3,3,4,6,0,0.0,False
0.7,15,3,3,8,6,0,0.0,False
0.7,15,3,3,12,6,1,0.16666666666666666,False
0.7,15,3,3,16,6,1,0.16666666666666666,False
0.7,15,3,3,20,6,1,0.16666666666666666,False
0.7,15,3,3,24,6,0,0.0,False
0.7,20,2,2,3,4,0,0.0,False
0.7,20,2,2,7,4,0,0.0,False
0.7,20,2,2,11,4,0,0.0,False
0.7,20,2,2,15,4,0,0.0,False
0.7,20,2,2,19,4,0,0.0,False
0.7,20,2,2,23,4,0,0.0,False
0.7,20,3,2,2,5,0,0.0,False
0.7,20,3,2,6,5,0,0.0,False
0.7,20,3,2,10,5,0,0.0,False
0.7,20,3,2,14,5,0,0.0,False
0.7,20,3,2,18,5,0,0.0,False
0.7,20,3,2,22,5,0,0.0,False
0.7,20,2,3,1,5,0,0.0,False
0.7,20,2,3,5,5,0,0.0,False
0.7,20,2,3,9,5,0,0.0,False
0.7,20,2,3,13,5,0,0.0,False
0.7,20,2,3,17,5,0,0.0,False
0.7,20,2,3,21,5,0,0.0,False
0.7,20,3,3,0,6,0,0.0,False
0.7,20,3,3,4,6,0,0.0,False
0.7,20,3,3,8,6,1,0.16666666666666666,False
0.7,20,3,3,12,6,0,0.0,False
0.7,20,3,3,16,6,0,0.0,False
0.7,20,3,3,20,6,0,0.0,False
0.7,20,3,3,24,6,0,0.0,False
0.9,10,2,2,3,4,0,0.0,False
0.9,10,2,2,7,4,0,0.0,False
0.9,10,2,2,11,4,0,0.0,False
0.9,10,2,2,15,4,0,0.0,False
0.9,10,2,2,19,4,0,0.0,False
0.9,10,2,2,23,4,0,0.0,False
0.9,10,3,2,2,5,0,0.0,False
0.9,10,3,2,6,5,0,0.0,False
0.9,10,3,2,10,5,0,0.0,False
0.9,10,3,2,14,5,0,0.0,False
0.9,10,3,2,18,5,0,0.0,False
0.9,10,3,2,22,5,0,0.0,False
0.9,10,2,3,1,5,0,0.0,False
0.9,10,2,3,5,5,0,0.0,False
0.9,10,2,3,9,5,0,0.0,False
0.9,10,2,3,13,5,0,0.0,False
0.9,10,2,3,17,5,0,0.0,False
0.9,10,2,3,21,5,0,0.0,False
0.9,10,3,3,0,6,1,0.16666666666666666,False
0.9,10,3,3,4,6,0,0.0,False
0.9,10,3,3,8,6,0,0.0,False
0.9,10,3,3,12,6,0,0.0,False
0.9,10,3,3,16,6,1,0.16666666666666666,False
0.9,10,3,3,20,6,0,0.0,False
0.9,10,3,3,24,6,0,0.0,False
0.9,15,2,2,3,4,0,0.0,False
0.9,15,2,2,7,4,0,0.0,False
0.9,15,2,2,11,4,0,0.0,False
0.9,15,2,2,15,4,0,0.0,False
0.9,15,2,2,19,4,0,0.0,False
0.9,15,2,2,23,4,0,0.0,False
0.9,15,3,2,2,5,0,0.0,False
0.9,15,3,2,6,5,0,0.0,False
0.9,15,3,2,10,5,0,0.0,False
0.9,15,3,2,14,5,0,0.0,False
0.9,15,3,2,18,5,0,0.0,False
0.9,15,3,2,22,5,0,0.0,False
0.9,15,2,3,1,5,0,0.0,False
0.9,15,2,3,5,5,0,0.0,False
0.9,15,2,3,9,5,0,0.0,False
0.9,15,2,3,13,5,0,0.0,False
0.9,15,2,3,17,5,0,0.0,False
0.9,15,2,3,21,5,1,0.2,False
0.9,15,3,3,0,6,0,0.0,False
0.9,15,3,3,4,6,0,0.0,False
0.9,15,3,3,8,6,0,0.0,False
0.9,15,3,3,12,6,0,0.0,False
0.9,15,3,3,16,6,0,0.0,False
0.9,15,3,3,20,6,0,0.0,False
0.9,15,3,3,24,6,0,0.0,False
0.9,20,2,2,3,4,0,0.0,False
0.9,20,2,2,7,4,0,0.0,False
0.9,20,2,2,11,4,0,0.0,False
0.9,20,2,2,15,4,0,0.0,False
0.9,20,2,2,19,4,0,0.0,False
0.9,20,2,2,23,4,0,0.0,False
0.9,20,3,2,2,5,0,0.0,False
0.9,20,3,2,6,5,0,0.0,False
0.9,20,3,2,10,5,0,0.0,False
0.9,20,3,2,14,5,0,0.0,False
0.9,20,3,2,18,5,0,0.0,False
0.9,20,3,2,22,5,0,0.0,False
0.9,20,2,3,1,5,0,0.0,False
0.9,20,2,3,5,5,0,0.0,False
0.9,20,2,3,9,5,0,0.0,False
0.9,20,2,3,13,5,0,0.0,False
0.9,20,2,3,17,5,0,0.0,False
0.9,20,2,3,21,5,1,0.2,False
0.9,20,3,3,0,6,0,0.0,False
0.9,20,3,3,4,6,0,0.0,False
0.9,20,3,3,8,6,0,0.0,False
0.9,20,3,3,12,6,0,0.0,False
0.9,20,3,3,16,6,0,0.0,False
0.9,20,3,3,20,6,0,0.0,False
0.9,20,3,3,24,6,0,0.0,False
