alignment,n,median,mean,n_instance
0.1,10,0.0,0.20878709647959795,100
0.1,15,0.0,0.29825114348577103,100
0.1,20,1.7339870745210786e-14,0.4940910577615727,100
0.3,10,0.0,0.2993470924922409,100
0.3,15,1.2376259262230616e-14,0.6228234516068877,100
0.3,20,0.1645844068478953,0.6030475273989208,100
0.5,10,0.0,-1.9378960021938862e-15,100
0.5,15,0.0,0.03566477841233582,100
0.5,20,0.0,0.07208201524568361,100
0.7,10,0.0,0.8855308331593852,100
0.7,15,0.6366191217028699,1.140261865607632,100
0.7,20,1.804419547325356,2.156885664644819,100
0.9,10,5.014952660244286,5.530169538952092,100
0.9,15,5.837335096068014,6.088639966484529,100
0.9,20,7.002996756571846,6.561575037147607,100
