alignment,n,n_gw,n_od,rep,Z,fd_cost_in_Z,fd_rate,n_winners,winner_true_cost,vcg_rent,vcg_rent_gw,vcg_rent_od,vcg_payout,posted_lambda,posted_payout,posted_true_cost,posted_fd_rate,posted_status,pab_payout,pab_true_cost,pab_rent,pab_fd_rate,pab_status,pab_mean_markup,t_pab,pool_full,pool_kstar,t_A,t_kstar,t_C_naive,t_C_accel,n_solves,z_err,pay_err,all_optimal
0.5,10,2,2,1,186.927059340904,186.927059340904,1.0,0,0,0,0,0,186.927059340904,0.8,186.927059340904,186.927059340904,1.0,integer optimal solution,186.927059340904,186.927059340904,0,1.0,integer optimal solution,0.0,0.1452603,678,0,0.2536473,0.036956600000000006,0.033541799999999955,0.11357979999999995,1,0.0,0.0,True
0.5,10,2,2,4,172.6549381739883,172.65493817398828,1.0,0,0,0,0,0,172.65493817398828,0.8,172.6549381739883,172.65493817398828,1.0,integer optimal solution,172.6549381739883,172.65493817398828,0,1.0,integer optimal solution,0.0,0.18233750000000004,652,0,0.19343149999999998,0.02884359999999997,0.03543620000000003,0.005304099999999923,1,0.0,0.0,True
0.5,10,2,2,7,191.9251249112395,191.9251249112395,1.0,0,0,0,0,0,191.9251249112395,0.8,191.92512491123952,191.9251249112395,1.0,integer optimal solution,191.9251249112395,191.9251249112395,0,1.0,integer optimal solution,0.0,0.2383687000000001,732,1,0.3285718999999998,0.03735149999999998,0.043504999999999905,0.002511799999999953,1,0.0,0.0,True
0.5,10,2,2,10,179.06662697513272,179.06662697513272,1.0,0,0,0,0,0,179.06662697513272,0.8,179.06662697513272,179.06662697513272,1.0,integer optimal solution,179.06662697513272,179.06662697513272,0,1.0,integer optimal solution,0.0,0.1327731000000001,535,1,0.16491579999999995,0.018778300000000137,0.034475100000000314,0.003152400000000277,1,0.0,0.0,True
0.5,10,2,2,13,185.89008825597455,127.83616164991506,0.7,1,58.05392660605952,5.928841912649773,5.928841912649773,0,191.81893016862435,0.8,191.81893016862432,191.8189301686243,1.0,integer optimal solution,191.3482832987392,185.89008825597458,5.458195042764634,0.7,integer optimal solution,0.625,0.37436219999999976,567,4,0.1843336,0.02574799999999966,0.05243639999999994,0.006294099999999858,2,2.842170943040401e-14,2.842170943040401e-14,True
0.5,10,2,2,16,182.7272493864929,182.7272493864929,1.0,0,0,0,0,0,182.7272493864929,0.8,182.72724938649293,182.7272493864929,1.0,integer optimal solution,182.7272493864929,182.7272493864929,0,1.0,integer optimal solution,0.0,0.1891107999999999,561,0,0.1490244999999999,0.018421599999999927,0.02901990000000021,0.002752899999999947,1,2.842170943040401e-14,0.0,True
0.5,10,2,2,19,182.15247051574573,182.15247051574573,1.0,0,0,0,0,0,182.15247051574573,0.8,182.15247051574573,182.15247051574573,1.0,integer optimal solution,182.15247051574573,182.15247051574573,0,1.0,integer optimal solution,0.0,0.2051206999999997,554,0,0.2511530999999998,0.02933790000000025,0.04379899999999992,0.003845499999999724,1,0.0,0.0,True
0.5,10,2,2,22,205.14999325212335,136.2157616013685,0.7,1,68.93423165075484,5.734780761640479,5.734780761640479,0,210.88477401376383,0.8,213.23042775436954,213.23042775436957,1.0,integer optimal solution,210.03660284517775,205.14999325212335,4.886609593054399,0.7,integer optimal solution,0.5,0.3572590000000009,557,4,0.18102289999999988,0.02365380000000039,0.0608382999999999,0.0070766000000004325,2,0.0,0.0,True
0.5,10,3,2,0,175.82420250408046,175.82420250408046,1.0,0,0,0,0,0,175.82420250408046,0.8,175.8242025040805,175.82420250408046,1.0,integer optimal solution,175.82420250408046,175.82420250408046,0,1.0,integer optimal solution,0.0,0.2661673000000002,975,0,0.26823330000000034,0.042436200000000035,0.041138800000000586,0.003777499999999989,1,2.842170943040401e-14,0.0,True
0.5,10,3,2,3,168.22036753729554,168.2203675372955,1.0,0,0,0,0,0,168.2203675372955,0.8,168.22036753729554,168.2203675372955,1.0,integer optimal solution,168.22036753729554,168.2203675372955,0,1.0,integer optimal solution,0.0,0.4074882999999998,782,0,0.4275877000000001,0.03810380000000002,0.06419769999999936,0.003999100000000588,1,0.0,0.0,True
0.5,10,3,2,6,188.87192409864372,188.87192409864372,1.0,0,0,0,0,0,188.87192409864372,0.8,188.87192409864372,188.87192409864372,1.0,integer optimal solution,188.87192409864372,188.87192409864372,0,1.0,integer optimal solution,0.0,0.29358150000000016,1002,0,0.4129411999999997,0.10272779999999937,0.09118200000000076,0.009357300000000457,1,0.0,0.0,True
0.5,10,3,2,9,171.55427879203688,171.55427879203683,1.0,0,0,0,0,0,171.55427879203683,0.8,171.55427879203688,171.55427879203683,1.0,integer optimal solution,171.55427879203688,171.55427879203683,0,1.0,integer optimal solution,0.0,0.24721309999999974,891,0,0.42204769999999936,0.04218119999999992,0.04172360000000008,0.0034081999999999724,1,0.0,0.0,True
0.5,10,3,2,12,181.7574637714162,181.75746377141618,1.0,0,0,0,0,0,181.75746377141618,0.8,181.7574637714162,181.75746377141618,1.0,integer optimal solution,181.7574637714162,181.75746377141618,0,1.0,integer optimal solution,0.0,0.25536199999999987,940,0,0.42226109999999917,0.0453001000000004,0.055176799999999915,0.003644300000001266,1,0.0,0.0,True
0.5,10,3,2,15,161.0524821128197,150.55605709418975,0.9,1,10.496425018629928,2.00807507530709,0,2.00807507530709,163.06055718812678,0.8,161.93274503577123,161.0524821128197,0.9,integer optimal solution,161.86116519127006,161.0524821128197,0.8086830784503655,0.9,integer optimal solution,0.4971941678799091,0.45817399999999964,879,4,0.2623206000000007,0.042979499999999504,0.07611739999999934,0.005383300000000091,2,0.0,0.0,True
0.5,10,3,2,18,146.0628804214672,146.06288042146724,1.0,0,0,0,0,0,146.06288042146724,0.8,146.0628804214672,146.06288042146724,1.0,integer optimal solution,146.0628804214672,146.06288042146724,0,1.0,integer optimal solution,0.0,0.24617050000000162,818,0,0.2618045000000002,0.035650099999999796,0.035299300000000144,0.002978499999999329,1,0.0,0.0,True
0.5,10,3,2,21,176.1842465647601,176.1842465647601,1.0,0,0,0,0,0,176.1842465647601,0.8,176.18424656476012,176.1842465647601,1.0,integer optimal solution,176.1842465647601,176.1842465647601,0,1.0,integer optimal solution,0.0,0.25295870000000065,953,0,0.34177889999999955,0.0487327999999998,0.04830190000000023,0.002910799999998659,1,2.842170943040401e-14,0.0,True
0.5,10,3,2,24,183.31484243085836,127.34095558551576,0.7,1,55.973886845342605,0.5012567465006157,0.5012567465006157,0,183.81609917735898,0.8,185.2482026873905,185.2482026873905,1.0,integer optimal solution,183.31484243085836,183.31484243085836,0.0,0.7,integer optimal solution,0.0,0.2616683999999996,999,14,0.3553266999999991,0.060637500000000344,0.07864110000000046,0.008827200000000701,2,2.842170943040401e-14,2.842170943040401e-14,True
0.5,10,2,3,2,184.11855706364585,119.67867763837253,0.7,1,64.43987942527332,6.586727655918395,6.586727655918395,0,190.70528471956425,0.8,190.90657663263707,190.9065766326371,1.0,integer optimal solution,189.92693542746179,184.11855706364585,5.808378363815924,0.7,integer optimal solution,0.6,0.5055432,622,4,0.2806975999999999,0.04260550000000052,0.05755219999999994,0.012697899999999152,2,2.842170943040401e-14,2.842170943040401e-14,True
0.5,10,2,3,5,159.34478477429838,117.3943064440607,0.7,1,41.95047833023766,2.1619006847583933,2.1619006847583933,0,161.50668545905677,0.8,167.81372647334175,167.81372647334175,1.0,integer optimal solution,161.40119232633333,159.34478477429838,2.056407552034945,0.7,integer optimal solution,0.3,0.3150758000000007,467,7,0.2844982999999992,0.01891580000000026,0.054465399999999775,0.011283600000000504,2,0.0,0.0,True
0.5,10,2,3,8,190.75941005613106,182.58192538299917,0.9,1,8.17748467313186,5.182303346113059,0,5.182303346113059,195.9417134022441,0.8,193.62587463361507,190.75941005613103,0.9,integer optimal solution,192.4644837957312,190.75941005613103,1.7050737396001645,0.9,integer optimal solution,1.023964197356716,0.5648134000000002,601,2,0.22628979999999999,0.025297000000000125,0.06933569999999989,0.0062504000000007665,2,0.0,0.0,True
0.5,10,2,3,11,186.2516061585092,186.25160615850922,1.0,0,0,0,0,0,186.25160615850922,0.8,186.2516061585092,186.25160615850922,1.0,integer optimal solution,186.2516061585092,186.25160615850922,0,1.0,integer optimal solution,0.0,0.2045691000000005,766,0,0.4004062000000008,0.038768000000001024,0.02989710000000123,0.0024338000000003746,1,0.0,0.0,True
0.5,10,2,3,14,176.8107657763172,176.8107657763172,1.0,0,0,0,0,0,176.8107657763172,0.8,176.8107657763172,176.8107657763172,1.0,integer optimal solution,176.8107657763172,176.8107657763172,0,1.0,integer optimal solution,0.0,0.17911189999999877,539,0,0.20249700000000104,0.018984900000001304,0.031317200000000156,0.0032516999999998575,1,0.0,0.0,True
0.5,10,2,3,17,196.77431468077842,176.5732066236082,0.9,1,20.201108057170266,0.5901161253551948,0.5901161253551948,0,197.36443080613367,0.8,197.3644308061336,197.36443080613364,1.0,integer optimal solution,197.3458378494483,196.77431468077847,0.5715231686698575,0.9,integer optimal solution,0.2,0.2757776000000014,528,1,0.1662076999999993,0.019050299999999964,0.054400000000001114,0.005153599999999869,2,2.842170943040401e-14,2.842170943040401e-14,True
0.5,10,2,3,20,205.40508997702403,205.40508997702403,1.0,0,0,0,0,0,205.40508997702403,0.8,205.40508997702403,205.40508997702403,1.0,integer optimal solution,205.40508997702403,205.40508997702403,0,1.0,integer optimal solution,0.0,0.21224100000000057,555,0,0.25649630000000023,0.023660800000000037,0.03337310000000038,0.0028005000000010938,1,0.0,0.0,True
0.5,10,2,3,23,157.92032038416465,157.92032038416463,1.0,0,0,0,0,0,157.92032038416463,0.8,157.92032038416465,157.92032038416463,1.0,integer optimal solution,157.92032038416465,157.92032038416463,0,1.0,integer optimal solution,0.0,0.24728269999999952,492,0,0.22377159999999918,0.02269760000000076,0.039820100000000025,0.003934000000000992,1,0.0,0.0,True
0.5,10,3,3,1,148.43585448417042,148.43585448417042,1.0,0,0,0,0,0,148.43585448417042,0.8,148.43585448417042,148.43585448417042,1.0,integer optimal solution,148.43585448417042,148.43585448417042,0,1.0,integer optimal solution,0.0,0.2821218000000023,986,1,0.34628449999999944,0.045341199999999304,0.041061100000000295,0.003864999999997565,1,0.0,0.0,True
0.5,10,3,3,4,178.85708553138087,173.70338345920837,0.9,1,5.153702072172489,4.5668550501005996,0,4.5668550501005996,183.42394058148145,0.8,181.47982915702684,178.85708553138085,0.9,integer optimal solution,180.21236645935244,178.85708553138085,1.355280927971581,0.9,integer optimal solution,0.9847054504691558,0.5963901999999983,901,1,0.22380279999999786,0.03559590000000057,0.0673926999999992,0.004794100000001578,2,2.842170943040401e-14,2.842170943040401e-14,True
0.5,10,3,3,7,192.37366491036636,192.37366491036633,1.0,0,0,0,0,0,192.37366491036633,0.8,192.37366491036636,192.37366491036633,1.0,integer optimal solution,192.37366491036636,192.37366491036633,0,1.0,integer optimal solution,0.0,0.24410879999999935,910,0,0.21350779999999858,0.02462720000000118,0.03318050000000028,0.0022069000000009,1,0.0,0.0,True
0.5,10,3,3,10,198.86044214574235,198.86044214574235,1.0,0,0,0,0,0,198.86044214574235,0.8,198.86044214574238,198.86044214574235,1.0,integer optimal solution,198.86044214574235,198.86044214574235,0,1.0,integer optimal solution,0.0,0.2051932999999977,702,0,0.22000179999999858,0.01705079999999981,0.026964699999997066,0.0031178000000018358,1,2.842170943040401e-14,0.0,True
0.5,10,3,3,13,158.03564689046107,158.03564689046104,1.0,0,0,0,0,0,158.03564689046104,0.8,158.03564689046107,158.03564689046104,1.0,integer optimal solution,158.03564689046107,158.03564689046104,0,1.0,integer optimal solution,0.0,0.3191425999999993,897,0,0.26391399999999976,0.03271879999999783,0.031070200000002046,0.002739800000000514,1,0.0,0.0,True
0.5,10,3,3,16,169.74023102606716,169.74023102606716,1.0,0,0,0,0,0,169.74023102606716,0.8,169.7402310260672,169.74023102606716,1.0,integer optimal solution,169.74023102606716,169.74023102606716,0,1.0,integer optimal solution,0.0,0.23550540000000098,942,0,0.31096720000000033,0.03957760000000121,0.032610299999998205,0.002263299999999191,1,2.842170943040401e-14,0.0,True
0.5,10,3,3,19,202.7527360991673,202.75273609916735,1.0,0,0,0,0,0,202.75273609916735,0.8,202.75273609916735,202.75273609916735,1.0,integer optimal solution,202.7527360991673,202.75273609916735,0,1.0,integer optimal solution,0.0,0.2094541999999997,821,0,0.263462999999998,0.028151999999998623,0.028702300000002623,0.00323799999999963,1,5.684341886080802e-14,0.0,True
0.5,10,3,3,22,187.29630122226786,187.29630122226786,1.0,0,0,0,0,0,187.29630122226786,0.8,187.29630122226786,187.29630122226786,1.0,integer optimal solution,187.29630122226786,187.29630122226786,0,1.0,integer optimal solution,0.0,0.2329232999999995,842,0,0.27117780000000025,0.026942099999999414,0.03415060000000025,0.0038593999999996242,1,0.0,0.0,True
0.5,15,2,2,0,223.9766751159977,208.13903709097747,0.9333333333333333,1,15.837638025020265,3.724514541162307,0,3.724514541162307,227.70118965716003,0.8,224.64607706719477,223.97667511599772,0.9333333333333333,integer optimal solution,225.37736919608207,223.97667511599772,1.400694080084355,0.9333333333333333,integer optimal solution,0.7310998276789098,0.6194506000000004,1891,3,0.5972857000000005,0.07381099999999918,0.08053440000000123,0.005621399999998999,2,0.0,0.0,True
0.5,15,2,2,3,262.8847970906142,262.8847970906142,1.0,0,0,0,0,0,262.8847970906142,0.8,262.88479709061426,262.8847970906142,1.0,integer optimal solution,262.8847970906142,262.8847970906142,0,1.0,integer optimal solution,0.0,0.296444300000001,2347,0,0.8111684999999973,0.11412789999999973,0.05478869999999958,0.002709499999998144,1,5.684341886080802e-14,0.0,True
0.5,15,2,2,6,267.4918505751667,267.4918505751667,1.0,0,0,0,0,0,267.4918505751667,0.8,267.4918505751667,267.4918505751667,1.0,integer optimal solution,267.4918505751667,267.4918505751667,0,1.0,integer optimal solution,0.0,0.2963407999999994,2251,0,0.9920228999999985,0.11524629999999902,0.05856780000000228,0.004629100000002495,1,0.0,0.0,True
0.5,15,2,2,9,315.49109651058393,273.42989009136835,0.8666666666666667,1,42.06120641921558,0.9572554877470907,0.9572554877470907,0,316.448351998331,0.8,316.4483519983311,316.44835199833096,1.0,integer optimal solution,316.21411314322364,315.49109651058393,0.7230166326396924,0.8666666666666667,integer optimal solution,0.125,0.498278599999999,2219,2,0.8600120999999987,0.15200869999999966,0.1424833999999997,0.01252979999999937,2,0.0,0.0,True
0.5,15,2,2,12,275.3198710227337,275.31987102273376,1.0,0,0,0,0,0,275.31987102273376,0.8,275.3198710227337,275.31987102273376,1.0,integer optimal solution,275.3198710227337,275.31987102273376,0,1.0,integer optimal solution,0.0,0.45262659999999855,2159,0,0.8559703999999968,0.15064650000000057,0.09651450000000139,0.006654899999997355,1,0.0,0.0,True
0.5,15,2,2,15,229.17821304945284,177.67687095676297,0.8,1,51.501342092689875,4.88358193497578,4.88358193497578,0,234.06179498442862,0.8,238.77568793725672,238.77568793725672,1.0,integer optimal solution,233.49154794810732,229.17821304945284,4.313334898654472,0.8,integer optimal solution,0.625,0.8745136000000002,1868,10,0.9847712999999985,0.12355519999999842,0.15316119999999955,0.01425959999999904,2,0.0,2.842170943040401e-14,True
0.5,15,2,2,18,254.7578381463262,254.7578381463262,1.0,0,0,0,0,0,254.7578381463262,0.8,254.7578381463262,254.7578381463262,1.0,integer optimal solution,254.7578381463262,254.7578381463262,0,1.0,integer optimal solution,0.0,0.28379849999999607,1895,0,0.8193389999999994,0.09810530000000028,0.052486999999999284,0.00302560000000085,1,0.0,0.0,True
0.5,15,2,2,21,253.27548854758766,253.27548854758768,1.0,0,0,0,0,0,253.27548854758768,0.8,253.27548854758766,253.27548854758768,1.0,integer optimal solution,253.27548854758766,253.27548854758768,0,1.0,integer optimal solution,0.0,0.2653133999999966,1856,1,0.7059019999999947,0.09026760000000422,0.050020799999998644,0.0029493000000044844,1,0.0,0.0,True
0.5,15,2,2,24,249.2595681585559,249.2595681585559,1.0,0,0,0,0,0,249.2595681585559,0.8,249.2595681585559,249.2595681585559,1.0,integer optimal solution,249.2595681585559,249.2595681585559,0,1.0,integer optimal solution,0.0,0.26925709999999725,2000,0,0.9596988999999994,0.11212410000000261,0.0499590000000012,0.0037724999999966258,1,0.0,0.0,True
0.5,15,3,2,2,263.8954802352928,263.8954802352928,1.0,0,0,0,0,0,263.8954802352928,0.8,263.8954802352928,263.8954802352928,1.0,integer optimal solution,263.8954802352928,263.8954802352928,0,1.0,integer optimal solution,0.0,0.5350725999999995,3147,0,1.2591615999999988,0.17008620000000008,0.0747485999999995,0.004485200000004852,1,0.0,0.0,True
0.5,15,3,2,5,267.4523123087591,267.45231230875913,1.0,0,0,0,0,0,267.45231230875913,0.8,267.4523123087591,267.45231230875913,1.0,integer optimal solution,267.4523123087591,267.45231230875913,0,1.0,integer optimal solution,0.0,0.4737088999999983,3055,0,1.1098713000000018,0.14938929999999573,0.08085179999999781,0.0029899000000028764,1,0.0,0.0,True
0.5,15,3,2,8,269.44876036598953,223.2200102347117,0.8,1,46.228750131277806,2.509577300592582,2.509577300592582,0,271.9583376665821,0.8,276.83299096670015,276.83299096670015,1.0,integer optimal solution,271.1299611611936,269.44876036598953,1.6812007952040908,0.8,integer optimal solution,0.2,0.8045462000000043,2997,21,1.012584099999998,0.16524279999999436,0.13772819999999797,0.01589890000000338,2,0.0,0.0,True
0.5,15,3,2,11,258.20882079408625,204.0197627478236,0.8,1,54.189058046262616,2.577135204048659,2.577135204048659,0,260.78595599813485,0.8,260.7859559981349,260.78595599813485,1.0,integer optimal solution,260.64396755204586,258.25622965182777,2.387737900217995,0.8666666666666667,integer optimal solution,0.4,0.9271653999999998,2920,7,1.0421217000000027,0.15227910000000122,0.13832260000000218,0.006252299999999877,2,0.0,0.0,True
0.5,15,3,2,14,280.64826561120657,280.6482656112065,1.0,0,0,0,0,0,280.6482656112065,0.8,280.64826561120657,280.6482656112065,1.0,integer optimal solution,280.64826561120657,280.6482656112065,0,1.0,integer optimal solution,0.0,0.49805800000000033,2955,8,0.9163741000000059,0.15052489999999352,0.07767999999999375,0.00468970000000013,1,0.0,0.0,True
0.5,15,3,2,17,276.22493608768406,276.22493608768406,1.0,0,0,0,0,0,276.22493608768406,0.8,276.22493608768406,276.22493608768406,1.0,integer optimal solution,276.22493608768406,276.22493608768406,0,1.0,integer optimal solution,0.0,0.5148510000000002,3235,0,1.0021813000000037,0.14864509999999598,0.07285149999999874,0.0026586999999977934,1,0.0,0.0,True
0.5,15,3,2,20,245.08257429002458,190.49485775705506,0.8,1,54.587716532969566,4.0038043074193865,4.0038043074193865,0,249.08637859744402,0.8,245.3326114356832,245.08257429002464,0.8,integer optimal solution,248.51957456419086,245.08257429002464,3.4370002741662664,0.8,integer optimal solution,0.4,0.8549701000000027,2787,49,0.9936053999999999,0.13462219999999547,0.13994430000000335,0.013301399999996022,2,0.0,0.0,True
0.5,15,3,2,23,246.85706129314843,246.85706129314846,1.0,0,0,0,0,0,246.85706129314846,0.8,246.85706129314843,246.85706129314846,1.0,integer optimal solution,246.85706129314843,246.85706129314846,0,1.0,integer optimal solution,0.0,0.5126075000000014,3105,0,1.360202000000001,0.14779169999999908,0.08466609999999974,0.004686400000004198,1,0.0,0.0,True
0.5,15,2,3,1,267.374386079521,218.81256626990597,0.8666666666666667,1,48.56181980961502,2.138099195230268,2.138099195230268,0,269.51248527475127,0.8,269.5124852747512,269.5124852747512,1.0,integer optimal solution,269.0808837126352,267.374386079521,1.7064976331142196,0.8666666666666667,integer optimal solution,0.2,0.516434100000005,1803,1,0.8940821999999997,0.08107800000000509,0.0888987999999955,0.00659239999999528,2,5.684341886080802e-14,1.1368683772161603e-13,True
0.5,15,2,3,4,272.4689417350145,252.230722120716,0.9333333333333333,1,20.238219614298487,0.8856888740863837,0.8856888740863837,0,273.35463060910087,0.8,273.35463060910087,273.3546306091008,1.0,integer optimal solution,273.0831146495782,272.4689417350145,0.6141729145637409,0.9333333333333333,integer optimal solution,0.2,0.4845959000000022,1835,2,0.9091614999999962,0.08686020000000383,0.10139730000000213,0.006263900000000433,2,5.684341886080802e-14,0.0,True
0.5,15,2,3,7,292.55780345968253,246.38258564701795,0.8,1,46.1752178126647,0.9503635215198756,0.9503635215198756,0,293.5081669812025,0.8,293.7401492962996,293.5081669812024,0.9333333333333333,integer optimal solution,293.28996772124935,292.55780345968265,0.7321642615668106,0.8,integer optimal solution,0.1,0.4268263000000019,1956,5,0.9313870000000009,0.0890593000000024,0.10048770000000218,0.005859900000004359,2,5.684341886080802e-14,5.684341886080802e-14,True
0.5,15,2,3,10,218.98058742621743,196.02865480536764,0.8666666666666667,2,22.951932620849828,6.355392671327621,3.4586511322311253,2.896741539096496,225.33598009754508,0.8,223.73598009754505,222.43923855844858,0.9333333333333333,integer optimal solution,223.34426767596028,218.98058742621745,4.36368024974286,0.8666666666666667,integer optimal solution,2.2638641415110357,1.5083166000000006,1759,2,0.8634401999999994,0.0727341999999993,0.13427480000000003,0.008577799999997637,3,2.842170943040401e-14,2.842170943040401e-14,True
0.5,15,2,3,13,250.97014712357498,236.86308721478355,0.9333333333333333,1,14.107059908791456,0.9733235925842791,0,0.9733235925842791,251.94347071615928,0.8,251.9434707161592,251.94347071615925,1.0,integer optimal solution,251.81038389391375,250.970147123575,0.8402367703388015,0.9333333333333333,integer optimal solution,0.4,0.5878513999999981,1871,2,1.0716897000000003,0.09274440000000084,0.1063471000000007,0.005028000000002919,2,0.0,2.842170943040401e-14,True
0.5,15,2,3,16,260.5726202779081,260.5726202779081,1.0,0,0,0,0,0,260.5726202779081,0.8,260.5726202779081,260.5726202779081,1.0,integer optimal solution,260.5726202779081,260.5726202779081,0,1.0,integer optimal solution,0.0,0.352696200000004,2116,0,1.0681014999999974,0.10222949999999997,0.06248000000000076,0.0036066000000047893,1,0.0,0.0,True
0.5,15,2,3,19,252.0216405369072,244.21639500221838,0.9333333333333333,1,7.805245534688804,4.715033043887587,0,4.715033043887587,256.7366735807948,0.8,254.23261786507948,252.02164053690717,0.9333333333333333,integer optimal solution,252.7024776103045,252.02164053690717,0.680837073397314,0.9333333333333333,integer optimal solution,0.5184294800137088,0.6284622000000013,1780,2,0.855296800000005,0.07485099999999534,0.11890749999999883,0.0050019999999975084,2,2.842170943040401e-14,2.842170943040401e-14,True
0.5,15,2,3,22,253.52195970354927,190.01426853908964,0.8,1,63.50769116445967,12.302569269578328,12.302569269578328,0,265.82452897312766,0.8,268.0018055297647,268.00180552976474,1.0,integer optimal solution,265.5195027647486,253.52195970354933,11.997543061199352,0.8,integer optimal solution,1.1,0.9889510999999942,1838,8,0.9683263000000011,0.08755589999999813,0.10458339999999566,0.007225899999994567,2,0.0,0.0,True
0.5,15,3,3,0,266.9642462992617,266.9642462992617,1.0,0,0,0,0,0,266.9642462992617,0.8,266.9642462992617,266.9642462992617,1.0,integer optimal solution,266.9642462992617,266.9642462992617,0,1.0,integer optimal solution,0.0,0.5311030999999957,2723,0,0.9322477000000049,0.11824589999999091,0.0681256000000019,0.003577200000009384,1,0.0,0.0,True
0.5,15,3,3,3,246.7185016574832,198.85203516306086,0.8,1,47.86646649442231,0.8770040100294523,0.8770040100294523,0,247.5955056675126,0.8,248.21503100847372,248.21503100847372,1.0,integer optimal solution,247.53077644935956,246.71850165748316,0.8122747918763766,0.8,integer optimal solution,0.08333333333333333,0.7569294000000042,3035,4,1.3218915000000067,0.2013764000000009,0.13539749999999628,0.0057807000000025255,2,2.842170943040401e-14,2.842170943040401e-14,True
0.5,15,3,3,6,286.33021784696086,286.33021784696086,1.0,0,0,0,0,0,286.33021784696086,0.8,286.33021784696086,286.33021784696086,1.0,integer optimal solution,286.33021784696086,286.33021784696086,0,1.0,integer optimal solution,0.0,0.723728599999987,3690,0,1.454406700000007,0.2133450000000039,0.08931450000000041,0.005718200000004003,1,0.0,0.0,True
0.5,15,3,3,9,268.44698601406674,268.44698601406674,1.0,0,0,0,0,0,268.44698601406674,0.8,268.44698601406674,268.44698601406674,1.0,integer optimal solution,268.44698601406674,268.44698601406674,0,1.0,integer optimal solution,0.0,0.5777195000000006,2850,0,1.2546648999999945,0.2538921000000016,0.08401940000000252,0.0028839000000004944,1,0.0,0.0,True
0.5,15,3,3,12,286.57084955446084,236.8567536314623,0.8666666666666667,1,49.71409592299851,0.8454674043002228,0.8454674043002228,0,287.41631695876106,0.8,289.6034915178777,289.60349151787767,1.0,integer optimal solution,286.57084955446084,286.57084955446084,0.0,0.8666666666666667,integer optimal solution,0.0,0.6971379000000013,3224,3,1.2340309000000076,0.20902199999999027,0.1539400999999998,0.008317199999993363,2,5.684341886080802e-14,5.684341886080802e-14,True
0.5,15,3,3,15,263.66438255219447,263.6643825521945,1.0,0,0,0,0,0,263.6643825521945,0.8,263.66438255219447,263.6643825521945,1.0,integer optimal solution,263.66438255219447,263.6643825521945,0,1.0,integer optimal solution,0.0,0.6670574999999985,2842,0,1.1236959000000013,0.12219659999999521,0.08345450000000199,0.0026911000000069407,1,0.0,0.0,True
0.5,15,3,3,18,258.34245279336443,258.34245279336443,1.0,0,0,0,0,0,258.34245279336443,0.8,258.34245279336443,258.34245279336443,1.0,integer optimal solution,258.34245279336443,258.34245279336443,0,1.0,integer optimal solution,0.0,0.6727811000000088,2910,0,1.189346999999998,0.13510980000000927,0.07422150000000727,0.0041831999999999425,1,0.0,0.0,True
0.5,15,3,3,21,257.1750359996783,196.0151653758664,0.8,1,61.15987062381196,0.12337362799814855,0.12337362799814855,0,257.2984096276765,0.8,260.19184241912376,260.19184241912376,1.0,integer optimal solution,257.1750359996783,257.17503599967836,0.0,0.8,integer optimal solution,0.0,0.686898400000004,2680,14,1.2496700999999888,0.2044866999999897,0.12275349999998753,0.009462399999989657,2,5.684341886080802e-14,5.684341886080802e-14,True
0.5,15,3,3,24,276.83064298694404,265.4704385707231,0.9333333333333333,1,11.360204416221002,4.336750871595598,0,4.336750871595598,281.1673938585397,0.8,282.6847560820541,276.8306429869441,0.9333333333333333,integer optimal solution,276.93154264356883,276.8306429869441,0.10089965662476588,0.9333333333333333,integer optimal solution,0.05068066496578538,0.5399101000000002,2847,14,1.0714113000000083,0.10905739999999753,0.13749190000000056,0.01249769999999728,2,0.0,0.0,True
0.5,20,2,2,2,341.56224265960356,341.5622426596035,1.0,0,0,0,0,0,341.5622426596035,0.8,341.56224265960356,341.5622426596035,1.0,integer optimal solution,341.56224265960356,341.5622426596035,0,1.0,integer optimal solution,0.0,0.6656964000000016,4575,0,2.0555867000000063,0.2235921999999988,0.11713779999999474,0.013317800000010038,1,0.0,0.0,True
0.5,20,2,2,5,343.86431769988985,343.86431769988997,1.0,0,0,0,0,0,343.86431769988997,0.8,343.86431769988985,343.86431769988997,1.0,integer optimal solution,343.86431769988985,343.86431769988997,0,1.0,integer optimal solution,0.0,0.6165890000000047,4764,0,2.0773862000000065,0.23703360000000373,0.1099837000000008,0.0032208000000082393,1,0.0,0.0,True
0.5,20,2,2,8,321.62406242616925,263.3706208034322,0.85,1,58.253441622737064,1.4572001950907065,1.4572001950907065,0,323.08126262125995,0.8,323.08126262125995,323.08126262125995,1.0,integer optimal solution,322.5479335427297,321.62406242616925,0.9238711165604595,0.85,integer optimal solution,0.125,0.8641982999999982,5005,3,2.1774132999999978,0.2591676999999919,0.20058490000000972,0.009143699999995647,2,0.0,0.0,True
0.5,20,2,2,11,326.23168117427394,326.2316811742739,1.0,0,0,0,0,0,326.2316811742739,0.8,326.231681174274,326.2316811742739,1.0,integer optimal solution,326.23168117427394,326.2316811742739,0,1.0,integer optimal solution,0.0,0.5605701000000067,4243,0,2.1453633999999937,0.19132020000000693,0.11456979999999817,0.002738099999987753,1,5.684341886080802e-14,0.0,True
0.5,20,2,2,14,326.0938179083499,326.09381790834993,1.0,0,0,0,0,0,326.09381790834993,0.8,326.0938179083499,326.09381790834993,1.0,integer optimal solution,326.0938179083499,326.09381790834993,0,1.0,integer optimal solution,0.0,0.581415199999995,4631,0,1.7785901999999965,0.2101847999999933,0.15880140000000154,0.0075934999999986985,1,0.0,0.0,True
0.5,20,2,2,17,356.9132305027365,317.63478949066075,0.9,1,39.27844101207572,2.206731908914037,2.206731908914037,0,359.1199624116505,0.8,359.11996241165053,359.11996241165053,1.0,integer optimal solution,358.8114318842551,356.9132305027365,1.8982013815186645,0.9,integer optimal solution,0.375,1.1066079000000002,4569,7,1.7470710999999994,0.2255417999999878,0.19694789999999784,0.0083238999999935,2,0.0,5.684341886080802e-14,True
0.5,20,2,2,20,327.40126505439997,327.4012650544,1.0,0,0,0,0,0,327.4012650544,0.8,327.40126505439997,327.4012650544,1.0,integer optimal solution,327.40126505439997,327.4012650544,0,1.0,integer optimal solution,0.0,0.7307693999999998,4931,0,2.1074257000000074,0.2765007999999938,0.14272929999999917,0.008131300000002284,1,0.0,0.0,True
0.5,20,2,2,23,307.92971264687856,225.0262234765938,0.7,2,82.90348917028481,8.280628387668116,8.280628387668116,0,316.21034103454673,0.8,313.5353734628472,310.6351276471231,0.85,integer optimal solution,314.9178037335856,307.9297126468786,6.9880910867070245,0.7,integer optimal solution,1.3147792703553804,2.1614682000000016,4379,53,2.4722863000000075,0.3238123999999942,0.2931290000000075,0.02618199999999149,3,0.0,5.684341886080802e-14,True
0.5,20,3,2,1,345.6686522874017,345.66865228740164,1.0,0,0,0,0,0,345.66865228740164,0.8,345.6686522874017,345.66865228740164,1.0,integer optimal solution,345.6686522874017,345.66865228740164,0,1.0,integer optimal solution,0.0,1.258305699999994,7959,0,3.1754727999999943,0.438940400000007,0.1965282999999971,0.0029167999999941685,1,0.0,0.0,True
0.5,20,3,2,4,316.7189324471473,312.30758464269377,0.95,1,4.411347804453589,3.2500584265863495,0,3.2500584265863495,319.96899087373373,0.8,319.4494524350164,316.7189324471474,0.95,integer optimal solution,316.8969932261262,316.7189324471474,0.17806077897881328,0.95,integer optimal solution,0.20227176748217487,1.778597199999993,6853,4,3.203748399999995,0.34449979999999414,0.37069040000000086,0.01040639999999371,2,0.0,0.0,True
0.5,20,3,2,7,356.6542025922878,356.65420259228773,1.0,0,0,0,0,0,356.65420259228773,0.8,356.6542025922878,356.65420259228773,1.0,integer optimal solution,356.6542025922878,356.65420259228773,0,1.0,integer optimal solution,0.0,1.0892677000000077,6701,5,2.2645775000000015,0.3526104000000032,0.21070310000000347,0.0035667999999873246,1,0.0,0.0,True
0.5,20,3,2,10,329.8896447315947,329.8896447315946,1.0,0,0,0,0,0,329.8896447315946,0.8,329.88964473159456,329.8896447315946,1.0,integer optimal solution,329.8896447315947,329.8896447315946,0,1.0,integer optimal solution,0.0,1.250958799999978,6709,0,2.7241928999999914,0.3383625999999822,0.19042529999998692,0.006503500000007989,1,1.1368683772161603e-13,0.0,True
0.5,20,3,2,13,345.7467761030191,345.74677610301916,1.0,0,0,0,0,0,345.74677610301916,0.8,345.74677610301916,345.74677610301916,1.0,integer optimal solution,345.7467761030191,345.74677610301916,0,1.0,integer optimal solution,0.0,1.189397299999996,7503,0,2.8933739000000003,0.49003049999998893,0.19511990000000878,0.0029892000000018015,1,5.684341886080802e-14,0.0,True
0.5,20,3,2,16,375.2302176870842,375.2302176870842,1.0,0,0,0,0,0,375.2302176870842,0.8,375.2302176870842,375.2302176870842,1.0,integer optimal solution,375.2302176870842,375.2302176870842,0,1.0,integer optimal solution,0.0,1.166723200000007,7677,0,3.1804494999999804,0.39266090000000986,0.18641159999998536,0.005387099999978773,1,0.0,0.0,True
0.5,20,3,2,19,346.7221352991652,316.3340338130056,0.9,2,30.388101486159677,3.7584346687533525,3.628027083382733,0.13040758537061947,350.4805699679186,0.8,350.4805699679185,350.4805699679186,1.0,integer optimal solution,349.02870436019003,346.72213529916525,2.3065690610248546,0.9,integer optimal solution,0.8296773552137701,3.0911628000000064,7493,13,2.566793400000023,0.36487900000000195,0.5222830999999815,0.01318989999998621,3,5.684341886080802e-14,5.684341886080802e-14,True
0.5,20,3,2,22,333.32148673338304,333.32148673338304,1.0,0,0,0,0,0,333.32148673338304,0.8,333.32148673338304,333.32148673338304,1.0,integer optimal solution,333.32148673338304,333.32148673338304,0,1.0,integer optimal solution,0.0,1.005959900000022,6187,0,2.22622130000002,0.2853236999999922,0.16348109999998428,0.002907999999990807,1,0.0,0.0,True
0.5,20,2,3,0,307.09616016686016,242.0742187148099,0.8,2,65.02194145205033,8.17374907478711,0.033175217887105646,8.140573856900005,315.2699092416473,0.8,321.750214829976,315.1661473103652,0.95,integer optimal solution,309.1335012251656,307.0961601668602,2.037341058305426,0.8,integer optimal solution,1.1029423292009106,2.193559000000022,4456,54,2.1807938000000036,0.2000395000000026,0.31141670000002364,0.02175420000000372,3,0.0,0.0,True
0.5,20,2,3,3,357.7836642439737,319.61601106082315,0.9,1,38.16765318315056,3.277996610395519,3.277996610395519,0,361.0616608543692,0.8,360.7411124850168,357.7836642439737,0.9,integer optimal solution,360.73322326687315,357.7836642439737,2.9495590228994475,0.9,integer optimal solution,0.5,1.3440077999999858,4430,2,2.126140399999997,0.1931972000000144,0.1715163000000075,0.005613600000003771,2,5.684341886080802e-14,5.684341886080802e-14,True
0.5,20,2,3,6,364.11191107851135,313.15871840005053,0.85,1,50.95319267846082,4.979709076504605,4.979709076504605,0,369.09162015501596,0.8,373.6303946193926,373.63039461939263,1.0,integer optimal solution,368.79360760260056,364.11191107851135,4.68169652408921,0.85,integer optimal solution,0.6,1.588416599999988,4924,18,2.401049400000005,0.25356829999998354,0.19865809999998874,0.016643899999991163,2,5.684341886080802e-14,5.684341886080802e-14,True
0.5,20,2,3,9,393.03344928807184,393.0334492880718,1.0,0,0,0,0,0,393.0334492880718,0.8,393.03344928807184,393.0334492880718,1.0,integer optimal solution,393.03344928807184,393.0334492880718,0,1.0,integer optimal solution,0.0,0.8768714999999929,5090,0,2.8281573999999807,0.23584809999999834,0.1430182000000002,0.002755199999995739,1,0.0,0.0,True
0.5,20,2,3,12,293.41056031532787,235.37540177496714,0.85,1,58.03515854036074,7.310907675031501,7.310907675031501,0,300.7214679903594,0.8,296.40985604754945,293.41056031532787,0.85,integer optimal solution,299.9160579899658,293.41056031532787,6.505497674637937,0.85,integer optimal solution,0.6,1.4726915999999903,4104,37,2.1383908999999903,0.1769734000000085,0.16704420000002074,0.018351799999976492,2,0.0,5.684341886080802e-14,True
0.5,20,2,3,15,365.6600376452949,365.66003764529495,1.0,0,0,0,0,0,365.66003764529495,0.8,365.6600376452949,365.66003764529495,1.0,integer optimal solution,365.6600376452949,365.66003764529495,0,1.0,integer optimal solution,0.0,0.7230217000000039,4451,0,2.3211562000000185,0.2029850000000124,0.12347679999999173,0.0027613999999971384,1,0.0,0.0,True
0.5,20,2,3,18,373.2430448047937,332.9141181848598,0.9,1,40.32892661993392,2.7363134807550296,2.7363134807550296,0,375.9793582855487,0.8,375.97935828554876,375.9793582855487,1.0,integer optimal solution,375.5319786548223,373.24304480479367,2.28893385002867,0.9,integer optimal solution,0.4,1.2805093000000056,4392,15,2.1420691999999804,0.2143139000000076,0.17021950000000174,0.010029100000025437,2,1.1368683772161603e-13,5.684341886080802e-14,True
0.5,20,2,3,21,319.00181902374845,263.7752480665364,0.85,1,55.22657095721209,1.0687625401950527,1.0687625401950527,0,320.0705815639435,0.8,320.0705815639435,320.07058156394356,1.0,integer optimal solution,320.00359129600474,319.00181902374845,1.0017722722563536,0.85,integer optimal solution,0.1,0.9184139000000187,4561,1,2.557229800000016,0.21539359999999874,0.20479890000001433,0.0057077000000163025,2,0.0,0.0,True
0.5,20,2,3,24,329.0386853148549,329.03868531485494,1.0,0,0,0,0,0,329.03868531485494,0.8,329.03868531485494,329.03868531485494,1.0,integer optimal solution,329.0386853148549,329.03868531485494,0,1.0,integer optimal solution,0.0,0.702701999999988,4529,2,2.4275309999999877,0.21269950000001359,0.11106309999999553,0.005383899999998221,1,0.0,0.0,True
0.5,20,3,3,2,363.5627784499044,363.5627784499043,1.0,0,0,0,0,0,363.5627784499043,0.8,363.5627784499044,363.5627784499043,1.0,integer optimal solution,363.5627784499044,363.5627784499043,0,1.0,integer optimal solution,0.0,1.271569200000016,6794,1,2.8656368000000043,0.2930703999999764,0.1751215999999829,0.006629500000002508,1,0.0,0.0,True
0.5,20,3,3,5,360.4025381803781,290.7885871242879,0.85,1,69.61395105609019,13.783320872732247,13.783320872732247,0,374.18585905311033,0.8,360.9611270276793,360.4025381803781,0.85,integer optimal solution,372.9492146466697,360.4025381803781,12.546676466291613,0.85,integer optimal solution,0.8333333333333334,3.073536900000022,7051,46,3.32215930000001,0.3679900999999859,0.3210448000000099,0.015180100000009134,2,5.684341886080802e-14,0.0,True
0.5,20,3,3,8,369.551091744362,369.5510917443621,1.0,0,0,0,0,0,369.5510917443621,0.8,369.551091744362,369.5510917443621,1.0,integer optimal solution,369.551091744362,369.5510917443621,0,1.0,integer optimal solution,0.0,1.328633400000001,7517,0,3.3892089,0.36625680000000216,0.17546510000002513,0.005542300000001887,1,0.0,0.0,True
0.5,20,3,3,11,384.5482730435644,384.5482730435644,1.0,0,0,0,0,0,384.5482730435644,0.8,384.54827304356434,384.5482730435644,1.0,integer optimal solution,384.5482730435644,384.5482730435644,0,1.0,integer optimal solution,0.0,1.3701982000000044,8241,2,3.6054259,0.4080363999999861,0.19359409999998434,0.002908899999994219,1,0.0,0.0,True
0.5,20,3,3,14,303.50874003393034,303.50874003393034,1.0,0,0,0,0,0,303.50874003393034,0.8,303.5087400339304,303.50874003393034,1.0,integer optimal solution,303.50874003393034,303.50874003393034,0,1.0,integer optimal solution,0.0,1.1884489999999914,6571,0,2.7932895000000144,0.292775899999981,0.16672029999998017,0.006284999999991214,1,5.684341886080802e-14,0.0,True
0.5,20,3,3,17,347.44205169435605,347.442051694356,1.0,0,0,0,0,0,347.442051694356,0.8,347.44205169435605,347.442051694356,1.0,integer optimal solution,347.44205169435605,347.442051694356,0,1.0,integer optimal solution,0.0,1.2785273000000075,6935,1,2.679532600000016,0.3627884999999935,0.16957170000000588,0.002475400000008676,1,0.0,0.0,True
0.5,20,3,3,20,323.4740878308551,266.64056328558405,0.85,1,56.83352454527109,0.887475620854218,0.887475620854218,0,324.36156345170934,0.8,329.65841773976433,329.6584177397644,1.0,integer optimal solution,323.4740878308551,323.4740878308551,0.0,0.85,integer optimal solution,0.0,1.335906499999993,6360,71,2.7503829000000053,0.2908879999999954,0.28685339999998405,0.019576300000011315,2,5.684341886080802e-14,5.684341886080802e-14,True
0.5,20,3,3,23,316.99457746209987,316.9945774620999,1.0,0,0,0,0,0,316.9945774620999,0.8,316.99457746209987,316.9945774620999,1.0,integer optimal solution,316.99457746209987,316.9945774620999,0,1.0,integer optimal solution,0.0,1.3485085000000083,7994,0,3.930829200000005,0.4077317999999934,0.17784209999999234,0.0030938000000162447,1,0.0,0.0,True
0.9,10,2,2,1,85.52641910327802,25.090927014544494,0.3,3,60.435492088733525,16.990820782674234,5.2111038295607415,11.779716953113493,102.51723988595225,0.8,102.0285281918674,97.17457595154586,0.8,integer optimal solution,92.82639829764479,85.52641910327802,7.299979194366763,0.3,integer optimal solution,2.357206383373576,0.7558830000000114,438,58,0.413779599999998,0.01710429999999974,0.10617379999999343,0.024555300000002944,4,0.0,0.0,True
0.9,10,2,2,4,105.60802319024401,40.26938979991644,0.4,3,65.33863339032757,23.18961865465164,6.894194877738556,16.295423776913083,128.79764184489565,0.8,123.21314870616764,116.7873300924102,0.2,integer optimal solution,114.50002705294312,105.60802319024401,8.89200386269912,0.4,integer optimal solution,2.713926790117555,1.0740207000000055,601,222,0.5078047000000083,0.030094300000001795,0.11929860000000758,0.07916890000001331,4,1.4210854715202004e-14,2.842170943040401e-14,True
0.9,10,2,2,7,77.17172808135585,8.0,0.1,4,69.17172808135585,17.804850406654552,3.5927231365407124,14.21212727011384,94.9765784880104,0.8,90.64967807073484,87.41118810415318,0.1,integer optimal solution,84.20017042163988,77.17172808135585,7.028442340284018,0.1,integer optimal solution,3.384823875709526,1.0449900999999784,564,329,0.4610849999999971,0.0315150999999787,0.1268158000000028,0.11124599999999418,5,0.0,1.4210854715202004e-14,True
0.9,10,2,2,10,83.66454349614446,21.892172296933424,0.2,3,61.77237119921104,9.816292728525966,5.568048421423626,4.24824430710234,93.48083622467043,0.8,90.49723224763238,89.81405291995979,0.8,integer optimal solution,87.93450907147076,83.66454349614446,4.269965575326301,0.2,integer optimal solution,1.7137997320089609,0.6476783999999896,584,59,0.5086440000000039,0.030501900000018622,0.09925219999999513,0.027521999999976288,4,0.0,0.0,True
0.9,10,2,2,13,72.78390609898021,0,0.0,4,72.78390609898022,10.878490710173608,4.928404114644906,5.950086595528703,83.66239680915382,0.8,80.41149343342953,76.81661151974393,0.3,integer optimal solution,80.56797186194652,72.93928795232848,7.628683909618042,0.1,integer optimal solution,3.2486546060163644,1.2983555999999794,747,367,0.5713755999999819,0.05199250000001143,0.14554480000001035,0.11788389999998117,5,1.4210854715202004e-14,1.4210854715202004e-14,True
0.9,10,2,2,16,89.18724027816761,27.177085823657375,0.3,3,62.010154454510236,6.0495656570926,4.372679958353729,1.6768856987388716,95.23680593526022,0.8,95.65105343651344,95.57416773777456,0.9,integer optimal solution,91.8830361449366,89.18724027816761,2.6957958667689867,0.3,integer optimal solution,1.8454427936995002,0.6669292999999925,651,254,0.5457496999999876,0.037310099999984914,0.09429989999998156,0.0679298000000017,4,0.0,1.4210854715202004e-14,True
0.9,10,2,2,19,87.1589614067416,9.696415196341345,0.1,4,77.46254621040025,18.59192704600659,5.786592483899199,12.80533456210739,105.75088845274819,0.8,100.31563529184308,88.3958635708534,0.4,integer optimal solution,96.7489280028083,87.1589614067416,9.589966596066706,0.1,integer optimal solution,4.104515146535352,1.19688960000002,507,193,0.4892046999999877,0.02434550000000968,0.12695930000001,0.06731329999999502,5,0.0,1.4210854715202004e-14,True
0.9,10,2,2,22,85.68456229754234,9.315515527824791,0.1,4,76.36904676971754,17.644973584983987,9.33529019251202,8.309683392471968,103.32953588252632,0.8,92.24209745388626,87.30013432468371,0.3,integer optimal solution,93.08813078777473,85.68456229754233,7.40356849023239,0.1,integer optimal solution,3.2859128102618964,1.023359400000004,530,137,0.47518199999998956,0.02292410000001155,0.1292481000000123,0.054663099999999076,5,0.0,1.4210854715202004e-14,True
0.9,10,3,2,0,91.89547859697817,20.686062499450898,0.2,3,71.20941609752728,10.780699344387628,6.069747609508781,4.710951734878847,102.6761779413658,0.8,100.08605247676772,94.72243887576703,0.3,integer optimal solution,99.74632551862383,96.02359580550367,3.722729713120179,0.3,integer optimal solution,2.392599050687025,1.0775897999999984,770,124,0.5974667000000125,0.03323020000001975,0.12336139999999318,0.045058199999999715,4,0.0,1.4210854715202004e-14,True
0.9,10,3,2,3,100.03769180193207,29.423906594248905,0.3,3,70.61378520768318,9.649532289094523,3.88718245933822,5.762349829756303,109.6872240910266,0.8,107.89150098568868,100.2422025851411,0.5,integer optimal solution,105.23062053960099,100.93772052525513,4.292900014345866,0.1,integer optimal solution,1.427938851579836,0.9037811999999974,818,203,0.6543336000000011,0.04132039999998938,0.1423440999999741,0.06580379999999764,4,0.0,1.4210854715202004e-14,True
0.9,10,3,2,6,92.92019710300285,37.93391991119859,0.3,3,54.98627719180425,18.889412996651615,5.088058719957559,13.801354276694056,111.80961009965446,0.8,113.19236695694839,98.2364324207308,0.2,integer optimal solution,97.31586267469108,92.92019710300283,4.395665571688234,0.3,integer optimal solution,1.4376235201448089,0.7260571999999854,703,380,0.6444595999999763,0.040846800000025496,0.13099399999998695,0.10798509999997918,4,0.0,1.4210854715202004e-14,True
0.9,10,3,2,9,85.16693112300706,28.04383641945264,0.3,3,57.12309470355442,7.263322055185739,5.042999158830867,2.2203228963548725,92.4302531781928,0.8,89.02996553873518,86.05176416229031,0.3,integer optimal solution,89.58113438391598,85.16693112300706,4.4142032609089235,0.3,integer optimal solution,0.9788774271084513,0.6237067000000138,794,343,0.6360253,0.043554000000000315,0.13853460000001405,0.09743240000000242,4,0.0,1.4210854715202004e-14,True
0.9,10,3,2,12,71.30552932619958,0,0.0,4,71.30552932619958,12.452648167824464,1.2670621291279645,11.1855860386965,83.75817749402404,0.8,81.52131140536633,72.89625930004654,0.3,integer optimal solution,76.04833177765462,71.30552932619958,4.742802451455065,0.0,integer optimal solution,1.9684666396059547,1.0233058000000028,781,167,0.775478100000015,0.03780219999998735,0.16839820000001282,0.06483360000001426,5,0.0,0.0,True
0.9,10,3,2,15,79.63000281658634,19.885465308517986,0.2,3,59.74453750806834,12.88807137461707,6.449638028225863,6.438433346391207,92.5180741912034,0.8,87.50380282915702,84.72516538717625,0.2,integer optimal solution,87.17275836536638,84.02219403079823,3.1505643345681427,0.2,integer optimal solution,2.1231881383142053,1.0656165000000044,898,320,0.6259627999999964,0.04769179999999551,0.13712009999997576,0.08924450000000661,4,0.0,1.4210854715202004e-14,True
0.9,10,3,2,18,84.05944035808145,35.36457643604068,0.4,3,48.69486392204076,3.8498059693591387,1.3899752224425583,2.4598307469165803,87.90924632744057,0.8,90.17647623619393,90.17647623619393,1.0,integer optimal solution,85.26026091200345,84.05944035808145,1.2008205539220025,0.4,integer optimal solution,0.4173086039572794,0.6162901999999804,994,108,0.7139181999999948,0.04842409999997699,0.14632380000000467,0.040352699999999686,4,0.0,1.4210854715202004e-14,True
0.9,10,3,2,21,76.40556100584979,25.78676941218074,0.3,3,50.618791593669044,7.776332303816119,0.8916556610978432,6.884676642718276,84.18189330966591,0.8,84.15052020436033,81.39488602769322,0.6,integer optimal solution,78.2746171219422,76.40556100584979,1.8690561160924222,0.3,integer optimal solution,0.6623569832430689,0.48073890000000574,646,147,0.5977471000000492,0.023775199999988672,0.1124206000000072,0.04148259999999482,4,0.0,0.0,True
0.9,10,3,2,24,89.87500926625256,84.26659865456509,0.9,1,5.608410611687473,2.391589388312525,0,2.391589388312525,92.26659865456509,0.8,90.66659865456508,89.87500926625256,0.9,integer optimal solution,90.74363832572894,89.87500926625256,0.868629059476382,0.9,integer optimal solution,0.7968770944492867,0.48491450000000214,823,62,0.6387139999999931,0.0416131000000064,0.06490610000003016,0.011958999999990283,2,0.0,0.0,True
0.9,10,2,3,2,89.68017403532119,27.81727185761123,0.3,4,61.862902177709955,19.99871340447494,1.8487644616279084,18.149948942847033,109.67888743979613,0.8,104.9996506002249,92.0101723710243,0.6,integer optimal solution,96.08652875944259,89.68017403532119,6.406354724121412,0.3,integer optimal solution,2.706890443629552,1.0073174999999992,533,155,0.5994618000000287,0.02475920000000542,0.14582030000002533,0.06611939999999095,5,0.0,1.4210854715202004e-14,True
0.9,10,2,3,5,72.61486063904049,16.0,0.2,4,56.61486063904049,18.511254982997528,4.362021334998516,14.149233647999012,91.12611562203801,0.8,87.41244723574513,80.08295108538223,0.6,integer optimal solution,79.03620370682884,72.61486063904049,6.421343067788365,0.2,integer optimal solution,2.721953606891985,1.0409058999999843,563,113,0.5842905999999743,0.026575799999989158,0.14010980000000473,0.04727639999998701,5,0.0,1.4210854715202004e-14,True
0.9,10,2,3,8,77.64269306746613,0,0.0,5,77.64269306746613,18.567810679089362,9.025398863999428,9.542411815089935,96.21050374655549,0.8,90.10589652591037,85.10008345424464,0.2,integer optimal solution,88.63951996019506,82.33088651184539,6.308633448349671,0.3,integer optimal solution,3.7368497200542223,1.4856371000000195,599,215,0.5654520000000502,0.03029220000001942,0.16187460000003284,0.09568509999996877,6,0.0,1.509903313490213e-14,True
0.9,10,2,3,11,94.97062672950665,37.81027055569842,0.4,3,57.16035617380822,13.83066254471973,9.65746689280246,4.173195651917268,108.80128927422638,0.8,100.00025803357133,97.16382212463228,0.3,integer optimal solution,104.82642313311435,94.97062672950665,9.855796403607705,0.4,integer optimal solution,2.3484429229806474,1.0180870000000368,672,172,0.7208782999999812,0.04564890000000332,0.10708090000002812,0.04604779999999664,4,0.0,2.842170943040401e-14,True
0.9,10,2,3,14,87.54538481374414,70.44836889569308,0.7,2,17.09701591805106,9.51279831824209,0,9.51279831824209,97.05818313198623,0.8,93.21828258358639,87.54538481374414,0.7,integer optimal solution,90.63556362249983,87.54538481374414,3.0901788087556983,0.7,integer optimal solution,1.8535742101741377,0.8053274999999758,497,19,0.6095514000000435,0.030745599999988826,0.12119649999999638,0.01598549999999932,3,0.0,1.4210854715202004e-14,True
0.9,10,2,3,17,94.58472089780567,28.183587874807483,0.3,4,66.40113302299818,15.105454080057754,3.2585903228357154,11.846863757222039,109.69017497786344,0.8,112.12203528446078,98.78561100019351,0.2,integer optimal solution,100.50911858242219,94.58472089780567,5.9243976846165225,0.3,integer optimal solution,1.977439387413493,0.9696436999999491,579,240,0.7438814000000207,0.03517779999998538,0.153326399999969,0.10533440000000382,5,0.0,1.4210854715202004e-14,True
0.9,10,2,3,20,91.66797740258743,34.84972555747039,0.3,4,56.81825184511704,16.194683063737074,4.307803168621589,11.886879895115484,107.8626604663245,0.8,106.83213792351414,96.62352551231746,0.4,integer optimal solution,100.76259179756978,92.20478039660131,8.557811400968497,0.1,integer optimal solution,4.361387104216882,1.5752926999999772,521,176,0.5993404999999825,0.023680899999988014,0.13531619999997702,0.07080270000000155,5,1.4210854715202004e-14,1.4210854715202004e-14,True
0.9,10,2,3,23,98.10756396764282,44.22709307463954,0.5,3,53.8804708930033,9.257994520950362,2.6267375055550275,6.6312570153953345,107.3655584885932,0.8,110.93971086060607,103.08903975197738,0.9,integer optimal solution,101.6398915362126,98.10756396764285,3.5323275685697704,0.5,integer optimal solution,1.1579801104135712,0.6294661999999676,646,118,0.6497619000000441,0.03395640000002231,0.1259253000000058,0.04341120000003684,4,1.4210854715202004e-14,1.4210854715202004e-14,True
0.9,10,3,3,1,82.17307751981465,23.73205796217495,0.2,4,58.441019557639706,16.745432863971757,3.448244175430972,13.297188688540786,98.91851038378641,0.8,94.31391514881108,90.5343678592942,0.1,integer optimal solution,88.59559670299654,82.17307751981465,6.4225191831818975,0.2,integer optimal solution,1.8504523952906204,1.1961320999999998,857,299,0.7848879000000011,0.040503000000001066,0.1752819999999815,0.1167105000000106,5,0.0,0.0,True
0.9,10,3,3,4,92.11675273205321,28.47816999713533,0.3,4,63.63858273491789,15.894534750774255,1.1727987957265498,14.721735955047706,108.01128748282747,0.8,107.21811202777995,97.6133595907917,0.7,integer optimal solution,94.22713248654844,92.11675273205321,2.1103797544952214,0.3,integer optimal solution,0.9404871395782811,0.7712414000000081,777,133,0.7505175000000008,0.04404710000000023,0.18487660000005235,0.06264459999999872,5,0.0,1.4210854715202004e-14,True
0.9,10,3,3,7,74.35276693504152,29.181998519754714,0.3,3,45.1707684152868,12.936703129426675,3.8015013169157754,9.1352018125109,87.28947006446819,0.8,81.11199446188226,78.73190861609416,0.4,integer optimal solution,82.14036906728157,78.84068552772092,3.2996835395606263,0.4,integer optimal solution,2.3529694686133236,1.290251699999999,740,157,0.6648736999999869,0.02488099999999349,0.13916119999998955,0.050204199999996035,4,0.0,1.4210854715202004e-14,True
0.9,10,3,3,10,100.41215516078033,31.352413407400462,0.3,4,69.05974175337987,11.235424348681988,0.19778781783894317,11.037636530843045,111.64757950946233,0.8,111.04132534774071,104.88098151357653,0.7,integer optimal solution,105.41488723044608,100.41215516078033,5.002732069665742,0.3,integer optimal solution,1.7856938072260284,1.118712099999982,883,158,0.7587904000000094,0.04226049999999759,0.1619890000000055,0.060882100000014816,5,0.0,0.0,True
0.9,10,3,3,13,92.87322269962095,63.08728924139668,0.6,2,29.785933458224257,11.021163563624484,5.879397364754553,5.141766198869931,103.89438626324542,0.8,96.19266903437801,92.87322269962094,0.6,integer optimal solution,97.9289316562791,92.87322269962094,5.055708956658174,0.6,integer optimal solution,1.3596613269869728,0.8909703999999579,830,94,0.7549276000000305,0.03775350000000799,0.09299190000001545,0.022179099999959817,3,0.0,1.4210854715202004e-14,True
0.9,10,3,3,16,92.07449211631416,19.07953217115888,0.2,4,72.9949599451553,11.749089177873529,4.229026868236559,7.52006230963697,103.8235812941877,0.8,98.78548463338969,93.84574148730228,0.5,integer optimal solution,96.75896259313335,92.07449211631419,4.684470476819191,0.2,integer optimal solution,1.2231670490184652,0.8660967000000142,867,204,0.810986899999989,0.047152600000003986,0.17240329999998494,0.07477560000000949,5,0.0,0.0,True
0.9,10,3,3,19,84.12399017480374,33.34229498562105,0.4,3,50.781695189182685,10.719894101055786,0.284951570879187,10.434942530176599,94.84388427585952,0.8,95.28272211369857,86.99929857960288,0.7,integer optimal solution,87.91830868846402,84.12399017480374,3.7943185136602837,0.4,integer optimal solution,1.8025506837788516,1.1061243999999988,873,205,0.8615270999999893,0.04670880000003308,0.14086980000001859,0.06963489999998274,4,0.0,1.4210854715202004e-14,True
0.9,10,3,3,22,85.13232704626228,70.80918158222329,0.8,2,14.323145464038994,3.9376875280188557,0,3.9376875280188557,89.07001457428115,0.8,87.81430834409598,85.3587048198969,0.9,integer optimal solution,86.7518564981268,85.13232704626228,1.6195294518645138,0.8,integer optimal solution,1.032377808662697,0.7723876999999675,711,15,0.7829017000000249,0.03308640000000196,0.10446840000003021,0.015896699999984776,3,0.0,1.4210854715202004e-14,True
0.9,15,2,2,0,141.39510421282012,56.46005949944807,0.3333333333333333,4,84.93504471337205,28.86326560776982,12.752549999374992,16.110715608394827,170.25836982058993,0.8,150.305807323709,143.67045898819018,0.3333333333333333,integer optimal solution,151.89276141801594,141.39510421282012,10.497657205195846,0.3333333333333333,integer optimal solution,3.7366266981789886,1.878749599999992,1848,627,2.3388795000000187,0.11790550000000621,0.23327949999998054,0.1741784000000166,5,0.0,0.0,True
0.9,15,2,2,3,135.35751927123695,74.62735498761344,0.5333333333333333,3,60.73016428362353,13.020621813785567,11.865191963205433,1.1554298505801341,148.37814108502255,0.8,141.3122109235324,140.92757891454312,0.6,integer optimal solution,142.25806917247783,135.35751927123698,6.900549901240859,0.5333333333333333,integer optimal solution,2.4468155253849897,1.3710718000000384,1817,681,2.1787491000000045,0.10081060000004527,0.16803079999999682,0.12216369999998733,4,0.0,0.0,True
0.9,15,2,2,6,124.68302597052724,46.141215664022006,0.3333333333333333,4,78.54181030650523,22.16152647966885,11.46442411264951,10.69710236701934,146.8445524501961,0.8,135.4351648653529,132.50962905914898,0.5333333333333333,integer optimal solution,135.43813381552064,124.68302597052724,10.755107844993427,0.3333333333333333,integer optimal solution,3.8044547516864844,1.9553836999999703,2010,298,2.0012492999999836,0.09806079999998474,0.24710620000001882,0.1122402999999963,5,0.0,0.0,True
0.9,15,2,2,9,143.587144154665,69.08513052227265,0.4,4,74.50201363239232,20.358492613050544,6.650613011963117,13.707879601087427,163.9456367677155,0.8,156.53602413864314,143.58714415466497,0.4,integer optimal solution,151.71047161687858,145.49449449927593,6.2159771176026775,0.6,integer optimal solution,3.6430091069550397,1.961825699999963,1853,786,2.23805550000003,0.10154570000003105,0.23055319999997437,0.1910482999999772,5,0.0,0.0,True
0.9,15,2,2,12,138.07033727726431,85.08987158019198,0.5333333333333333,3,52.980465697072326,9.668593438046884,1.9197334575476646,7.748859980499219,147.7389307153112,0.8,144.06608299769923,140.46793978117992,0.7333333333333333,integer optimal solution,142.45727441815438,138.07033727726431,4.386937140890062,0.5333333333333333,integer optimal solution,2.298818961191884,1.2571700999999962,1953,343,2.2323736999999824,0.12171200000000226,0.18439319999998816,0.1016276000000289,4,0.0,2.842170943040401e-14,True
0.9,15,2,2,15,148.63607462984677,96.01592902960773,0.6,3,52.620145600239056,12.848604109083993,0.3780802884774346,12.470523820606559,161.48467873893077,0.8,162.55862730609482,149.0141549183242,0.8,integer optimal solution,151.84182859917172,148.6360746298468,3.2057539693249324,0.6,integer optimal solution,2.2336514970442893,1.2243401000000063,1777,178,1.9409804000000008,0.09615519999999833,0.1825288999999657,0.05400489999999536,4,2.842170943040401e-14,2.842170943040401e-14,True
0.9,15,2,2,18,143.83420881207707,58.22021113251944,0.4,4,85.61399767955764,51.95034012766757,37.06359149977882,14.88674862788875,195.78454893974467,0.8,168.71126099903907,159.60759620258509,0.4,integer optimal solution,158.17378857741224,143.83420881207707,14.339579765335179,0.4,integer optimal solution,4.259665176145701,1.9163841000000161,1771,686,2.087976499999968,0.09158810000002404,0.21584530000001223,0.17050869999997076,5,0.0,0.0,True
0.9,15,2,2,21,147.81420072881437,60.23225534206011,0.3333333333333333,4,87.58194538675427,42.60172478963938,25.4255410831816,17.176183706457778,190.41592551845375,0.8,167.92092020326027,152.52628931566903,0.3333333333333333,integer optimal solution,158.4961404707638,147.81420072881437,10.681939741949424,0.3333333333333333,integer optimal solution,3.5935778696535925,1.976716300000021,2204,768,2.0574737000000027,0.15182149999998273,0.26252700000003415,0.1568045000000211,5,0.0,2.842170943040401e-14,True
0.9,15,2,2,24,140.04359379851198,57.804030251298514,0.4,4,82.23956354721346,28.67984958661731,23.17123805109952,5.508611535517787,168.7234433851293,0.8,152.10289415083355,143.46917355027716,0.4666666666666667,integer optimal solution,147.96526596042537,140.04359379851198,7.921672161913389,0.4,integer optimal solution,2.48325230716104,1.4877065000000016,1934,370,2.013817300000028,0.09674979999999778,0.2308296000000496,0.12956730000001926,5,0.0,2.842170943040401e-14,True
0.9,15,3,2,2,129.65941024742153,28.120261934994794,0.2,5,101.53914831242675,34.532947264107946,7.899054616412172,26.633892647695774,164.1923575115295,0.8,158.52673772982251,154.61628728930015,0.3333333333333333,integer optimal solution,142.12419341541016,132.9119757776892,9.212217637721004,0.3333333333333333,integer optimal solution,3.611321629050752,4.055904600000019,3007,1036,2.8571005000000014,0.18866599999995515,0.5783994999999891,0.3404919000000177,6,0.0,2.842170943040401e-14,True
0.9,15,3,2,5,122.08569631735904,47.48487067608545,0.3333333333333333,4,74.60082564127359,13.834074721848268,8.358386749237596,5.475687972610672,135.91977103920732,0.8,130.31592932380636,129.63018997567994,0.7333333333333333,integer optimal solution,131.23829007368113,122.08569631735904,9.15259375632209,0.3333333333333333,integer optimal solution,2.376891429972418,2.0977666,2319,116,2.042885099999978,0.12108630000000176,0.3200970000000325,0.048043399999983194,5,0.0,1.4210854715202004e-14,True
0.9,15,3,2,8,149.7793002048438,56.716280611360716,0.4,3,93.06301959348309,8.746603695006996,8.746603695006996,0,158.5259038998508,0.8,158.53930737745065,157.54222707224534,0.8,integer optimal solution,153.34243316668235,149.7806534831313,3.561779683551059,0.4,integer optimal solution,0.7248947344699367,1.0059493999999631,2594,812,2.0178542999999536,0.10657539999999699,0.19901809999998932,0.1135054000000082,4,0.0,0.0,True
0.9,15,3,2,11,178.08435740161775,44.145203295905375,0.26666666666666666,5,133.93915410571236,34.971666086365815,25.254444162329293,9.717221924036522,213.05602348798357,0.8,189.83623856131655,179.42513017445827,0.3333333333333333,integer optimal solution,191.20653705773228,178.76094080407125,12.44559625366106,0.3333333333333333,integer optimal solution,3.310837479873988,2.6372638999999936,2846,1165,2.3168239000000312,0.11031529999996792,0.31989360000000033,0.18621749999999793,6,2.842170943040401e-14,2.842170943040401e-14,True
0.9,15,3,2,14,131.66061788866463,91.496638053114,0.6666666666666666,2,40.16397983555065,5.4568077403965844,1.0246814695540536,4.432126270842531,137.11742562906124,0.8,138.52574262546298,132.80748388643147,0.8666666666666667,integer optimal solution,134.8443104028121,132.68529935821869,2.1590110445934436,0.6666666666666666,integer optimal solution,1.2,1.3304138000000307,2979,250,2.100272700000005,0.11619380000001911,0.18404970000000276,0.05583070000000134,3,0.0,2.842170943040401e-14,True
0.9,15,3,2,17,123.11454012791643,43.48494220098422,0.3333333333333333,4,79.62959792693222,28.3846049678654,10.950615128624023,17.433989839241377,151.49914509578184,0.8,140.15502004390848,134.2706689406635,0.5333333333333333,integer optimal solution,133.69345469590723,123.11454012791644,10.578914567990793,0.3333333333333333,integer optimal solution,3.3289725200027456,2.397864400000003,2632,648,2.08228170000001,0.09713899999997011,0.2634547999999768,0.14605030000001307,5,2.842170943040401e-14,2.842170943040401e-14,True
0.9,15,3,2,20,130.2714684587804,63.60159671536871,0.4,4,66.6698717434117,17.07703467407387,4.4113182733614735,12.665716400712398,147.3485031328543,0.8,143.85872674536552,139.5642719260389,0.6666666666666666,integer optimal solution,137.02880187613087,130.27146845878042,6.757333417350477,0.4,integer optimal solution,2.2648907147072963,1.842839099999992,2600,338,1.8686066999999866,0.1049423000000047,0.2396641999999929,0.11120590000001584,5,0.0,0.0,True
0.9,15,3,2,23,131.15311422967525,74.42656178930919,0.5333333333333333,3,56.72655244036606,20.201526865739197,1.2288836574227275,18.97264320831647,151.35464109541445,0.8,152.3829757519637,135.85423189079842,0.5333333333333333,integer optimal solution,133.80215257055016,131.15311422967525,2.649038340874923,0.5333333333333333,integer optimal solution,0.9228068879712751,1.058493100000021,2790,1196,2.133203999999978,0.11193270000001121,0.2402859000000035,0.13590299999998479,4,0.0,0.0,True
0.9,15,2,3,1,147.11801548875593,39.124893447319835,0.26666666666666666,5,107.99312204143608,31.53411904947356,13.412758736681326,18.121360312792234,178.65213453822946,0.8,173.03666024968174,161.44454149279508,0.7333333333333333,integer optimal solution,157.00807079506643,147.11801548875593,9.890055306310506,0.26666666666666666,integer optimal solution,2.8294866649825914,1.494629400000008,1642,543,1.9391304000000105,0.05841549999996687,0.23942729999998846,0.15668730000004416,6,0.0,2.842170943040401e-14,True
0.9,15,2,3,4,136.00380660795378,42.5191876568552,0.26666666666666666,5,93.4846189510986,52.45008567072381,25.676905672350756,26.773179998373053,188.45389227867759,0.8,162.38056331042498,146.5258389350553,0.3333333333333333,integer optimal solution,145.6475631197843,136.0038066079538,9.643756511830528,0.26666666666666666,integer optimal solution,3.3289326965256856,1.6628602000000114,1466,503,1.7897457000000259,0.059413199999994504,0.20280270000000655,0.12887510000001612,6,2.842170943040401e-14,2.842170943040401e-14,True
0.9,15,2,3,7,116.86306053703134,28.944894495180456,0.2,5,87.9181660418509,32.729940928467585,14.362922514419893,18.367018414047692,149.5930014654989,0.8,128.90266301465883,119.04550404710889,0.3333333333333333,integer optimal solution,128.74215370187875,116.86306053703134,11.879093164847413,0.2,integer optimal solution,3.4198066356493166,1.7243969999999536,1938,309,1.8902287000000229,0.08876529999997729,0.24185019999998758,0.1307181999999898,6,1.4210854715202004e-14,2.842170943040401e-14,True
0.9,15,2,3,10,134.42201353091275,106.17891118284714,0.6666666666666666,3,28.24310234806561,14.548573301734848,0,14.548573301734848,148.9705868326476,0.8,144.91141476751451,134.42201353091275,0.6666666666666666,integer optimal solution,137.75479111709893,134.42201353091275,3.3327775861861895,0.6666666666666666,integer optimal solution,1.9245735160984112,1.1507014000000026,1630,124,1.8691259000000287,0.04818729999999505,0.16293029999997088,0.03594509999999218,4,0.0,0.0,True
0.9,15,2,3,13,134.5749787913967,104.49840238880276,0.7333333333333333,3,30.076576402593897,12.787462755799766,0,12.787462755799766,147.36244154719643,0.8,146.32147447755722,143.62804500632305,0.7333333333333333,integer optimal solution,139.18292310545485,134.57497879139666,4.607944314058205,0.7333333333333333,integer optimal solution,2.2166331568088857,1.311034100000029,2026,227,2.1956811000000016,0.08117310000000089,0.1608585999999832,0.0688331000000062,4,0.0,0.0,True
0.9,15,2,3,16,151.49346209998964,66.07759052587795,0.4,4,85.4158715741117,28.173667063376854,13.94749731342705,14.226169749949804,179.6671291633665,0.8,166.96613871874996,157.3993133202153,0.4,integer optimal solution,161.15769774511136,151.49346209998964,9.664235645121696,0.4,integer optimal solution,2.4676440827880106,1.3513591000000247,1753,539,2.0929621000000225,0.08421820000000935,0.2151011000000267,0.12769319999995332,5,0.0,0.0,True
0.9,15,2,3,19,131.76211074918848,88.44666009041053,0.6,3,43.31545065877795,10.251123332489982,4.908022218311487,5.343101114178495,142.01323408167846,0.8,137.04238975003167,134.4972810079534,0.6666666666666666,integer optimal solution,137.85587072005663,132.31717631288546,5.538694407171155,0.5333333333333333,integer optimal solution,2.380356246193988,1.3187244999999734,1999,335,2.1216587999999774,0.08640689999998585,0.17207519999999477,0.08212040000000798,4,0.0,0.0,True
0.9,15,2,3,22,132.94210853237928,72.24647196933755,0.5333333333333333,3,60.69563656304173,13.712805750964009,11.177885322447736,2.5349204285162728,146.6549142833433,0.8,139.0634230683724,133.96973418256184,0.5333333333333333,integer optimal solution,142.80164189395782,132.94210853237928,9.859533361578563,0.5333333333333333,integer optimal solution,2.260504424910381,1.3301027000000545,1944,252,2.1255001999999763,0.0893949999999677,0.15237600000000384,0.06652709999997342,4,0.0,2.842170943040401e-14,True
0.9,15,3,3,0,129.7560062322565,31.89159972004257,0.2,5,97.86440651221395,9.157349766984282,7.431660963612501,1.7256888033717814,138.9133559992408,0.8,140.44728815625314,139.34206921069213,0.8,integer optimal solution,138.02915212924916,130.86728187807128,7.161870251177855,0.4,integer optimal solution,1.7280837220643086,1.9362451000000078,2749,336,2.5892706000000203,0.10153569999999945,0.3506528000000344,0.1304475000000025,6,0.0,0.0,True
0.9,15,3,3,3,115.62505642563585,41.35202002020888,0.3333333333333333,5,74.27303640542698,12.241840553298616,5.611832029758773,6.630008523539843,127.86689697893446,0.8,121.55247651112522,118.06530650779848,0.4666666666666667,integer optimal solution,122.25593267168523,115.94385640560279,6.312076266082449,0.4,integer optimal solution,1.8776213503140695,2.465030200000001,2563,254,2.3901475999999775,0.10118760000000293,0.39826370000002953,0.09680839999998625,6,1.4210854715202004e-14,2.842170943040401e-14,True
0.9,15,3,3,6,138.6130989846183,37.15961031503458,0.26666666666666666,5,101.45348866958372,13.096526289921286,4.921102433445384,8.175423856475902,151.70962527453958,0.8,149.87554467201764,146.2984546937853,0.6,integer optimal solution,144.36462575811777,139.0164839653889,5.348141792728882,0.26666666666666666,integer optimal solution,1.756465618247713,2.580311600000016,2867,805,3.6734722999999576,0.1506721000000084,0.4034085000000118,0.22478899999998703,6,0.0,2.842170943040401e-14,True
0.9,15,3,3,9,134.23366569681394,22.596971488592615,0.13333333333333333,5,111.63669420822134,14.691612181861586,3.953135414894831,10.738476766966755,148.92527787867556,0.8,143.34574772969103,138.24826584510066,0.5333333333333333,integer optimal solution,140.7656073857605,134.23366569681394,6.531941688946539,0.13333333333333333,integer optimal solution,2.245439863560757,2.7369429999999966,2414,320,2.8295805999999857,0.1085413999999787,0.36753179999999475,0.15358770000000277,6,0.0,2.842170943040401e-14,True
0.9,15,3,3,12,114.56291710296247,45.927500736395295,0.3333333333333333,5,68.63541636656718,16.50675884272009,6.306656925835995,10.200101916884094,131.06967594568258,0.8,122.65735370978224,117.93726056375488,0.5333333333333333,integer optimal solution,122.14837065136507,114.56291710296247,7.58545354840259,0.3333333333333333,integer optimal solution,2.2184652676900902,2.8374795999999947,2727,168,3.105374499999982,0.13697059999998373,0.43632579999996324,0.08644750000001977,6,0.0,1.4210854715202004e-14,True
0.9,15,3,3,15,141.11088124728903,60.76490835162874,0.4,4,80.34597289566028,14.793875000647688,11.17163516167119,3.6222398389764976,155.90475624793672,0.8,150.63066261363633,146.73708418423456,0.6666666666666666,integer optimal solution,147.48406871584066,141.11088124728903,6.373187468551645,0.4,integer optimal solution,1.3908289612656801,2.099261100000035,3073,579,3.2363057000000026,0.1769194999999968,0.3760430000000383,0.14332910000001675,5,2.842170943040401e-14,5.684341886080802e-14,True
0.9,15,3,3,18,140.77148591474452,52.95392713824765,0.3333333333333333,4,87.81755877649688,17.702740958750297,4.9562659373495705,12.746475021400727,158.4742268734948,0.8,154.10546534558026,145.8038367827315,0.2,integer optimal solution,147.94466962568737,140.7814144084061,7.1632552172812805,0.13333333333333333,integer optimal solution,1.7723920571219747,2.579680499999995,3083,1083,3.3713993000000073,0.18970159999997804,0.37494440000000395,0.23863720000002786,5,0.0,2.842170943040401e-14,True
0.9,15,3,3,21,113.06590806282338,33.68144967542408,0.26666666666666666,5,79.3844583873993,8.29294809877392,3.284665137513514,5.008282961260406,121.35885616159732,0.8,116.04865467854897,113.49321096031133,0.4666666666666667,integer optimal solution,118.86090970640092,113.29884805247934,5.562061653921562,0.3333333333333333,integer optimal solution,2.0908198603237147,2.7587948000000324,2743,364,3.3250441999999794,0.1522463000000016,0.40778189999997494,0.15966279999997823,6,0.0,1.4210854715202004e-14,True
0.9,15,3,3,24,144.40294907254977,20.40642210055872,0.13333333333333333,6,123.99652697199106,17.492273394904004,3.8545648047551424,13.637708590148861,161.89522246745378,0.8,162.33010772781483,153.52559289938245,0.5333333333333333,integer optimal solution,152.19066165304156,144.40294907254977,7.7877125804917995,0.13333333333333333,integer optimal solution,2.695777361291793,3.5600494000000253,2637,619,3.048224400000038,0.14324289999996154,0.5187977000000501,0.24512199999998074,7,0.0,2.842170943040401e-14,True
0.9,20,2,2,2,161.77654016605092,87.11456706222836,0.5,4,74.66197310382259,15.090611043325453,6.630502975293922,8.46010806803153,176.8671512093764,0.8,170.88578450210892,166.6217419798837,0.6,integer optimal solution,168.3706924919073,161.77654016605095,6.594152325856354,0.5,integer optimal solution,2.385279281223206,3.2358848999999736,4824,474,6.112793399999987,0.2897293999999988,0.4813541999999984,0.1427097000000117,5,2.842170943040401e-14,5.684341886080802e-14,True
0.9,20,2,2,5,204.18567821895124,95.4594000679365,0.5,4,108.72627815101475,33.990814584975,16.466980008344677,17.52383457663032,238.17649280392624,0.8,220.83457318263328,210.41085580924988,0.5,integer optimal solution,211.0812177172639,204.18567821895124,6.895539498312668,0.5,integer optimal solution,2.605674902316303,3.1895377000000167,4360,1489,6.366196399999978,0.23716019999994842,0.499670100000003,0.2454667000000086,5,0.0,0.0,True
0.9,20,2,2,8,198.4550272347669,115.49597738417239,0.55,4,82.9590498505945,19.261485805166416,6.804312163379819,12.457173641786596,217.71651303993332,0.8,213.8231124325108,207.48189082549726,0.7,integer optimal solution,207.72209215497196,198.47129158718556,9.25080056778641,0.55,integer optimal solution,3.8564451574858216,4.4173061999999845,4017,553,5.767440899999997,0.19119079999995847,0.46851010000000315,0.1774440000000368,5,0.0,2.842170943040401e-14,True
0.9,20,2,2,11,215.38826647740393,115.04522443346602,0.55,4,100.34304204393794,43.20883781781126,25.82453291942352,17.38430489838774,258.5971042952152,0.8,242.34980924036103,217.72042370855985,0.55,integer optimal solution,225.9626403066468,215.38826647740396,10.57437382924282,0.55,integer optimal solution,3.310486662966257,4.111879799999997,4005,1817,5.874664999999993,0.22945670000001428,0.5246314999999981,0.30391009999999596,5,2.842170943040401e-14,2.842170943040401e-14,True
0.9,20,2,2,14,195.28342999460597,107.81337789667536,0.5,4,87.47005209793062,34.458895989794115,22.41443316658342,12.044462823210694,229.74232598440008,0.8,214.18588006256175,207.2790410052326,0.5,integer optimal solution,204.89296526580722,195.4372905513992,9.455674714407984,0.55,integer optimal solution,2.8946815873025935,3.6245845999999915,4863,2095,6.5989905000000135,0.327828199999999,0.5031258000000207,0.31160789999995586,5,0.0,2.842170943040401e-14,True
0.9,20,2,2,17,215.3695121224601,115.75060537347818,0.55,4,99.61890674898193,43.393923634810704,26.479604659202607,16.914318975608097,258.7634357572708,0.8,235.83556596207478,217.85949134921708,0.6,integer optimal solution,224.58930137422294,215.3695121224601,9.219789251762853,0.55,integer optimal solution,3.002097129626578,3.7592700999999806,4690,1141,6.297649000000035,0.25329260000000886,0.47967270000003737,0.2144481000000269,5,2.842170943040401e-14,2.842170943040401e-14,True
0.9,20,2,2,20,176.95284173924628,122.82310101149459,0.65,3,54.129740727751695,26.69558479021302,6.105917709754323,20.589667080458696,203.6484265294593,0.8,192.90386035406829,184.52555935918116,0.65,integer optimal solution,185.05096216469846,177.77019766541764,7.280764499280814,0.5,integer optimal solution,2.6945140751198453,3.042980199999988,3614,1255,5.676707800000031,0.16723910000007436,0.3532149999999774,0.16292410000005475,4,2.842170943040401e-14,8.526512829121202e-14,True
0.9,20,2,2,23,173.66478262273142,112.0027468563932,0.55,4,61.66203576633823,18.01213482439198,10.944407120374422,7.067727704017557,191.6769174471234,0.8,178.14460474298644,174.09760647306604,0.55,integer optimal solution,180.8681671179319,173.75827647926144,7.109890638670489,0.55,integer optimal solution,2.8328434543115257,4.273685,5201,883,5.8844890000000305,0.3144360000000006,0.6064691999999923,0.2632632999999487,5,2.842170943040401e-14,2.842170943040401e-14,True
0.9,20,3,2,1,172.26281996867706,73.43884523311718,0.35,5,98.82397473555987,26.845049932456163,16.35988630652804,10.485163625928124,199.1078699011332,0.8,185.1173769137738,179.23481699445261,0.55,integer optimal solution,184.02765004574547,172.9167266168068,11.110923428938655,0.4,integer optimal solution,3.2396483367786737,8.345299299999965,6804,1052,7.888359000000037,0.36276780000002873,0.9501138000000537,0.2864380999999412,6,0.0,2.842170943040401e-14,True
0.9,20,3,2,4,163.19504740064755,64.19709799378694,0.35,5,98.99794940686058,30.856419850402858,10.888564200880808,19.96785564952205,194.05146725105038,0.8,186.26321472639682,181.67181946298098,0.45,integer optimal solution,174.2060843829478,163.19504740064752,11.011036982300297,0.35,integer optimal solution,3.51359564442411,7.421619599999985,6500,1561,7.292062999999985,0.33486420000008366,0.8960839999999735,0.30463959999997314,6,2.842170943040401e-14,5.684341886080802e-14,True
0.9,20,3,2,7,181.72817609533425,78.00185108711578,0.4,5,103.72632500821848,24.9150987783286,17.263031950257556,7.652066828071042,206.64327487366285,0.8,199.5843218817272,196.5510713776299,0.7,integer optimal solution,190.64898655996416,181.72817609533428,8.920810464629874,0.4,integer optimal solution,3.1717245758419077,7.308190800000034,7096,1177,8.68336880000004,0.41843069999993077,0.9213134999999966,0.24139439999999013,6,0.0,2.842170943040401e-14,True
0.9,20,3,2,10,189.4994673156247,73.27240642901265,0.35,5,116.22706088661208,26.385736071989754,14.281763959389991,12.103972112599763,215.8852033876145,0.8,204.82276230763077,199.69914454183458,0.65,integer optimal solution,200.5613213728904,189.4994673156247,11.061854057265698,0.35,integer optimal solution,3.001704228675888,6.731845099999987,6304,1038,7.526429399999984,0.32628539999996065,0.8744676000000027,0.2657047999999804,6,0.0,0.0,True
0.9,20,3,2,13,171.36357033659027,95.54277719761579,0.5,4,75.8207931389745,29.84835783723838,14.908902932644594,14.939454904593788,201.21192817382865,0.8,196.52382146322154,179.74328718439864,0.5,integer optimal solution,182.75961760019487,171.36357033659027,11.396047263604597,0.5,integer optimal solution,2.7732637909788855,7.160512199999971,6268,1341,7.474803400000042,0.34204799999997704,0.7933060000000296,0.24194789999990007,5,2.842170943040401e-14,2.842170943040401e-14,True
0.9,20,3,2,16,182.85423426704634,62.609383268105546,0.35,5,120.2448509989408,32.211003742344076,10.637059923343116,21.57394381900096,215.06523800939044,0.8,209.18792080832515,194.30592276855842,0.35,integer optimal solution,191.99014314787317,182.85423426704637,9.135908880826815,0.35,integer optimal solution,2.559316899126698,5.81155590000003,6153,2688,7.644064500000013,0.3230316999998877,0.8505055999999058,0.46732520000000477,6,0.0,5.684341886080802e-14,True
0.9,20,3,2,19,143.1991235439775,59.65695758559257,0.35,5,83.54216595838493,20.168060639553943,11.266747735533812,8.90131290402013,163.36718418353144,0.8,152.72730386542696,149.23575421968405,0.5,integer optimal solution,153.76695716739926,143.1991235439775,10.567833623421748,0.35,integer optimal solution,3.2870855329596553,8.815520499999934,7510,1254,7.856803499999955,0.4190584000000399,1.0170775999999933,0.29872179999995296,6,0.0,0.0,True
0.9,20,3,2,22,173.7327050483632,74.55345096250628,0.4,5,99.17925408585693,20.0467909840159,13.50095425038353,6.54583673363237,193.7794960323791,0.8,183.27973861591818,181.13218015019174,0.6,integer optimal solution,183.88301400136612,173.7327050483632,10.150308953002941,0.4,integer optimal solution,2.9939100268968546,7.009110499999906,7775,1979,8.533379699999955,0.48980969999990975,0.9745374000000311,0.3475247000000081,6,0.0,2.842170943040401e-14,True
0.9,20,2,3,0,165.57255513379658,82.65919312644286,0.45,5,82.91336200735375,28.824591330659928,11.817300739761691,17.007290590898236,194.39714646445654,0.8,180.51178165772353,168.79457652579305,0.65,integer optimal solution,177.48878828402175,165.5725551337966,11.916233150225146,0.45,integer optimal solution,3.641348910432202,4.890970899999957,4303,711,7.3139216000000715,0.2294892999999547,0.574372500000095,0.21135160000005726,6,0.0,2.842170943040401e-14,True
0.9,20,2,3,3,186.0807245961029,109.8343637788921,0.55,4,76.24636081721079,11.493325481828066,5.297413785245851,6.195911696582215,197.57405007793096,0.8,189.1943625416824,187.48094658787542,0.7,integer optimal solution,194.5295230053724,186.08072459610287,8.448798409269507,0.55,integer optimal solution,2.939644808242297,4.42418710000004,4678,260,7.015429899999958,0.2244872999999643,0.4849801999999954,0.09738839999999982,5,2.842170943040401e-14,5.684341886080802e-14,True
0.9,20,2,3,6,169.43518923618103,95.0662179849931,0.5,4,74.3689712511879,28.355268862066822,15.391354040044689,12.963914822022133,197.79045809824783,0.8,183.3200326852691,172.70253542637585,0.5,integer optimal solution,178.0170769817632,169.435189236181,8.581887745582172,0.5,integer optimal solution,2.45736261513141,3.5657566999999517,4408,1542,7.663208000000054,0.24571070000001782,0.46416279999994003,0.2554883999999902,5,0.0,2.842170943040401e-14,True
0.9,20,2,3,9,178.3578655623728,81.87860254032077,0.4,5,96.47926302205204,29.498618267481277,7.645934336728573,21.852683930752704,207.85648382985408,0.8,190.45110946741426,183.43082473202793,0.4,integer optimal solution,185.75249408400552,178.3578655623728,7.394628521632721,0.4,integer optimal solution,2.3110940726822955,3.4835355000000163,3888,1764,6.7736406000000215,0.18619889999990846,0.5763511999999764,0.3675819999999703,6,2.842170943040401e-14,5.684341886080802e-14,True
0.9,20,2,3,12,189.65082623859524,88.22090456435164,0.45,5,101.42992167424362,41.93860147662619,23.483978923361605,18.454622553264585,231.58942771522146,0.8,220.16837750170282,202.62156447701585,0.45,integer optimal solution,203.77588110231227,189.65082623859524,14.125054863717029,0.45,integer optimal solution,3.8641868756966518,5.691817199999946,4998,2024,7.623247100000071,0.3013204000000087,0.6040554999999586,0.3330902000000151,6,2.842170943040401e-14,5.684341886080802e-14,True
0.9,20,2,3,15,171.28828787129828,111.71381694902972,0.6,4,59.57447092226857,14.087514616787928,9.318753609155948,4.76876100763198,185.3758024880862,0.8,178.1186880572398,175.32312592490186,0.75,integer optimal solution,178.59000462070784,172.87229074274984,5.717713877958019,0.65,integer optimal solution,3.3144055221952136,4.657146800000078,4575,1071,8.001813599999991,0.26373899999998685,0.4829017000000704,0.2205361000000039,5,0.0,2.842170943040401e-14,True
0.9,20,2,3,18,172.9043194304051,84.51873784552976,0.45,5,88.38558158487538,15.088892726929004,3.597293403031614,11.49159932389739,187.99321215733414,0.8,182.5296796159258,175.8934223353376,0.65,integer optimal solution,178.43354007372136,172.90431943040514,5.529220643316256,0.45,integer optimal solution,1.9986641416536386,3.0557750999998916,3618,338,6.114551600000027,0.14822010000000319,0.5367104999999128,0.1525314000000435,6,0.0,2.842170943040401e-14,True
0.9,20,2,3,21,178.75832216623434,98.99700468997108,0.55,4,79.76131747626327,7.85587599474394,1.1470142837374624,6.708861711006477,186.61419816097828,0.8,187.54262244175962,183.85247328583358,0.9,integer optimal solution,179.96539750794244,178.75832216623434,1.207075341708093,0.55,integer optimal solution,0.3872133368326104,1.305763899999988,4550,486,7.523942600000055,0.21770730000002914,0.4475974000000633,0.1349917000000005,5,0.0,2.842170943040401e-14,True
0.9,20,2,3,24,176.7573075728863,70.39277146175642,0.4,5,106.3645361111299,25.378590553673092,10.65621263746479,14.722377916208302,202.13589812655937,0.8,192.37852301667908,179.92065001271146,0.55,integer optimal solution,189.6975731084821,176.9240745552217,12.773498553260387,0.4,integer optimal solution,3.2711814745764185,4.789821800000027,4806,1395,7.620933100000002,0.2676881999999523,0.6171891999999843,0.2912694999999985,6,0.0,0.0,True
0.9,20,3,3,2,175.84758817201177,92.08798865305491,0.5,5,83.75959951895683,13.499667920967028,4.222887201444678,9.27678071952235,189.34725609297877,0.8,185.835427567234,183.32047752074152,0.9,integer optimal solution,183.0902827681242,175.84758817201174,7.24269459611247,0.5,integer optimal solution,2.5757761580484515,7.058324599999992,6489,308,8.772462100000098,0.3339548999999806,0.8808900000000222,0.13904060000004392,6,2.842170943040401e-14,2.842170943040401e-14,True
0.9,20,3,3,5,157.1375013292156,43.44721406777147,0.25,6,113.69028726144415,33.073924127307635,17.563239881862245,15.51068424544539,190.21142545652327,0.8,168.93854322966462,165.23895253201633,0.4,integer optimal solution,175.63702388097414,157.13750132921564,18.499522551758496,0.25,integer optimal solution,4.637672332945439,12.301886099999933,8037,2049,9.827465699999948,0.5009963999999627,1.1327115999999933,0.3921382999999423,7,0.0,2.842170943040401e-14,True
0.9,20,3,3,8,160.79162802537036,60.917983308124604,0.35,6,99.87364471724575,26.968023405172943,11.973844203934561,14.994179201238381,187.75965143054327,0.8,172.28608829384987,163.06916607168577,0.4,integer optimal solution,174.4339933616655,160.79162802537036,13.642365336295137,0.35,integer optimal solution,3.8801032679932654,9.25688009999999,6133,738,7.931784099999959,0.2917361999999457,1.033512099999939,0.24427640000010342,7,0.0,2.842170943040401e-14,True
0.9,20,3,3,11,167.88831459027034,44.080448690704344,0.25,6,123.807865899566,29.243062457675705,13.247358574448242,15.995703883227463,197.13137704794607,0.8,178.88546803172324,172.09311203659445,0.4,integer optimal solution,179.56941898653656,167.9627981566285,11.606620829908088,0.25,integer optimal solution,2.4578548728350813,6.7419419999999946,6785,1063,8.248190499999964,0.3474525999999969,1.0457224000000451,0.28654310000001715,7,0.0,2.842170943040401e-14,True
0.9,20,3,3,14,186.28044854164185,87.4633364228331,0.45,5,98.81711211880874,20.81807723653364,14.647881599652521,6.170195636881118,207.09852577817549,0.8,194.01820349169742,189.48758140176,0.45,integer optimal solution,198.60325545239053,186.28044854164182,12.322806910748714,0.45,integer optimal solution,2.5429501939339576,7.414026599999943,6895,1765,9.193950200000018,0.3733414000000721,0.9299742000000606,0.32940959999996267,6,0.0,5.684341886080802e-14,True
0.9,20,3,3,17,176.87022111973576,62.446597918300924,0.35,5,114.42362320143482,34.475849921339744,17.572892897526827,16.902957023812917,211.3460710410755,0.8,192.6790541934011,187.46431938765213,0.4,integer optimal solution,193.65701071173532,176.87022111973573,16.78678959199958,0.35,integer optimal solution,3.498560549486213,9.070417499999962,7037,1160,9.227052800000024,0.39816300000006777,0.8790840000000344,0.23634879999997338,6,0.0,2.842170943040401e-14,True
0.9,20,3,3,20,174.76773930646334,63.5192035509332,0.35,5,111.24853575553013,25.798900195878957,17.960232958373467,7.83866723750549,200.5666395023423,0.8,184.26062809672771,181.88180977555317,0.5,integer optimal solution,190.89383350341544,174.76773930646334,16.126094196952117,0.35,integer optimal solution,3.6439494257314298,8.841753999999924,6707,972,8.542303999999945,0.358811199999991,0.878297400000065,0.2608208999999988,6,0.0,2.842170943040401e-14,True
0.9,20,3,3,23,164.20964214127773,95.79740284992891,0.5,4,68.41223929134881,32.139415231429666,12.655788678092222,19.483626553337444,196.3490573727074,0.8,179.29481204398226,166.32859628176072,0.5,integer optimal solution,174.3424653136709,164.3242431665079,10.018222147163,0.5,integer optimal solution,2.4184429600968635,7.839236099999994,6463,1560,8.544332899999972,0.3696803999999929,0.8728203999999096,0.3212066999999479,5,2.842170943040401e-14,2.842170943040401e-14,True
