n,B,tw_width,tau,spatial_mode,supply_ratio,n_drivers,seed,n_edges,n_components,largest_component_fraction,median_component_size,n_singleton_components,component_sizes,dp_runtime_s,total_bundles_in_pool,status
30,2,120,10,dispersed,0.3,9,0,6,6,0.444444,1.0,5,4|1|1|1|1|1,0.254,1860,completed
30,2,120,10,dispersed,0.3,9,1,6,6,0.444444,1.0,5,4|1|1|1|1|1,0.3247,1860,completed
30,2,120,10,dispersed,0.3,9,2,6,6,0.444444,1.0,5,4|1|1|1|1|1,0.2362,1860,completed
30,2,120,10,dispersed,0.3,9,3,6,6,0.444444,1.0,5,4|1|1|1|1|1,0.2516,1860,completed
30,2,120,10,dispersed,0.3,9,4,6,6,0.444444,1.0,5,4|1|1|1|1|1,0.3636,1860,completed
30,2,120,10,dispersed,0.3,9,5,6,6,0.444444,1.0,5,4|1|1|1|1|1,0.2644,1860,completed
30,2,120,10,dispersed,0.3,9,6,6,6,0.444444,1.0,5,4|1|1|1|1|1,0.2401,1860,completed
30,2,120,10,dispersed,0.3,9,7,6,6,0.444444,1.0,5,4|1|1|1|1|1,0.2134,1860,completed
30,2,120,10,dispersed,0.3,9,8,6,6,0.444444,1.0,5,4|1|1|1|1|1,0.2313,1860,completed
30,2,120,10,dispersed,0.3,9,9,6,6,0.444444,1.0,5,4|1|1|1|1|1,0.2271,1860,completed
30,2,120,15,dispersed,0.3,9,0,6,6,0.444444,1.0,5,4|1|1|1|1|1,0.3171,1860,completed
30,2,120,15,dispersed,0.3,9,1,6,6,0.444444,1.0,5,4|1|1|1|1|1,0.3198,1860,completed
30,2,120,15,dispersed,0.3,9,2,6,6,0.444444,1.0,5,4|1|1|1|1|1,0.261,1860,completed
30,2,120,15,dispersed,0.3,9,3,6,6,0.444444,1.0,5,4|1|1|1|1|1,0.2625,1860,completed
30,2,120,15,dispersed,0.3,9,4,6,6,0.444444,1.0,5,4|1|1|1|1|1,0.2376,1860,completed
30,2,120,15,dispersed,0.3,9,5,6,6,0.444444,1.0,5,4|1|1|1|1|1,0.2744,1860,completed
30,2,120,15,dispersed,0.3,9,6,6,6,0.444444,1.0,5,4|1|1|1|1|1,0.2719,1860,completed
30,2,120,15,dispersed,0.3,9,7,6,6,0.444444,1.0,5,4|1|1|1|1|1,0.285,1860,completed
30,2,120,15,dispersed,0.3,9,8,6,6,0.444444,1.0,5,4|1|1|1|1|1,0.2592,1860,completed
30,2,120,15,dispersed,0.3,9,9,6,6,0.444444,1.0,5,4|1|1|1|1|1,0.2796,1860,completed
30,2,120,20,dispersed,0.3,9,0,10,5,0.555556,1.0,4,5|1|1|1|1,0.2654,1861,completed
30,2,120,20,dispersed,0.3,9,1,6,6,0.444444,1.0,5,4|1|1|1|1|1,0.2616,1860,completed
30,2,120,20,dispersed,0.3,9,2,10,5,0.555556,1.0,4,5|1|1|1|1,0.2401,1861,completed
30,2,120,20,dispersed,0.3,9,3,6,6,0.444444,1.0,5,4|1|1|1|1|1,0.2605,1860,completed
30,2,120,20,dispersed,0.3,9,4,6,6,0.444444,1.0,5,4|1|1|1|1|1,0.2622,1860,completed
30,2,120,20,dispersed,0.3,9,5,6,6,0.444444,1.0,5,4|1|1|1|1|1,0.2394,1860,completed
30,2,120,20,dispersed,0.3,9,6,6,6,0.444444,1.0,5,4|1|1|1|1|1,0.2752,1860,completed
30,2,120,20,dispersed,0.3,9,7,6,6,0.444444,1.0,5,4|1|1|1|1|1,0.2334,1860,completed
30,2,120,20,dispersed,0.3,9,8,6,6,0.444444,1.0,5,4|1|1|1|1|1,0.3125,1860,completed
30,2,120,20,dispersed,0.3,9,9,10,5,0.555556,1.0,4,5|1|1|1|1,0.2805,1861,completed
30,2,120,30,dispersed,0.3,9,0,10,5,0.555556,1.0,4,5|1|1|1|1,0.2244,1861,completed
30,2,120,30,dispersed,0.3,9,1,6,6,0.444444,1.0,5,4|1|1|1|1|1,0.2276,1860,completed
30,2,120,30,dispersed,0.3,9,2,6,6,0.444444,1.0,5,4|1|1|1|1|1,0.2665,1860,completed
30,2,120,30,dispersed,0.3,9,3,21,3,0.777778,1.0,2,7|1|1,0.2704,1864,completed
30,2,120,30,dispersed,0.3,9,4,6,6,0.444444,1.0,5,4|1|1|1|1|1,0.2993,1860,completed
30,2,120,30,dispersed,0.3,9,5,6,6,0.444444,1.0,5,4|1|1|1|1|1,0.2503,1860,completed
30,2,120,30,dispersed,0.3,9,6,6,6,0.444444,1.0,5,4|1|1|1|1|1,0.2523,1860,completed
30,2,120,30,dispersed,0.3,9,7,6,6,0.444444,1.0,5,4|1|1|1|1|1,0.2397,1860,completed
30,2,120,30,dispersed,0.3,9,8,6,6,0.444444,1.0,5,4|1|1|1|1|1,0.2512,1860,completed
30,2,120,30,dispersed,0.3,9,9,10,5,0.555556,1.0,4,5|1|1|1|1,0.2416,1861,completed
30,2,120,45,dispersed,0.3,9,0,34,1,1.0,9.0,0,9,0.2649,1871,completed
30,2,120,45,dispersed,0.3,9,1,10,5,0.555556,1.0,4,5|1|1|1|1,0.2636,1861,completed
30,2,120,45,dispersed,0.3,9,2,10,5,0.555556,1.0,4,5|1|1|1|1,0.2509,1862,completed
30,2,120,45,dispersed,0.3,9,3,10,5,0.555556,1.0,4,5|1|1|1|1,0.2808,1862,completed
30,2,120,45,dispersed,0.3,9,4,6,6,0.444444,1.0,5,4|1|1|1|1|1,0.3002,1860,completed
30,2,120,45,dispersed,0.3,9,5,6,6,0.444444,1.0,5,4|1|1|1|1|1,0.284,1860,completed
30,2,120,45,dispersed,0.3,9,6,6,6,0.444444,1.0,5,4|1|1|1|1|1,0.245,1860,completed
30,2,120,45,dispersed,0.3,9,7,10,5,0.555556,1.0,4,5|1|1|1|1,0.234,1862,completed
30,2,120,45,dispersed,0.3,9,8,6,6,0.444444,1.0,5,4|1|1|1|1|1,0.3349,1860,completed
30,2,120,45,dispersed,0.3,9,9,15,4,0.666667,1.0,3,6|1|1|1,0.2686,1862,completed
30,2,120,60,dispersed,0.3,9,0,15,4,0.666667,1.0,3,6|1|1|1,0.2522,1863,completed
30,2,120,60,dispersed,0.3,9,1,10,5,0.555556,1.0,4,5|1|1|1|1,0.2721,1861,completed
30,2,120,60,dispersed,0.3,9,2,6,6,0.444444,1.0,5,4|1|1|1|1|1,0.2516,1860,completed
30,2,120,60,dispersed,0.3,9,3,10,5,0.555556,1.0,4,5|1|1|1|1,0.2767,1861,completed
30,2,120,60,dispersed,0.3,9,4,15,4,0.666667,1.0,3,6|1|1|1,0.2493,1862,completed
30,2,120,60,dispersed,0.3,9,5,15,4,0.666667,1.0,3,6|1|1|1,0.2562,1862,completed
30,2,120,60,dispersed,0.3,9,6,27,2,0.888889,4.5,1,8|1,0.2413,1870,completed
30,2,120,60,dispersed,0.3,9,7,28,2,0.888889,4.5,1,8|1,0.2412,1866,completed
30,2,120,60,dispersed,0.3,9,8,28,2,0.888889,4.5,1,8|1,0.2912,1870,completed
30,2,120,60,dispersed,0.3,9,9,28,2,0.888889,4.5,1,8|1,0.2817,1868,completed
30,2,120,10,dispersed,0.6,18,0,36,10,0.5,1.0,9,9|1|1|1|1|1|1|1|1|1,0.5385,4185,completed
30,2,120,10,dispersed,0.6,18,1,36,10,0.5,1.0,9,9|1|1|1|1|1|1|1|1|1,0.5392,4185,completed
30,2,120,10,dispersed,0.6,18,2,36,10,0.5,1.0,9,9|1|1|1|1|1|1|1|1|1,0.5221,4185,completed
30,2,120,10,dispersed,0.6,18,3,36,10,0.5,1.0,9,9|1|1|1|1|1|1|1|1|1,0.5784,4185,completed
30,2,120,10,dispersed,0.6,18,4,36,10,0.5,1.0,9,9|1|1|1|1|1|1|1|1|1,0.5301,4185,completed
30,2,120,10,dispersed,0.6,18,5,36,10,0.5,1.0,9,9|1|1|1|1|1|1|1|1|1,0.5486,4185,completed
30,2,120,10,dispersed,0.6,18,6,36,10,0.5,1.0,9,9|1|1|1|1|1|1|1|1|1,0.5346,4185,completed
30,2,120,10,dispersed,0.6,18,7,36,10,0.5,1.0,9,9|1|1|1|1|1|1|1|1|1,0.6028,4185,completed
30,2,120,10,dispersed,0.6,18,8,36,10,0.5,1.0,9,9|1|1|1|1|1|1|1|1|1,0.531,4185,completed
30,2,120,10,dispersed,0.6,18,9,36,10,0.5,1.0,9,9|1|1|1|1|1|1|1|1|1,0.5376,4185,completed
30,2,120,15,dispersed,0.6,18,0,36,10,0.5,1.0,9,9|1|1|1|1|1|1|1|1|1,0.572,4185,completed
30,2,120,15,dispersed,0.6,18,1,36,10,0.5,1.0,9,9|1|1|1|1|1|1|1|1|1,0.5707,4185,completed
30,2,120,15,dispersed,0.6,18,2,36,10,0.5,1.0,9,9|1|1|1|1|1|1|1|1|1,0.601,4185,completed
30,2,120,15,dispersed,0.6,18,3,36,10,0.5,1.0,9,9|1|1|1|1|1|1|1|1|1,0.5702,4185,completed
30,2,120,15,dispersed,0.6,18,4,45,9,0.555556,1.0,8,10|1|1|1|1|1|1|1|1,0.6869,4186,completed
30,2,120,15,dispersed,0.6,18,5,36,10,0.5,1.0,9,9|1|1|1|1|1|1|1|1|1,0.6059,4185,completed
30,2,120,15,dispersed,0.6,18,6,36,10,0.5,1.0,9,9|1|1|1|1|1|1|1|1|1,0.5815,4185,completed
30,2,120,15,dispersed,0.6,18,7,36,10,0.5,1.0,9,9|1|1|1|1|1|1|1|1|1,0.5757,4185,completed
30,2,120,15,dispersed,0.6,18,8,36,10,0.5,1.0,9,9|1|1|1|1|1|1|1|1|1,0.5753,4185,completed
30,2,120,15,dispersed,0.6,18,9,36,10,0.5,1.0,9,9|1|1|1|1|1|1|1|1|1,0.5488,4185,completed
30,2,120,20,dispersed,0.6,18,0,36,10,0.5,1.0,9,9|1|1|1|1|1|1|1|1|1,0.5475,4185,completed
30,2,120,20,dispersed,0.6,18,1,36,10,0.5,1.0,9,9|1|1|1|1|1|1|1|1|1,0.5705,4185,completed
30,2,120,20,dispersed,0.6,18,2,36,10,0.5,1.0,9,9|1|1|1|1|1|1|1|1|1,0.5904,4185,completed
30,2,120,20,dispersed,0.6,18,3,36,10,0.5,1.0,9,9|1|1|1|1|1|1|1|1|1,0.575,4185,completed
30,2,120,20,dispersed,0.6,18,4,36,10,0.5,1.0,9,9|1|1|1|1|1|1|1|1|1,0.4846,4185,completed
30,2,120,20,dispersed,0.6,18,5,36,10,0.5,1.0,9,9|1|1|1|1|1|1|1|1|1,0.5402,4185,completed
30,2,120,20,dispersed,0.6,18,6,36,10,0.5,1.0,9,9|1|1|1|1|1|1|1|1|1,0.5392,4185,completed
30,2,120,20,dispersed,0.6,18,7,36,10,0.5,1.0,9,9|1|1|1|1|1|1|1|1|1,0.6579,4185,completed
30,2,120,20,dispersed,0.6,18,8,36,10,0.5,1.0,9,9|1|1|1|1|1|1|1|1|1,0.5599,4185,completed
30,2,120,20,dispersed,0.6,18,9,36,10,0.5,1.0,9,9|1|1|1|1|1|1|1|1|1,0.5682,4185,completed
30,2,120,30,dispersed,0.6,18,0,64,7,0.666667,1.0,6,12|1|1|1|1|1|1,0.6915,4188,completed
30,2,120,30,dispersed,0.6,18,1,45,9,0.555556,1.0,8,10|1|1|1|1|1|1|1|1,0.6864,4186,completed
30,2,120,30,dispersed,0.6,18,2,36,10,0.5,1.0,9,9|1|1|1|1|1|1|1|1|1,0.5698,4185,completed
30,2,120,30,dispersed,0.6,18,3,36,10,0.5,1.0,9,9|1|1|1|1|1|1|1|1|1,0.6416,4185,completed
30,2,120,30,dispersed,0.6,18,4,64,7,0.666667,1.0,6,12|1|1|1|1|1|1,0.5627,4188,completed
30,2,120,30,dispersed,0.6,18,5,36,10,0.5,1.0,9,9|1|1|1|1|1|1|1|1|1,0.5486,4185,completed
30,2,120,30,dispersed,0.6,18,6,36,10,0.5,1.0,9,9|1|1|1|1|1|1|1|1|1,0.6761,4185,completed
30,2,120,30,dispersed,0.6,18,7,36,10,0.5,1.0,9,9|1|1|1|1|1|1|1|1|1,0.5769,4185,completed
30,2,120,30,dispersed,0.6,18,8,74,6,0.722222,1.0,5,13|1|1|1|1|1,0.5811,4189,completed
30,2,120,30,dispersed,0.6,18,9,55,8,0.611111,1.0,7,11|1|1|1|1|1|1|1,0.6359,4187,completed
30,2,120,45,dispersed,0.6,18,0,55,8,0.611111,1.0,7,11|1|1|1|1|1|1|1,0.5475,4187,completed
30,2,120,45,dispersed,0.6,18,1,64,7,0.666667,1.0,6,12|1|1|1|1|1|1,0.548,4188,completed
30,2,120,45,dispersed,0.6,18,2,36,10,0.5,1.0,9,9|1|1|1|1|1|1|1|1|1,0.5018,4185,completed
30,2,120,45,dispersed,0.6,18,3,36,10,0.5,1.0,9,9|1|1|1|1|1|1|1|1|1,0.5207,4185,completed
30,2,120,45,dispersed,0.6,18,4,36,10,0.5,1.0,9,9|1|1|1|1|1|1|1|1|1,0.5809,4185,completed
30,2,120,45,dispersed,0.6,18,5,55,8,0.611111,1.0,7,11|1|1|1|1|1|1|1,0.4906,4187,completed
30,2,120,45,dispersed,0.6,18,6,36,10,0.5,1.0,9,9|1|1|1|1|1|1|1|1|1,0.5869,4185,completed
30,2,120,45,dispersed,0.6,18,7,36,10,0.5,1.0,9,9|1|1|1|1|1|1|1|1|1,0.5834,4185,completed
30,2,120,45,dispersed,0.6,18,8,45,9,0.555556,1.0,8,10|1|1|1|1|1|1|1|1,0.5992,4186,completed
30,2,120,45,dispersed,0.6,18,9,66,7,0.666667,1.0,6,12|1|1|1|1|1|1,0.6405,4188,completed
30,2,120,60,dispersed,0.6,18,0,104,3,0.888889,1.0,2,16|1|1,0.5293,4195,completed
30,2,120,60,dispersed,0.6,18,1,36,10,0.5,1.0,9,9|1|1|1|1|1|1|1|1|1,0.5994,4185,completed
30,2,120,60,dispersed,0.6,18,2,45,9,0.555556,1.0,8,10|1|1|1|1|1|1|1|1,0.5581,4186,completed
30,2,120,60,dispersed,0.6,18,3,36,10,0.5,1.0,9,9|1|1|1|1|1|1|1|1|1,0.6478,4185,completed
30,2,120,60,dispersed,0.6,18,4,45,9,0.555556,1.0,8,10|1|1|1|1|1|1|1|1,0.6207,4186,completed
30,2,120,60,dispersed,0.6,18,5,153,1,1.0,18.0,0,18,0.5596,4203,completed
30,2,120,60,dispersed,0.6,18,6,151,1,1.0,18.0,0,18,0.605,4201,completed
30,2,120,60,dispersed,0.6,18,7,66,7,0.666667,1.0,6,12|1|1|1|1|1|1,0.6012,4189,completed
30,2,120,60,dispersed,0.6,18,8,91,5,0.777778,1.0,4,14|1|1|1|1,0.5829,4190,completed
30,2,120,60,dispersed,0.6,18,9,55,8,0.611111,1.0,7,11|1|1|1|1|1|1|1,0.6181,4187,completed
30,2,120,10,dispersed,1.0,30,0,105,16,0.5,1.0,15,15|1|1|1|1|1|1|1|1|1|1|1|1|1|1|1,1.011,6975,completed
30,2,120,10,dispersed,1.0,30,1,105,16,0.5,1.0,15,15|1|1|1|1|1|1|1|1|1|1|1|1|1|1|1,0.9046,6975,completed
30,2,120,10,dispersed,1.0,30,2,105,16,0.5,1.0,15,15|1|1|1|1|1|1|1|1|1|1|1|1|1|1|1,1.0794,6975,completed
30,2,120,10,dispersed,1.0,30,3,105,16,0.5,1.0,15,15|1|1|1|1|1|1|1|1|1|1|1|1|1|1|1,0.9913,6975,completed
30,2,120,10,dispersed,1.0,30,4,105,16,0.5,1.0,15,15|1|1|1|1|1|1|1|1|1|1|1|1|1|1|1,0.9638,6975,completed
30,2,120,10,dispersed,1.0,30,5,105,16,0.5,1.0,15,15|1|1|1|1|1|1|1|1|1|1|1|1|1|1|1,1.0995,6975,completed
30,2,120,10,dispersed,1.0,30,6,105,16,0.5,1.0,15,15|1|1|1|1|1|1|1|1|1|1|1|1|1|1|1,0.991,6975,completed
30,2,120,10,dispersed,1.0,30,7,105,16,0.5,1.0,15,15|1|1|1|1|1|1|1|1|1|1|1|1|1|1|1,1.1061,6975,completed
30,2,120,10,dispersed,1.0,30,8,105,16,0.5,1.0,15,15|1|1|1|1|1|1|1|1|1|1|1|1|1|1|1,0.9931,6975,completed
30,2,120,10,dispersed,1.0,30,9,105,16,0.5,1.0,15,15|1|1|1|1|1|1|1|1|1|1|1|1|1|1|1,0.9705,6975,completed
30,2,120,15,dispersed,1.0,30,0,105,16,0.5,1.0,15,15|1|1|1|1|1|1|1|1|1|1|1|1|1|1|1,1.1146,6975,completed
30,2,120,15,dispersed,1.0,30,1,105,16,0.5,1.0,15,15|1|1|1|1|1|1|1|1|1|1|1|1|1|1|1,0.9507,6975,completed
30,2,120,15,dispersed,1.0,30,2,105,16,0.5,1.0,15,15|1|1|1|1|1|1|1|1|1|1|1|1|1|1|1,0.9941,6975,completed
30,2,120,15,dispersed,1.0,30,3,105,16,0.5,1.0,15,15|1|1|1|1|1|1|1|1|1|1|1|1|1|1|1,1.1223,6975,completed
30,2,120,15,dispersed,1.0,30,4,105,16,0.5,1.0,15,15|1|1|1|1|1|1|1|1|1|1|1|1|1|1|1,1.0376,6975,completed
30,2,120,15,dispersed,1.0,30,5,105,16,0.5,1.0,15,15|1|1|1|1|1|1|1|1|1|1|1|1|1|1|1,1.322,6975,completed
30,2,120,15,dispersed,1.0,30,6,105,16,0.5,1.0,15,15|1|1|1|1|1|1|1|1|1|1|1|1|1|1|1,1.0789,6975,completed
30,2,120,15,dispersed,1.0,30,7,105,16,0.5,1.0,15,15|1|1|1|1|1|1|1|1|1|1|1|1|1|1|1,1.1391,6975,completed
30,2,120,15,dispersed,1.0,30,8,105,16,0.5,1.0,15,15|1|1|1|1|1|1|1|1|1|1|1|1|1|1|1,0.9868,6975,completed
30,2,120,15,dispersed,1.0,30,9,105,16,0.5,1.0,15,15|1|1|1|1|1|1|1|1|1|1|1|1|1|1|1,1.0116,6975,completed
30,2,120,20,dispersed,1.0,30,0,120,15,0.533333,1.0,14,16|1|1|1|1|1|1|1|1|1|1|1|1|1|1,1.0142,6976,completed
30,2,120,20,dispersed,1.0,30,1,135,14,0.566667,1.0,13,17|1|1|1|1|1|1|1|1|1|1|1|1|1,1.0328,6977,completed
30,2,120,20,dispersed,1.0,30,2,105,16,0.5,1.0,15,15|1|1|1|1|1|1|1|1|1|1|1|1|1|1|1,0.8961,6975,completed
30,2,120,20,dispersed,1.0,30,3,105,16,0.5,1.0,15,15|1|1|1|1|1|1|1|1|1|1|1|1|1|1|1,1.0379,6975,completed
30,2,120,20,dispersed,1.0,30,4,186,11,0.666667,1.0,10,20|1|1|1|1|1|1|1|1|1|1,0.9754,6980,completed
30,2,120,20,dispersed,1.0,30,5,105,16,0.5,1.0,15,15|1|1|1|1|1|1|1|1|1|1|1|1|1|1|1,1.0044,6975,completed
30,2,120,20,dispersed,1.0,30,6,105,16,0.5,1.0,15,15|1|1|1|1|1|1|1|1|1|1|1|1|1|1|1,1.1157,6975,completed
30,2,120,20,dispersed,1.0,30,7,105,16,0.5,1.0,15,15|1|1|1|1|1|1|1|1|1|1|1|1|1|1|1,0.9608,6975,completed
30,2,120,20,dispersed,1.0,30,8,120,15,0.533333,1.0,14,16|1|1|1|1|1|1|1|1|1|1|1|1|1|1,0.98,6976,completed
30,2,120,20,dispersed,1.0,30,9,120,15,0.533333,1.0,14,16|1|1|1|1|1|1|1|1|1|1|1|1|1|1,0.9213,6976,completed
30,2,120,30,dispersed,1.0,30,0,105,16,0.5,1.0,15,15|1|1|1|1|1|1|1|1|1|1|1|1|1|1|1,0.9565,6975,completed
30,2,120,30,dispersed,1.0,30,1,120,15,0.533333,1.0,14,16|1|1|1|1|1|1|1|1|1|1|1|1|1|1,0.941,6976,completed
30,2,120,30,dispersed,1.0,30,2,120,15,0.533333,1.0,14,16|1|1|1|1|1|1|1|1|1|1|1|1|1|1,1.0656,6976,completed
30,2,120,30,dispersed,1.0,30,3,105,16,0.5,1.0,15,15|1|1|1|1|1|1|1|1|1|1|1|1|1|1|1,1.064,6975,completed
30,2,120,30,dispersed,1.0,30,4,105,16,0.5,1.0,15,15|1|1|1|1|1|1|1|1|1|1|1|1|1|1|1,1.0415,6975,completed
30,2,120,30,dispersed,1.0,30,5,105,16,0.5,1.0,15,15|1|1|1|1|1|1|1|1|1|1|1|1|1|1|1,1.0097,6975,completed
30,2,120,30,dispersed,1.0,30,6,120,15,0.533333,1.0,14,16|1|1|1|1|1|1|1|1|1|1|1|1|1|1,1.0014,6976,completed
30,2,120,30,dispersed,1.0,30,7,151,13,0.6,1.0,12,18|1|1|1|1|1|1|1|1|1|1|1|1,0.9562,6978,completed
30,2,120,30,dispersed,1.0,30,8,105,16,0.5,1.0,15,15|1|1|1|1|1|1|1|1|1|1|1|1|1|1|1,1.0815,6975,completed
30,2,120,30,dispersed,1.0,30,9,105,16,0.5,1.0,15,15|1|1|1|1|1|1|1|1|1|1|1|1|1|1|1,1.0272,6975,completed
30,2,120,45,dispersed,1.0,30,0,120,15,0.533333,1.0,14,16|1|1|1|1|1|1|1|1|1|1|1|1|1|1,1.1628,6976,completed
30,2,120,45,dispersed,1.0,30,1,105,16,0.5,1.0,15,15|1|1|1|1|1|1|1|1|1|1|1|1|1|1|1,1.0962,6975,completed
30,2,120,45,dispersed,1.0,30,2,135,14,0.566667,1.0,13,17|1|1|1|1|1|1|1|1|1|1|1|1|1,1.0682,6977,completed
30,2,120,45,dispersed,1.0,30,3,105,16,0.5,1.0,15,15|1|1|1|1|1|1|1|1|1|1|1|1|1|1|1,0.9998,6975,completed
30,2,120,45,dispersed,1.0,30,4,135,14,0.566667,1.0,13,17|1|1|1|1|1|1|1|1|1|1|1|1|1,0.9993,6977,completed
30,2,120,45,dispersed,1.0,30,5,105,16,0.5,1.0,15,15|1|1|1|1|1|1|1|1|1|1|1|1|1|1|1,1.2262,6975,completed
30,2,120,45,dispersed,1.0,30,6,120,15,0.533333,1.0,14,16|1|1|1|1|1|1|1|1|1|1|1|1|1|1,0.991,6976,completed
30,2,120,45,dispersed,1.0,30,7,171,12,0.633333,1.0,11,19|1|1|1|1|1|1|1|1|1|1|1,1.0267,6979,completed
30,2,120,45,dispersed,1.0,30,8,231,9,0.733333,1.0,8,22|1|1|1|1|1|1|1|1,0.9176,6987,completed
30,2,120,45,dispersed,1.0,30,9,188,11,0.666667,1.0,10,20|1|1|1|1|1|1|1|1|1|1,1.0322,6985,completed
30,2,120,60,dispersed,1.0,30,0,120,15,0.533333,1.0,14,16|1|1|1|1|1|1|1|1|1|1|1|1|1|1,1.0854,6976,completed
30,2,120,60,dispersed,1.0,30,1,190,11,0.666667,1.0,10,20|1|1|1|1|1|1|1|1|1|1,0.9618,6982,completed
30,2,120,60,dispersed,1.0,30,2,378,3,0.933333,1.0,2,28|1|1,1.0371,6992,completed
30,2,120,60,dispersed,1.0,30,3,210,10,0.7,1.0,9,21|1|1|1|1|1|1|1|1|1,1.0299,6981,completed
30,2,120,60,dispersed,1.0,30,4,321,5,0.866667,1.0,4,26|1|1|1|1,1.0261,6998,completed
30,2,120,60,dispersed,1.0,30,5,232,8,0.766667,1.0,7,23|1|1|1|1|1|1|1,1.0254,6983,completed
30,2,120,60,dispersed,1.0,30,6,268,7,0.8,1.0,6,24|1|1|1|1|1|1,0.9191,6984,completed
30,2,120,60,dispersed,1.0,30,7,378,3,0.933333,1.0,2,28|1|1,1.0801,7007,completed
30,2,120,60,dispersed,1.0,30,8,342,4,0.9,1.0,3,27|1|1|1,0.9426,6998,completed
30,2,120,60,dispersed,1.0,30,9,239,8,0.766667,1.0,7,23|1|1|1|1|1|1|1,1.1642,6987,completed
30,2,120,10,clustered,0.3,9,0,6,6,0.444444,1.0,5,4|1|1|1|1|1,0.288,1860,completed
30,2,120,10,clustered,0.3,9,1,6,6,0.444444,1.0,5,4|1|1|1|1|1,0.2833,1860,completed
30,2,120,10,clustered,0.3,9,2,6,6,0.444444,1.0,5,4|1|1|1|1|1,0.3095,1860,completed
30,2,120,10,clustered,0.3,9,3,6,6,0.444444,1.0,5,4|1|1|1|1|1,0.2615,1860,completed
30,2,120,10,clustered,0.3,9,4,6,6,0.444444,1.0,5,4|1|1|1|1|1,0.2888,1860,completed
30,2,120,10,clustered,0.3,9,5,6,6,0.444444,1.0,5,4|1|1|1|1|1,0.2814,1860,completed
30,2,120,10,clustered,0.3,9,6,6,6,0.444444,1.0,5,4|1|1|1|1|1,0.2796,1860,completed
30,2,120,10,clustered,0.3,9,7,6,6,0.444444,1.0,5,4|1|1|1|1|1,0.3104,1860,completed
30,2,120,10,clustered,0.3,9,8,6,6,0.444444,1.0,5,4|1|1|1|1|1,0.29,1860,completed
30,2,120,10,clustered,0.3,9,9,6,6,0.444444,1.0,5,4|1|1|1|1|1,0.2866,1860,completed
30,2,120,15,clustered,0.3,9,0,6,6,0.444444,1.0,5,4|1|1|1|1|1,0.2985,1860,completed
30,2,120,15,clustered,0.3,9,1,6,6,0.444444,1.0,5,4|1|1|1|1|1,0.316,1860,completed
30,2,120,15,clustered,0.3,9,2,6,6,0.444444,1.0,5,4|1|1|1|1|1,0.2892,1860,completed
30,2,120,15,clustered,0.3,9,3,6,6,0.444444,1.0,5,4|1|1|1|1|1,0.3002,1860,completed
30,2,120,15,clustered,0.3,9,4,6,6,0.444444,1.0,5,4|1|1|1|1|1,0.2955,1860,completed
30,2,120,15,clustered,0.3,9,5,6,6,0.444444,1.0,5,4|1|1|1|1|1,0.2877,1860,completed
30,2,120,15,clustered,0.3,9,6,6,6,0.444444,1.0,5,4|1|1|1|1|1,0.3014,1860,completed
30,2,120,15,clustered,0.3,9,7,6,6,0.444444,1.0,5,4|1|1|1|1|1,0.3026,1860,completed
30,2,120,15,clustered,0.3,9,8,6,6,0.444444,1.0,5,4|1|1|1|1|1,0.3293,1860,completed
30,2,120,15,clustered,0.3,9,9,6,6,0.444444,1.0,5,4|1|1|1|1|1,0.3,1860,completed
30,2,120,20,clustered,0.3,9,0,6,6,0.444444,1.0,5,4|1|1|1|1|1,0.3307,1860,completed
30,2,120,20,clustered,0.3,9,1,6,6,0.444444,1.0,5,4|1|1|1|1|1,0.3499,1860,completed
30,2,120,20,clustered,0.3,9,2,6,6,0.444444,1.0,5,4|1|1|1|1|1,0.2921,1860,completed
30,2,120,20,clustered,0.3,9,3,6,6,0.444444,1.0,5,4|1|1|1|1|1,0.284,1860,completed
30,2,120,20,clustered,0.3,9,4,6,6,0.444444,1.0,5,4|1|1|1|1|1,0.3085,1860,completed
30,2,120,20,clustered,0.3,9,5,6,6,0.444444,1.0,5,4|1|1|1|1|1,0.2864,1860,completed
30,2,120,20,clustered,0.3,9,6,6,6,0.444444,1.0,5,4|1|1|1|1|1,0.3338,1860,completed
30,2,120,20,clustered,0.3,9,7,6,6,0.444444,1.0,5,4|1|1|1|1|1,0.2822,1860,completed
30,2,120,20,clustered,0.3,9,8,6,6,0.444444,1.0,5,4|1|1|1|1|1,0.2496,1860,completed
30,2,120,20,clustered,0.3,9,9,6,6,0.444444,1.0,5,4|1|1|1|1|1,0.2888,1860,completed
30,2,120,30,clustered,0.3,9,0,6,6,0.444444,1.0,5,4|1|1|1|1|1,0.2602,1860,completed
30,2,120,30,clustered,0.3,9,1,6,6,0.444444,1.0,5,4|1|1|1|1|1,0.268,1860,completed
30,2,120,30,clustered,0.3,9,2,10,5,0.555556,1.0,4,5|1|1|1|1,0.4053,1861,completed
30,2,120,30,clustered,0.3,9,3,6,6,0.444444,1.0,5,4|1|1|1|1|1,0.3072,1860,completed
30,2,120,30,clustered,0.3,9,4,21,3,0.777778,1.0,2,7|1|1,0.2915,1864,completed
30,2,120,30,clustered,0.3,9,5,6,6,0.444444,1.0,5,4|1|1|1|1|1,0.2886,1860,completed
30,2,120,30,clustered,0.3,9,6,6,6,0.444444,1.0,5,4|1|1|1|1|1,0.2802,1860,completed
30,2,120,30,clustered,0.3,9,7,6,6,0.444444,1.0,5,4|1|1|1|1|1,0.2974,1860,completed
30,2,120,30,clustered,0.3,9,8,15,4,0.666667,1.0,3,6|1|1|1,0.3096,1862,completed
30,2,120,30,clustered,0.3,9,9,6,6,0.444444,1.0,5,4|1|1|1|1|1,0.3028,1860,completed
30,2,120,45,clustered,0.3,9,0,10,5,0.555556,1.0,4,5|1|1|1|1,0.2735,1861,completed
30,2,120,45,clustered,0.3,9,1,10,5,0.555556,1.0,4,5|1|1|1|1,0.2942,1861,completed
30,2,120,45,clustered,0.3,9,2,15,4,0.666667,1.0,3,6|1|1|1,0.2958,1862,completed
30,2,120,45,clustered,0.3,9,3,10,5,0.555556,1.0,4,5|1|1|1|1,0.2832,1861,completed
30,2,120,45,clustered,0.3,9,4,6,6,0.444444,1.0,5,4|1|1|1|1|1,0.3,1860,completed
30,2,120,45,clustered,0.3,9,5,6,6,0.444444,1.0,5,4|1|1|1|1|1,0.3037,1860,completed
30,2,120,45,clustered,0.3,9,6,10,5,0.555556,1.0,4,5|1|1|1|1,0.3085,1861,completed
30,2,120,45,clustered,0.3,9,7,10,5,0.555556,1.0,4,5|1|1|1|1,0.3014,1861,completed
30,2,120,45,clustered,0.3,9,8,6,6,0.444444,1.0,5,4|1|1|1|1|1,0.3178,1860,completed
30,2,120,45,clustered,0.3,9,9,6,6,0.444444,1.0,5,4|1|1|1|1|1,0.3452,1860,completed
30,2,120,60,clustered,0.3,9,0,15,4,0.666667,1.0,3,6|1|1|1,0.25,1862,completed
30,2,120,60,clustered,0.3,9,1,6,6,0.444444,1.0,5,4|1|1|1|1|1,0.2899,1860,completed
30,2,120,60,clustered,0.3,9,2,15,4,0.666667,1.0,3,6|1|1|1,0.2747,1863,completed
30,2,120,60,clustered,0.3,9,3,6,6,0.444444,1.0,5,4|1|1|1|1|1,0.2658,1860,completed
30,2,120,60,clustered,0.3,9,4,15,4,0.666667,1.0,3,6|1|1|1,0.2851,1862,completed
30,2,120,60,clustered,0.3,9,5,19,3,0.777778,1.0,2,7|1|1,0.2764,1864,completed
30,2,120,60,clustered,0.3,9,6,6,6,0.444444,1.0,5,4|1|1|1|1|1,0.2675,1860,completed
30,2,120,60,clustered,0.3,9,7,15,4,0.666667,1.0,3,6|1|1|1,0.2918,1864,completed
30,2,120,60,clustered,0.3,9,8,15,4,0.666667,1.0,3,6|1|1|1,0.2864,1862,completed
30,2,120,60,clustered,0.3,9,9,26,2,0.888889,4.5,1,8|1,0.2896,1867,completed
30,2,120,10,clustered,0.6,18,0,36,10,0.5,1.0,9,9|1|1|1|1|1|1|1|1|1,0.6422,4185,completed
30,2,120,10,clustered,0.6,18,1,36,10,0.5,1.0,9,9|1|1|1|1|1|1|1|1|1,0.6369,4185,completed
30,2,120,10,clustered,0.6,18,2,36,10,0.5,1.0,9,9|1|1|1|1|1|1|1|1|1,0.6,4185,completed
30,2,120,10,clustered,0.6,18,3,36,10,0.5,1.0,9,9|1|1|1|1|1|1|1|1|1,0.6694,4185,completed
30,2,120,10,clustered,0.6,18,4,36,10,0.5,1.0,9,9|1|1|1|1|1|1|1|1|1,0.611,4185,completed
30,2,120,10,clustered,0.6,18,5,36,10,0.5,1.0,9,9|1|1|1|1|1|1|1|1|1,0.5728,4185,completed
30,2,120,10,clustered,0.6,18,6,36,10,0.5,1.0,9,9|1|1|1|1|1|1|1|1|1,0.5791,4185,completed
30,2,120,10,clustered,0.6,18,7,36,10,0.5,1.0,9,9|1|1|1|1|1|1|1|1|1,0.56,4185,completed
30,2,120,10,clustered,0.6,18,8,36,10,0.5,1.0,9,9|1|1|1|1|1|1|1|1|1,0.572,4185,completed
30,2,120,10,clustered,0.6,18,9,36,10,0.5,1.0,9,9|1|1|1|1|1|1|1|1|1,0.5984,4185,completed
30,2,120,15,clustered,0.6,18,0,36,10,0.5,1.0,9,9|1|1|1|1|1|1|1|1|1,0.6258,4185,completed
30,2,120,15,clustered,0.6,18,1,36,10,0.5,1.0,9,9|1|1|1|1|1|1|1|1|1,0.6716,4185,completed
30,2,120,15,clustered,0.6,18,2,45,9,0.555556,1.0,8,10|1|1|1|1|1|1|1|1,0.6845,4186,completed
30,2,120,15,clustered,0.6,18,3,36,10,0.5,1.0,9,9|1|1|1|1|1|1|1|1|1,0.5539,4185,completed
30,2,120,15,clustered,0.6,18,4,36,10,0.5,1.0,9,9|1|1|1|1|1|1|1|1|1,0.6267,4185,completed
30,2,120,15,clustered,0.6,18,5,36,10,0.5,1.0,9,9|1|1|1|1|1|1|1|1|1,0.5776,4185,completed
30,2,120,15,clustered,0.6,18,6,36,10,0.5,1.0,9,9|1|1|1|1|1|1|1|1|1,0.5787,4185,completed
30,2,120,15,clustered,0.6,18,7,36,10,0.5,1.0,9,9|1|1|1|1|1|1|1|1|1,0.6232,4185,completed
30,2,120,15,clustered,0.6,18,8,45,9,0.555556,1.0,8,10|1|1|1|1|1|1|1|1,0.5597,4186,completed
30,2,120,15,clustered,0.6,18,9,36,10,0.5,1.0,9,9|1|1|1|1|1|1|1|1|1,0.6336,4185,completed
30,2,120,20,clustered,0.6,18,0,36,10,0.5,1.0,9,9|1|1|1|1|1|1|1|1|1,0.6314,4185,completed
30,2,120,20,clustered,0.6,18,1,66,7,0.666667,1.0,6,12|1|1|1|1|1|1,0.6422,4188,completed
30,2,120,20,clustered,0.6,18,2,36,10,0.5,1.0,9,9|1|1|1|1|1|1|1|1|1,0.6035,4185,completed
30,2,120,20,clustered,0.6,18,3,36,10,0.5,1.0,9,9|1|1|1|1|1|1|1|1|1,0.5502,4185,completed
30,2,120,20,clustered,0.6,18,4,36,10,0.5,1.0,9,9|1|1|1|1|1|1|1|1|1,0.5757,4185,completed
30,2,120,20,clustered,0.6,18,5,36,10,0.5,1.0,9,9|1|1|1|1|1|1|1|1|1,0.595,4185,completed
30,2,120,20,clustered,0.6,18,6,36,10,0.5,1.0,9,9|1|1|1|1|1|1|1|1|1,0.7186,4185,completed
30,2,120,20,clustered,0.6,18,7,36,10,0.5,1.0,9,9|1|1|1|1|1|1|1|1|1,0.6968,4185,completed
30,2,120,20,clustered,0.6,18,8,55,8,0.611111,1.0,7,11|1|1|1|1|1|1|1,0.6245,4187,completed
30,2,120,20,clustered,0.6,18,9,36,10,0.5,1.0,9,9|1|1|1|1|1|1|1|1|1,0.5818,4185,completed
30,2,120,30,clustered,0.6,18,0,36,10,0.5,1.0,9,9|1|1|1|1|1|1|1|1|1,0.6279,4185,completed
30,2,120,30,clustered,0.6,18,1,36,10,0.5,1.0,9,9|1|1|1|1|1|1|1|1|1,0.5737,4185,completed
30,2,120,30,clustered,0.6,18,2,36,10,0.5,1.0,9,9|1|1|1|1|1|1|1|1|1,0.5463,4185,completed
30,2,120,30,clustered,0.6,18,3,65,7,0.666667,1.0,6,12|1|1|1|1|1|1,0.5956,4192,completed
30,2,120,30,clustered,0.6,18,4,45,9,0.555556,1.0,8,10|1|1|1|1|1|1|1|1,0.6729,4186,completed
30,2,120,30,clustered,0.6,18,5,55,8,0.611111,1.0,7,11|1|1|1|1|1|1|1,0.5965,4190,completed
30,2,120,30,clustered,0.6,18,6,36,10,0.5,1.0,9,9|1|1|1|1|1|1|1|1|1,0.5908,4185,completed
30,2,120,30,clustered,0.6,18,7,45,9,0.555556,1.0,8,10|1|1|1|1|1|1|1|1,0.5755,4186,completed
30,2,120,30,clustered,0.6,18,8,36,10,0.5,1.0,9,9|1|1|1|1|1|1|1|1|1,0.5858,4185,completed
30,2,120,30,clustered,0.6,18,9,64,7,0.666667,1.0,6,12|1|1|1|1|1|1,0.5606,4188,completed
30,2,120,45,clustered,0.6,18,0,36,10,0.5,1.0,9,9|1|1|1|1|1|1|1|1|1,0.5712,4185,completed
30,2,120,45,clustered,0.6,18,1,105,4,0.833333,1.0,3,15|1|1|1,0.586,4192,completed
30,2,120,45,clustered,0.6,18,2,45,9,0.555556,1.0,8,10|1|1|1|1|1|1|1|1,0.559,4186,completed
30,2,120,45,clustered,0.6,18,3,45,9,0.555556,1.0,8,10|1|1|1|1|1|1|1|1,0.575,4187,completed
30,2,120,45,clustered,0.6,18,4,36,10,0.5,1.0,9,9|1|1|1|1|1|1|1|1|1,0.5823,4185,completed
30,2,120,45,clustered,0.6,18,5,36,10,0.5,1.0,9,9|1|1|1|1|1|1|1|1|1,0.6084,4185,completed
30,2,120,45,clustered,0.6,18,6,104,4,0.833333,1.0,3,15|1|1|1,0.6212,4195,completed
30,2,120,45,clustered,0.6,18,7,36,10,0.5,1.0,9,9|1|1|1|1|1|1|1|1|1,0.6341,4185,completed
30,2,120,45,clustered,0.6,18,8,102,4,0.833333,1.0,3,15|1|1|1,0.5346,4194,completed
30,2,120,45,clustered,0.6,18,9,55,8,0.611111,1.0,7,11|1|1|1|1|1|1|1,0.6069,4187,completed
30,2,120,60,clustered,0.6,18,0,91,5,0.777778,1.0,4,14|1|1|1|1,0.6377,4190,completed
30,2,120,60,clustered,0.6,18,1,78,6,0.722222,1.0,5,13|1|1|1|1|1,0.5957,4191,completed
30,2,120,60,clustered,0.6,18,2,115,3,0.888889,1.0,2,16|1|1,0.6457,4201,completed
30,2,120,60,clustered,0.6,18,3,88,5,0.777778,1.0,4,14|1|1|1|1,0.6428,4199,completed
30,2,120,60,clustered,0.6,18,4,75,6,0.722222,1.0,5,13|1|1|1|1|1,0.6475,4190,completed
30,2,120,60,clustered,0.6,18,5,91,5,0.777778,1.0,4,14|1|1|1|1,0.6019,4193,completed
30,2,120,60,clustered,0.6,18,6,74,6,0.722222,1.0,5,13|1|1|1|1|1,0.6453,4190,completed
30,2,120,60,clustered,0.6,18,7,105,4,0.833333,1.0,3,15|1|1|1,0.5882,4196,completed
30,2,120,60,clustered,0.6,18,8,120,3,0.888889,1.0,2,16|1|1,0.7279,4198,completed
30,2,120,60,clustered,0.6,18,9,120,3,0.888889,1.0,2,16|1|1,0.603,4194,completed
30,2,120,10,clustered,1.0,30,0,105,16,0.5,1.0,15,15|1|1|1|1|1|1|1|1|1|1|1|1|1|1|1,1.0559,6975,completed
30,2,120,10,clustered,1.0,30,1,105,16,0.5,1.0,15,15|1|1|1|1|1|1|1|1|1|1|1|1|1|1|1,0.994,6975,completed
30,2,120,10,clustered,1.0,30,2,105,16,0.5,1.0,15,15|1|1|1|1|1|1|1|1|1|1|1|1|1|1|1,1.0233,6975,completed
30,2,120,10,clustered,1.0,30,3,105,16,0.5,1.0,15,15|1|1|1|1|1|1|1|1|1|1|1|1|1|1|1,1.0108,6975,completed
30,2,120,10,clustered,1.0,30,4,105,16,0.5,1.0,15,15|1|1|1|1|1|1|1|1|1|1|1|1|1|1|1,0.9705,6975,completed
30,2,120,10,clustered,1.0,30,5,105,16,0.5,1.0,15,15|1|1|1|1|1|1|1|1|1|1|1|1|1|1|1,0.9634,6975,completed
30,2,120,10,clustered,1.0,30,6,105,16,0.5,1.0,15,15|1|1|1|1|1|1|1|1|1|1|1|1|1|1|1,1.0903,6975,completed
30,2,120,10,clustered,1.0,30,7,105,16,0.5,1.0,15,15|1|1|1|1|1|1|1|1|1|1|1|1|1|1|1,1.1212,6975,completed
30,2,120,10,clustered,1.0,30,8,105,16,0.5,1.0,15,15|1|1|1|1|1|1|1|1|1|1|1|1|1|1|1,1.1096,6975,completed
30,2,120,10,clustered,1.0,30,9,105,16,0.5,1.0,15,15|1|1|1|1|1|1|1|1|1|1|1|1|1|1|1,1.0389,6975,completed
30,2,120,15,clustered,1.0,30,0,105,16,0.5,1.0,15,15|1|1|1|1|1|1|1|1|1|1|1|1|1|1|1,1.064,6975,completed
30,2,120,15,clustered,1.0,30,1,105,16,0.5,1.0,15,15|1|1|1|1|1|1|1|1|1|1|1|1|1|1|1,0.9591,6975,completed
30,2,120,15,clustered,1.0,30,2,105,16,0.5,1.0,15,15|1|1|1|1|1|1|1|1|1|1|1|1|1|1|1,0.9726,6975,completed
30,2,120,15,clustered,1.0,30,3,105,16,0.5,1.0,15,15|1|1|1|1|1|1|1|1|1|1|1|1|1|1|1,1.0436,6975,completed
30,2,120,15,clustered,1.0,30,4,135,14,0.566667,1.0,13,17|1|1|1|1|1|1|1|1|1|1|1|1|1,1.0339,6977,completed
30,2,120,15,clustered,1.0,30,5,105,16,0.5,1.0,15,15|1|1|1|1|1|1|1|1|1|1|1|1|1|1|1,1.0046,6975,completed
30,2,120,15,clustered,1.0,30,6,105,16,0.5,1.0,15,15|1|1|1|1|1|1|1|1|1|1|1|1|1|1|1,0.9237,6975,completed
30,2,120,15,clustered,1.0,30,7,105,16,0.5,1.0,15,15|1|1|1|1|1|1|1|1|1|1|1|1|1|1|1,1.089,6975,completed
30,2,120,15,clustered,1.0,30,8,105,16,0.5,1.0,15,15|1|1|1|1|1|1|1|1|1|1|1|1|1|1|1,0.9961,6975,completed
30,2,120,15,clustered,1.0,30,9,105,16,0.5,1.0,15,15|1|1|1|1|1|1|1|1|1|1|1|1|1|1|1,1.0889,6975,completed
30,2,120,20,clustered,1.0,30,0,120,15,0.533333,1.0,14,16|1|1|1|1|1|1|1|1|1|1|1|1|1|1,0.9339,6976,completed
30,2,120,20,clustered,1.0,30,1,105,16,0.5,1.0,15,15|1|1|1|1|1|1|1|1|1|1|1|1|1|1|1,1.0129,6975,completed
30,2,120,20,clustered,1.0,30,2,105,16,0.5,1.0,15,15|1|1|1|1|1|1|1|1|1|1|1|1|1|1|1,0.9989,6975,completed
30,2,120,20,clustered,1.0,30,3,105,16,0.5,1.0,15,15|1|1|1|1|1|1|1|1|1|1|1|1|1|1|1,0.9275,6975,completed
30,2,120,20,clustered,1.0,30,4,120,15,0.533333,1.0,14,16|1|1|1|1|1|1|1|1|1|1|1|1|1|1,1.0043,6976,completed
30,2,120,20,clustered,1.0,30,5,105,16,0.5,1.0,15,15|1|1|1|1|1|1|1|1|1|1|1|1|1|1|1,1.0791,6975,completed
30,2,120,20,clustered,1.0,30,6,136,14,0.566667,1.0,13,17|1|1|1|1|1|1|1|1|1|1|1|1|1,1.088,6977,completed
30,2,120,20,clustered,1.0,30,7,105,16,0.5,1.0,15,15|1|1|1|1|1|1|1|1|1|1|1|1|1|1|1,1.0213,6975,completed
30,2,120,20,clustered,1.0,30,8,136,14,0.566667,1.0,13,17|1|1|1|1|1|1|1|1|1|1|1|1|1,0.9642,6978,completed
30,2,120,20,clustered,1.0,30,9,105,16,0.5,1.0,15,15|1|1|1|1|1|1|1|1|1|1|1|1|1|1|1,0.9844,6975,completed
30,2,120,30,clustered,1.0,30,0,120,15,0.533333,1.0,14,16|1|1|1|1|1|1|1|1|1|1|1|1|1|1,1.0273,6976,completed
30,2,120,30,clustered,1.0,30,1,171,12,0.633333,1.0,11,19|1|1|1|1|1|1|1|1|1|1|1,0.9787,6979,completed
30,2,120,30,clustered,1.0,30,2,136,14,0.566667,1.0,13,17|1|1|1|1|1|1|1|1|1|1|1|1|1,0.9316,6977,completed
30,2,120,30,clustered,1.0,30,3,105,16,0.5,1.0,15,15|1|1|1|1|1|1|1|1|1|1|1|1|1|1|1,0.9946,6975,completed
30,2,120,30,clustered,1.0,30,4,184,11,0.666667,1.0,10,20|1|1|1|1|1|1|1|1|1|1,0.9541,6980,completed
30,2,120,30,clustered,1.0,30,5,105,16,0.5,1.0,15,15|1|1|1|1|1|1|1|1|1|1|1|1|1|1|1,1.0523,6975,completed
30,2,120,30,clustered,1.0,30,6,120,15,0.533333,1.0,14,16|1|1|1|1|1|1|1|1|1|1|1|1|1|1,1.0099,6976,completed
30,2,120,30,clustered,1.0,30,7,190,11,0.666667,1.0,10,20|1|1|1|1|1|1|1|1|1|1,1.0878,6980,completed
30,2,120,30,clustered,1.0,30,8,120,15,0.533333,1.0,14,16|1|1|1|1|1|1|1|1|1|1|1|1|1|1,1.1534,6976,completed
30,2,120,30,clustered,1.0,30,9,120,15,0.533333,1.0,14,16|1|1|1|1|1|1|1|1|1|1|1|1|1|1,1.1463,6976,completed
30,2,120,45,clustered,1.0,30,0,210,10,0.7,1.0,9,21|1|1|1|1|1|1|1|1|1,0.9819,6981,completed
30,2,120,45,clustered,1.0,30,1,168,12,0.633333,1.0,11,19|1|1|1|1|1|1|1|1|1|1|1,0.9299,6979,completed
30,2,120,45,clustered,1.0,30,2,135,14,0.566667,1.0,13,17|1|1|1|1|1|1|1|1|1|1|1|1|1,0.9916,6977,completed
30,2,120,45,clustered,1.0,30,3,253,8,0.766667,1.0,7,23|1|1|1|1|1|1|1,1.1194,6986,completed
30,2,120,45,clustered,1.0,30,4,136,14,0.566667,1.0,13,17|1|1|1|1|1|1|1|1|1|1|1|1|1,0.9648,6977,completed
30,2,120,45,clustered,1.0,30,5,120,15,0.533333,1.0,14,16|1|1|1|1|1|1|1|1|1|1|1|1|1|1,1.0064,6976,completed
30,2,120,45,clustered,1.0,30,6,105,16,0.5,1.0,15,15|1|1|1|1|1|1|1|1|1|1|1|1|1|1|1,0.9568,6975,completed
30,2,120,45,clustered,1.0,30,7,228,9,0.733333,1.0,8,22|1|1|1|1|1|1|1|1,0.9996,6985,completed
30,2,120,45,clustered,1.0,30,8,105,16,0.5,1.0,15,15|1|1|1|1|1|1|1|1|1|1|1|1|1|1|1,1.0327,6975,completed
30,2,120,45,clustered,1.0,30,9,120,15,0.533333,1.0,14,16|1|1|1|1|1|1|1|1|1|1|1|1|1|1,1.0218,6976,completed
30,2,120,60,clustered,1.0,30,0,153,13,0.6,1.0,12,18|1|1|1|1|1|1|1|1|1|1|1|1,1.0602,6978,completed
30,2,120,60,clustered,1.0,30,1,136,14,0.566667,1.0,13,17|1|1|1|1|1|1|1|1|1|1|1|1|1,0.9878,6977,completed
30,2,120,60,clustered,1.0,30,2,435,1,1.0,30.0,0,30,0.9612,6990,completed
30,2,120,60,clustered,1.0,30,3,250,8,0.766667,1.0,7,23|1|1|1|1|1|1|1,1.0174,6989,completed
30,2,120,60,clustered,1.0,30,4,136,14,0.566667,1.0,13,17|1|1|1|1|1|1|1|1|1|1|1|1|1,0.9597,6977,completed
30,2,120,60,clustered,1.0,30,5,253,8,0.766667,1.0,7,23|1|1|1|1|1|1|1,1.0501,6993,completed
30,2,120,60,clustered,1.0,30,6,378,3,0.933333,1.0,2,28|1|1,0.9463,6991,completed
30,2,120,60,clustered,1.0,30,7,325,5,0.866667,1.0,4,26|1|1|1|1,1.0053,6996,completed
30,2,120,60,clustered,1.0,30,8,435,1,1.0,30.0,0,30,0.9821,6990,completed
30,2,120,60,clustered,1.0,30,9,168,12,0.633333,1.0,11,19|1|1|1|1|1|1|1|1|1|1|1,0.9249,6982,completed
50,2,120,10,dispersed,0.3,15,0,28,8,0.533333,1.0,7,8|1|1|1|1|1|1|1,1.5063,10200,completed
50,2,120,10,dispersed,0.3,15,1,28,8,0.533333,1.0,7,8|1|1|1|1|1|1|1,1.5299,10200,completed
50,2,120,10,dispersed,0.3,15,2,28,8,0.533333,1.0,7,8|1|1|1|1|1|1|1,1.6925,10200,completed
50,2,120,10,dispersed,0.3,15,3,28,8,0.533333,1.0,7,8|1|1|1|1|1|1|1,1.6406,10200,completed
50,2,120,10,dispersed,0.3,15,4,28,8,0.533333,1.0,7,8|1|1|1|1|1|1|1,1.6014,10200,completed
50,2,120,10,dispersed,0.3,15,5,28,8,0.533333,1.0,7,8|1|1|1|1|1|1|1,1.6601,10200,completed
50,2,120,10,dispersed,0.3,15,6,28,8,0.533333,1.0,7,8|1|1|1|1|1|1|1,1.5295,10200,completed
50,2,120,10,dispersed,0.3,15,7,28,8,0.533333,1.0,7,8|1|1|1|1|1|1|1,1.5574,10200,completed
50,2,120,10,dispersed,0.3,15,8,28,8,0.533333,1.0,7,8|1|1|1|1|1|1|1,1.5917,10200,completed
50,2,120,10,dispersed,0.3,15,9,28,8,0.533333,1.0,7,8|1|1|1|1|1|1|1,1.5929,10200,completed
50,2,120,15,dispersed,0.3,15,0,28,8,0.533333,1.0,7,8|1|1|1|1|1|1|1,1.5409,10200,completed
50,2,120,15,dispersed,0.3,15,1,36,7,0.6,1.0,6,9|1|1|1|1|1|1,1.5925,10201,completed
50,2,120,15,dispersed,0.3,15,2,28,8,0.533333,1.0,7,8|1|1|1|1|1|1|1,1.5083,10200,completed
50,2,120,15,dispersed,0.3,15,3,36,7,0.6,1.0,6,9|1|1|1|1|1|1,1.5006,10201,completed
50,2,120,15,dispersed,0.3,15,4,28,8,0.533333,1.0,7,8|1|1|1|1|1|1|1,1.4866,10200,completed
50,2,120,15,dispersed,0.3,15,5,28,8,0.533333,1.0,7,8|1|1|1|1|1|1|1,1.5591,10200,completed
50,2,120,15,dispersed,0.3,15,6,28,8,0.533333,1.0,7,8|1|1|1|1|1|1|1,1.5747,10200,completed
50,2,120,15,dispersed,0.3,15,7,28,8,0.533333,1.0,7,8|1|1|1|1|1|1|1,1.8487,10200,completed
50,2,120,15,dispersed,0.3,15,8,28,8,0.533333,1.0,7,8|1|1|1|1|1|1|1,1.5735,10200,completed
50,2,120,15,dispersed,0.3,15,9,28,8,0.533333,1.0,7,8|1|1|1|1|1|1|1,1.6637,10200,completed
50,2,120,20,dispersed,0.3,15,0,28,8,0.533333,1.0,7,8|1|1|1|1|1|1|1,1.7137,10200,completed
50,2,120,20,dispersed,0.3,15,1,36,7,0.6,1.0,6,9|1|1|1|1|1|1,1.6618,10201,completed
50,2,120,20,dispersed,0.3,15,2,28,8,0.533333,1.0,7,8|1|1|1|1|1|1|1,1.6584,10200,completed
50,2,120,20,dispersed,0.3,15,3,28,8,0.533333,1.0,7,8|1|1|1|1|1|1|1,1.702,10200,completed
50,2,120,20,dispersed,0.3,15,4,36,7,0.6,1.0,6,9|1|1|1|1|1|1,1.5825,10201,completed
50,2,120,20,dispersed,0.3,15,5,28,8,0.533333,1.0,7,8|1|1|1|1|1|1|1,1.5143,10200,completed
50,2,120,20,dispersed,0.3,15,6,28,8,0.533333,1.0,7,8|1|1|1|1|1|1|1,1.601,10200,completed
50,2,120,20,dispersed,0.3,15,7,28,8,0.533333,1.0,7,8|1|1|1|1|1|1|1,1.5406,10200,completed
50,2,120,20,dispersed,0.3,15,8,28,8,0.533333,1.0,7,8|1|1|1|1|1|1|1,1.5461,10200,completed
50,2,120,20,dispersed,0.3,15,9,28,8,0.533333,1.0,7,8|1|1|1|1|1|1|1,1.6144,10200,completed
50,2,120,30,dispersed,0.3,15,0,36,7,0.6,1.0,6,9|1|1|1|1|1|1,1.517,10202,completed
50,2,120,30,dispersed,0.3,15,1,28,8,0.533333,1.0,7,8|1|1|1|1|1|1|1,1.6164,10200,completed
50,2,120,30,dispersed,0.3,15,2,55,5,0.733333,1.0,4,11|1|1|1|1,1.4787,10203,completed
50,2,120,30,dispersed,0.3,15,3,36,7,0.6,1.0,6,9|1|1|1|1|1|1,1.5457,10201,completed
50,2,120,30,dispersed,0.3,15,4,66,4,0.8,1.0,3,12|1|1|1,1.4904,10207,completed
50,2,120,30,dispersed,0.3,15,5,55,5,0.733333,1.0,4,11|1|1|1|1,1.7124,10203,completed
50,2,120,30,dispersed,0.3,15,6,55,5,0.733333,1.0,4,11|1|1|1|1,1.6424,10203,completed
50,2,120,30,dispersed,0.3,15,7,36,7,0.6,1.0,6,9|1|1|1|1|1|1,1.5691,10201,completed
50,2,120,30,dispersed,0.3,15,8,36,7,0.6,1.0,6,9|1|1|1|1|1|1,1.5271,10201,completed
50,2,120,30,dispersed,0.3,15,9,28,8,0.533333,1.0,7,8|1|1|1|1|1|1|1,1.6864,10200,completed
50,2,120,45,dispersed,0.3,15,0,28,8,0.533333,1.0,7,8|1|1|1|1|1|1|1,1.7306,10200,completed
50,2,120,45,dispersed,0.3,15,1,44,6,0.666667,1.0,5,10|1|1|1|1|1,1.5835,10205,completed
50,2,120,45,dispersed,0.3,15,2,28,8,0.533333,1.0,7,8|1|1|1|1|1|1|1,1.7644,10200,completed
50,2,120,45,dispersed,0.3,15,3,66,4,0.8,1.0,3,12|1|1|1,1.6236,10207,completed
50,2,120,45,dispersed,0.3,15,4,28,8,0.533333,1.0,7,8|1|1|1|1|1|1|1,1.5714,10200,completed
50,2,120,45,dispersed,0.3,15,5,28,8,0.533333,1.0,7,8|1|1|1|1|1|1|1,1.6408,10200,completed
50,2,120,45,dispersed,0.3,15,6,78,3,0.866667,1.0,2,13|1|1,1.5203,10205,completed
50,2,120,45,dispersed,0.3,15,7,36,7,0.6,1.0,6,9|1|1|1|1|1|1,1.6928,10201,completed
50,2,120,45,dispersed,0.3,15,8,64,4,0.8,1.0,3,12|1|1|1,1.5958,10206,completed
50,2,120,45,dispersed,0.3,15,9,53,5,0.733333,1.0,4,11|1|1|1|1,1.5514,10204,completed
50,2,120,60,dispersed,0.3,15,0,105,1,1.0,15.0,0,15,1.5432,10212,completed
50,2,120,60,dispersed,0.3,15,1,78,3,0.866667,1.0,2,13|1|1,1.6001,10210,completed
50,2,120,60,dispersed,0.3,15,2,52,5,0.733333,1.0,4,11|1|1|1|1,1.6183,10203,completed
50,2,120,60,dispersed,0.3,15,3,64,4,0.8,1.0,3,12|1|1|1,1.7694,10205,completed
50,2,120,60,dispersed,0.3,15,4,105,1,1.0,15.0,0,15,1.7911,10215,completed
50,2,120,60,dispersed,0.3,15,5,105,1,1.0,15.0,0,15,1.6018,10215,completed
50,2,120,60,dispersed,0.3,15,6,91,1,1.0,15.0,0,15,1.5116,10208,completed
50,2,120,60,dispersed,0.3,15,7,78,3,0.866667,1.0,2,13|1|1,1.5626,10206,completed
50,2,120,60,dispersed,0.3,15,8,91,2,0.933333,7.5,1,14|1,1.6555,10221,completed
50,2,120,60,dispersed,0.3,15,9,91,2,0.933333,7.5,1,14|1,1.7035,10220,completed
50,2,120,10,dispersed,0.6,30,0,105,16,0.5,1.0,15,15|1|1|1|1|1|1|1|1|1|1|1|1|1|1|1,3.3784,19125,completed
50,2,120,10,dispersed,0.6,30,1,105,16,0.5,1.0,15,15|1|1|1|1|1|1|1|1|1|1|1|1|1|1|1,3.2087,19125,completed
50,2,120,10,dispersed,0.6,30,2,105,16,0.5,1.0,15,15|1|1|1|1|1|1|1|1|1|1|1|1|1|1|1,3.3417,19125,completed
50,2,120,10,dispersed,0.6,30,3,105,16,0.5,1.0,15,15|1|1|1|1|1|1|1|1|1|1|1|1|1|1|1,3.2063,19125,completed
50,2,120,10,dispersed,0.6,30,4,105,16,0.5,1.0,15,15|1|1|1|1|1|1|1|1|1|1|1|1|1|1|1,3.3311,19125,completed
50,2,120,10,dispersed,0.6,30,5,105,16,0.5,1.0,15,15|1|1|1|1|1|1|1|1|1|1|1|1|1|1|1,3.3546,19125,completed
50,2,120,10,dispersed,0.6,30,6,105,16,0.5,1.0,15,15|1|1|1|1|1|1|1|1|1|1|1|1|1|1|1,3.192,19125,completed
50,2,120,10,dispersed,0.6,30,7,105,16,0.5,1.0,15,15|1|1|1|1|1|1|1|1|1|1|1|1|1|1|1,3.4414,19125,completed
50,2,120,10,dispersed,0.6,30,8,105,16,0.5,1.0,15,15|1|1|1|1|1|1|1|1|1|1|1|1|1|1|1,3.3841,19125,completed
50,2,120,10,dispersed,0.6,30,9,105,16,0.5,1.0,15,15|1|1|1|1|1|1|1|1|1|1|1|1|1|1|1,3.4466,19125,completed
50,2,120,15,dispersed,0.6,30,0,105,16,0.5,1.0,15,15|1|1|1|1|1|1|1|1|1|1|1|1|1|1|1,3.245,19125,completed
50,2,120,15,dispersed,0.6,30,1,105,16,0.5,1.0,15,15|1|1|1|1|1|1|1|1|1|1|1|1|1|1|1,3.6072,19125,completed
50,2,120,15,dispersed,0.6,30,2,120,15,0.533333,1.0,14,16|1|1|1|1|1|1|1|1|1|1|1|1|1|1,4.2896,19126,completed
50,2,120,15,dispersed,0.6,30,3,105,16,0.5,1.0,15,15|1|1|1|1|1|1|1|1|1|1|1|1|1|1|1,3.5363,19125,completed
50,2,120,15,dispersed,0.6,30,4,105,16,0.5,1.0,15,15|1|1|1|1|1|1|1|1|1|1|1|1|1|1|1,3.244,19125,completed
50,2,120,15,dispersed,0.6,30,5,105,16,0.5,1.0,15,15|1|1|1|1|1|1|1|1|1|1|1|1|1|1|1,3.4384,19125,completed
50,2,120,15,dispersed,0.6,30,6,105,16,0.5,1.0,15,15|1|1|1|1|1|1|1|1|1|1|1|1|1|1|1,3.3409,19125,completed
50,2,120,15,dispersed,0.6,30,7,105,16,0.5,1.0,15,15|1|1|1|1|1|1|1|1|1|1|1|1|1|1|1,3.3567,19125,completed
50,2,120,15,dispersed,0.6,30,8,105,16,0.5,1.0,15,15|1|1|1|1|1|1|1|1|1|1|1|1|1|1|1,3.563,19125,completed
50,2,120,15,dispersed,0.6,30,9,105,16,0.5,1.0,15,15|1|1|1|1|1|1|1|1|1|1|1|1|1|1|1,3.3623,19125,completed
50,2,120,20,dispersed,0.6,30,0,105,16,0.5,1.0,15,15|1|1|1|1|1|1|1|1|1|1|1|1|1|1|1,3.3357,19125,completed
50,2,120,20,dispersed,0.6,30,1,105,16,0.5,1.0,15,15|1|1|1|1|1|1|1|1|1|1|1|1|1|1|1,3.305,19125,completed
50,2,120,20,dispersed,0.6,30,2,120,15,0.533333,1.0,14,16|1|1|1|1|1|1|1|1|1|1|1|1|1|1,3.0065,19126,completed
50,2,120,20,dispersed,0.6,30,3,105,16,0.5,1.0,15,15|1|1|1|1|1|1|1|1|1|1|1|1|1|1|1,3.6708,19125,completed
50,2,120,20,dispersed,0.6,30,4,120,15,0.533333,1.0,14,16|1|1|1|1|1|1|1|1|1|1|1|1|1|1,3.2295,19126,completed
50,2,120,20,dispersed,0.6,30,5,105,16,0.5,1.0,15,15|1|1|1|1|1|1|1|1|1|1|1|1|1|1|1,3.301,19125,completed
50,2,120,20,dispersed,0.6,30,6,105,16,0.5,1.0,15,15|1|1|1|1|1|1|1|1|1|1|1|1|1|1|1,3.3997,19125,completed
50,2,120,20,dispersed,0.6,30,7,105,16,0.5,1.0,15,15|1|1|1|1|1|1|1|1|1|1|1|1|1|1|1,3.3331,19125,completed
50,2,120,20,dispersed,0.6,30,8,135,14,0.566667,1.0,13,17|1|1|1|1|1|1|1|1|1|1|1|1|1,3.1152,19127,completed
50,2,120,20,dispersed,0.6,30,9,105,16,0.5,1.0,15,15|1|1|1|1|1|1|1|1|1|1|1|1|1|1|1,3.3271,19125,completed
50,2,120,30,dispersed,0.6,30,0,151,13,0.6,1.0,12,18|1|1|1|1|1|1|1|1|1|1|1|1,3.2656,19128,completed
50,2,120,30,dispersed,0.6,30,1,152,13,0.6,1.0,12,18|1|1|1|1|1|1|1|1|1|1|1|1,3.4397,19131,completed
50,2,120,30,dispersed,0.6,30,2,152,13,0.6,1.0,12,18|1|1|1|1|1|1|1|1|1|1|1|1,3.1757,19132,completed
50,2,120,30,dispersed,0.6,30,3,120,15,0.533333,1.0,14,16|1|1|1|1|1|1|1|1|1|1|1|1|1|1,4.2078,19126,completed
50,2,120,30,dispersed,0.6,30,4,105,16,0.5,1.0,15,15|1|1|1|1|1|1|1|1|1|1|1|1|1|1|1,3.8207,19125,completed
50,2,120,30,dispersed,0.6,30,5,120,15,0.533333,1.0,14,16|1|1|1|1|1|1|1|1|1|1|1|1|1|1,4.0125,19126,completed
50,2,120,30,dispersed,0.6,30,6,120,15,0.533333,1.0,14,16|1|1|1|1|1|1|1|1|1|1|1|1|1|1,4.9479,19126,completed
50,2,120,30,dispersed,0.6,30,7,136,14,0.566667,1.0,13,17|1|1|1|1|1|1|1|1|1|1|1|1|1,5.3594,19127,completed
50,2,120,30,dispersed,0.6,30,8,184,11,0.666667,1.0,10,20|1|1|1|1|1|1|1|1|1|1,4.4044,19130,completed
50,2,120,30,dispersed,0.6,30,9,105,16,0.5,1.0,15,15|1|1|1|1|1|1|1|1|1|1|1|1|1|1|1,3.7398,19125,completed
50,2,120,45,dispersed,0.6,30,0,152,13,0.6,1.0,12,18|1|1|1|1|1|1|1|1|1|1|1|1,3.8188,19129,completed
50,2,120,45,dispersed,0.6,30,1,136,14,0.566667,1.0,13,17|1|1|1|1|1|1|1|1|1|1|1|1|1,3.5573,19127,completed
50,2,120,45,dispersed,0.6,30,2,204,10,0.7,1.0,9,21|1|1|1|1|1|1|1|1|1,3.7441,19137,completed
50,2,120,45,dispersed,0.6,30,3,120,15,0.533333,1.0,14,16|1|1|1|1|1|1|1|1|1|1|1|1|1|1,3.3395,19126,completed
50,2,120,45,dispersed,0.6,30,4,246,8,0.766667,1.0,7,23|1|1|1|1|1|1|1,3.5419,19133,completed
50,2,120,45,dispersed,0.6,30,5,105,16,0.5,1.0,15,15|1|1|1|1|1|1|1|1|1|1|1|1|1|1|1,3.2274,19125,completed
50,2,120,45,dispersed,0.6,30,6,300,6,0.833333,1.0,5,25|1|1|1|1|1,3.2355,19135,completed
50,2,120,45,dispersed,0.6,30,7,204,10,0.7,1.0,9,21|1|1|1|1|1|1|1|1|1,3.2622,19135,completed
50,2,120,45,dispersed,0.6,30,8,167,12,0.633333,1.0,11,19|1|1|1|1|1|1|1|1|1|1|1,4.0838,19130,completed
50,2,120,45,dispersed,0.6,30,9,152,13,0.6,1.0,12,18|1|1|1|1|1|1|1|1|1|1|1|1,3.6346,19131,completed
50,2,120,60,dispersed,0.6,30,0,325,5,0.866667,1.0,4,26|1|1|1|1,3.3232,19157,completed
50,2,120,60,dispersed,0.6,30,1,378,3,0.933333,1.0,2,28|1|1,3.613,19139,completed
50,2,120,60,dispersed,0.6,30,2,405,2,0.966667,15.0,1,29|1,3.6254,19167,completed
50,2,120,60,dispersed,0.6,30,3,291,6,0.833333,1.0,5,25|1|1|1|1|1,3.3671,19135,completed
50,2,120,60,dispersed,0.6,30,4,313,5,0.866667,1.0,4,26|1|1|1|1,3.1572,19158,completed
50,2,120,60,dispersed,0.6,30,5,386,2,0.966667,15.0,1,29|1,3.2857,19153,completed
50,2,120,60,dispersed,0.6,30,6,284,6,0.833333,1.0,5,25|1|1|1|1|1,3.4624,19139,completed
50,2,120,60,dispersed,0.6,30,7,276,7,0.8,1.0,6,24|1|1|1|1|1|1,3.3591,19135,completed
50,2,120,60,dispersed,0.6,30,8,347,4,0.9,1.0,3,27|1|1|1,3.1818,19150,completed
50,2,120,60,dispersed,0.6,30,9,325,5,0.866667,1.0,4,26|1|1|1|1,3.7266,19156,completed
50,2,120,10,dispersed,1.0,50,0,300,26,0.5,1.0,25,25|1|1|1|1|1|1|1|1|1|1|1|1|1|1|1|1|1|1|1|1|1|1|1|1|1,5.8417,31875,completed
50,2,120,10,dispersed,1.0,50,1,300,26,0.5,1.0,25,25|1|1|1|1|1|1|1|1|1|1|1|1|1|1|1|1|1|1|1|1|1|1|1|1|1,5.7476,31875,completed
50,2,120,10,dispersed,1.0,50,2,300,26,0.5,1.0,25,25|1|1|1|1|1|1|1|1|1|1|1|1|1|1|1|1|1|1|1|1|1|1|1|1|1,5.7302,31875,completed
50,2,120,10,dispersed,1.0,50,3,300,26,0.5,1.0,25,25|1|1|1|1|1|1|1|1|1|1|1|1|1|1|1|1|1|1|1|1|1|1|1|1|1,6.1114,31875,completed
50,2,120,10,dispersed,1.0,50,4,300,26,0.5,1.0,25,25|1|1|1|1|1|1|1|1|1|1|1|1|1|1|1|1|1|1|1|1|1|1|1|1|1,5.7713,31875,completed
50,2,120,10,dispersed,1.0,50,5,300,26,0.5,1.0,25,25|1|1|1|1|1|1|1|1|1|1|1|1|1|1|1|1|1|1|1|1|1|1|1|1|1,6.0804,31875,completed
50,2,120,10,dispersed,1.0,50,6,300,26,0.5,1.0,25,25|1|1|1|1|1|1|1|1|1|1|1|1|1|1|1|1|1|1|1|1|1|1|1|1|1,5.5608,31875,completed
50,2,120,10,dispersed,1.0,50,7,300,26,0.5,1.0,25,25|1|1|1|1|1|1|1|1|1|1|1|1|1|1|1|1|1|1|1|1|1|1|1|1|1,5.6138,31875,completed
50,2,120,10,dispersed,1.0,50,8,300,26,0.5,1.0,25,25|1|1|1|1|1|1|1|1|1|1|1|1|1|1|1|1|1|1|1|1|1|1|1|1|1,5.5633,31875,completed
50,2,120,10,dispersed,1.0,50,9,300,26,0.5,1.0,25,25|1|1|1|1|1|1|1|1|1|1|1|1|1|1|1|1|1|1|1|1|1|1|1|1|1,5.7384,31875,completed
50,2,120,15,dispersed,1.0,50,0,300,26,0.5,1.0,25,25|1|1|1|1|1|1|1|1|1|1|1|1|1|1|1|1|1|1|1|1|1|1|1|1|1,5.9058,31875,completed
50,2,120,15,dispersed,1.0,50,1,325,25,0.52,1.0,24,26|1|1|1|1|1|1|1|1|1|1|1|1|1|1|1|1|1|1|1|1|1|1|1|1,5.64,31876,completed
50,2,120,15,dispersed,1.0,50,2,300,26,0.5,1.0,25,25|1|1|1|1|1|1|1|1|1|1|1|1|1|1|1|1|1|1|1|1|1|1|1|1|1,5.5734,31875,completed
50,2,120,15,dispersed,1.0,50,3,351,24,0.54,1.0,23,27|1|1|1|1|1|1|1|1|1|1|1|1|1|1|1|1|1|1|1|1|1|1|1,6.183,31877,completed
50,2,120,15,dispersed,1.0,50,4,325,25,0.52,1.0,24,26|1|1|1|1|1|1|1|1|1|1|1|1|1|1|1|1|1|1|1|1|1|1|1|1,5.8202,31876,completed
50,2,120,15,dispersed,1.0,50,5,325,25,0.52,1.0,24,26|1|1|1|1|1|1|1|1|1|1|1|1|1|1|1|1|1|1|1|1|1|1|1|1,5.815,31876,completed
50,2,120,15,dispersed,1.0,50,6,325,25,0.52,1.0,24,26|1|1|1|1|1|1|1|1|1|1|1|1|1|1|1|1|1|1|1|1|1|1|1|1,5.7534,31876,completed
50,2,120,15,dispersed,1.0,50,7,300,26,0.5,1.0,25,25|1|1|1|1|1|1|1|1|1|1|1|1|1|1|1|1|1|1|1|1|1|1|1|1|1,6.1334,31875,completed
50,2,120,15,dispersed,1.0,50,8,300,26,0.5,1.0,25,25|1|1|1|1|1|1|1|1|1|1|1|1|1|1|1|1|1|1|1|1|1|1|1|1|1,6.3416,31875,completed
50,2,120,15,dispersed,1.0,50,9,300,26,0.5,1.0,25,25|1|1|1|1|1|1|1|1|1|1|1|1|1|1|1|1|1|1|1|1|1|1|1|1|1,6.7177,31875,completed
50,2,120,20,dispersed,1.0,50,0,325,25,0.52,1.0,24,26|1|1|1|1|1|1|1|1|1|1|1|1|1|1|1|1|1|1|1|1|1|1|1|1,5.4074,31876,completed
50,2,120,20,dispersed,1.0,50,1,406,22,0.58,1.0,21,29|1|1|1|1|1|1|1|1|1|1|1|1|1|1|1|1|1|1|1|1|1,5.7032,31881,completed
50,2,120,20,dispersed,1.0,50,2,300,26,0.5,1.0,25,25|1|1|1|1|1|1|1|1|1|1|1|1|1|1|1|1|1|1|1|1|1|1|1|1|1,5.291,31875,completed
50,2,120,20,dispersed,1.0,50,3,325,25,0.52,1.0,24,26|1|1|1|1|1|1|1|1|1|1|1|1|1|1|1|1|1|1|1|1|1|1|1|1,5.0345,31876,completed
50,2,120,20,dispersed,1.0,50,4,300,26,0.5,1.0,25,25|1|1|1|1|1|1|1|1|1|1|1|1|1|1|1|1|1|1|1|1|1|1|1|1|1,5.0811,31875,completed
50,2,120,20,dispersed,1.0,50,5,300,26,0.5,1.0,25,25|1|1|1|1|1|1|1|1|1|1|1|1|1|1|1|1|1|1|1|1|1|1|1|1|1,5.0228,31875,completed
50,2,120,20,dispersed,1.0,50,6,300,26,0.5,1.0,25,25|1|1|1|1|1|1|1|1|1|1|1|1|1|1|1|1|1|1|1|1|1|1|1|1|1,4.6739,31875,completed
50,2,120,20,dispersed,1.0,50,7,300,26,0.5,1.0,25,25|1|1|1|1|1|1|1|1|1|1|1|1|1|1|1|1|1|1|1|1|1|1|1|1|1,4.7475,31875,completed
50,2,120,20,dispersed,1.0,50,8,378,23,0.56,1.0,22,28|1|1|1|1|1|1|1|1|1|1|1|1|1|1|1|1|1|1|1|1|1|1,4.7677,31878,completed
50,2,120,20,dispersed,1.0,50,9,350,24,0.54,1.0,23,27|1|1|1|1|1|1|1|1|1|1|1|1|1|1|1|1|1|1|1|1|1|1|1,4.5933,31877,completed
50,2,120,30,dispersed,1.0,50,0,350,24,0.54,1.0,23,27|1|1|1|1|1|1|1|1|1|1|1|1|1|1|1|1|1|1|1|1|1|1|1,4.448,31877,completed
50,2,120,30,dispersed,1.0,50,1,300,26,0.5,1.0,25,25|1|1|1|1|1|1|1|1|1|1|1|1|1|1|1|1|1|1|1|1|1|1|1|1|1,4.8846,31875,completed
50,2,120,30,dispersed,1.0,50,2,535,17,0.68,1.0,16,34|1|1|1|1|1|1|1|1|1|1|1|1|1|1|1|1,4.7492,31884,completed
50,2,120,30,dispersed,1.0,50,3,623,15,0.72,1.0,14,36|1|1|1|1|1|1|1|1|1|1|1|1|1|1,4.4744,31892,completed
50,2,120,30,dispersed,1.0,50,4,454,20,0.62,1.0,19,31|1|1|1|1|1|1|1|1|1|1|1|1|1|1|1|1|1|1|1,4.4978,31881,completed
50,2,120,30,dispersed,1.0,50,5,325,25,0.52,1.0,24,26|1|1|1|1|1|1|1|1|1|1|1|1|1|1|1|1|1|1|1|1|1|1|1|1,4.5279,31876,completed
50,2,120,30,dispersed,1.0,50,6,656,14,0.74,1.0,13,37|1|1|1|1|1|1|1|1|1|1|1|1|1,4.6189,31888,completed
50,2,120,30,dispersed,1.0,50,7,300,26,0.5,1.0,25,25|1|1|1|1|1|1|1|1|1|1|1|1|1|1|1|1|1|1|1|1|1|1|1|1|1,4.8916,31875,completed
50,2,120,30,dispersed,1.0,50,8,431,21,0.6,1.0,20,30|1|1|1|1|1|1|1|1|1|1|1|1|1|1|1|1|1|1|1|1,5.0097,31880,completed
50,2,120,30,dispersed,1.0,50,9,325,25,0.52,1.0,24,26|1|1|1|1|1|1|1|1|1|1|1|1|1|1|1|1|1|1|1|1|1|1|1|1,4.9719,31876,completed
50,2,120,45,dispersed,1.0,50,0,656,14,0.74,1.0,13,37|1|1|1|1|1|1|1|1|1|1|1|1|1,4.9521,31890,completed
50,2,120,45,dispersed,1.0,50,1,429,21,0.6,1.0,20,30|1|1|1|1|1|1|1|1|1|1|1|1|1|1|1|1|1|1|1|1,4.5406,31882,completed
50,2,120,45,dispersed,1.0,50,2,351,24,0.54,1.0,23,27|1|1|1|1|1|1|1|1|1|1|1|1|1|1|1|1|1|1|1|1|1|1|1,4.7918,31877,completed
50,2,120,45,dispersed,1.0,50,3,403,22,0.58,1.0,21,29|1|1|1|1|1|1|1|1|1|1|1|1|1|1|1|1|1|1|1|1|1,4.6605,31881,completed
50,2,120,45,dispersed,1.0,50,4,454,20,0.62,1.0,19,31|1|1|1|1|1|1|1|1|1|1|1|1|1|1|1|1|1|1|1,4.8804,31883,completed
50,2,120,45,dispersed,1.0,50,5,577,16,0.7,1.0,15,35|1|1|1|1|1|1|1|1|1|1|1|1|1|1|1,4.6477,31890,completed
50,2,120,45,dispersed,1.0,50,6,375,23,0.56,1.0,22,28|1|1|1|1|1|1|1|1|1|1|1|1|1|1|1|1|1|1|1|1|1|1,4.886,31879,completed
50,2,120,45,dispersed,1.0,50,7,406,22,0.58,1.0,21,29|1|1|1|1|1|1|1|1|1|1|1|1|1|1|1|1|1|1|1|1|1,4.891,31881,completed
50,2,120,45,dispersed,1.0,50,8,903,8,0.86,1.0,7,43|1|1|1|1|1|1|1,4.9209,31894,completed
50,2,120,45,dispersed,1.0,50,9,516,18,0.66,1.0,17,33|1|1|1|1|1|1|1|1|1|1|1|1|1|1|1|1|1,4.4941,31884,completed
50,2,120,60,dispersed,1.0,50,0,741,12,0.78,1.0,11,39|1|1|1|1|1|1|1|1|1|1|1,4.6558,31896,completed
50,2,120,60,dispersed,1.0,50,1,1128,3,0.96,1.0,2,48|1|1,4.6406,31904,completed
50,2,120,60,dispersed,1.0,50,2,528,18,0.66,1.0,17,33|1|1|1|1|1|1|1|1|1|1|1|1|1|1|1|1|1,4.9042,31883,completed
50,2,120,60,dispersed,1.0,50,3,878,8,0.86,1.0,7,43|1|1|1|1|1|1|1,4.8602,31903,completed
50,2,120,60,dispersed,1.0,50,4,1035,5,0.92,1.0,4,46|1|1|1|1,4.8199,31901,completed
50,2,120,60,dispersed,1.0,50,5,1088,2,0.98,25.0,1,49|1,4.4001,31947,completed
50,2,120,60,dispersed,1.0,50,6,1081,4,0.94,1.0,3,47|1|1|1,4.6801,31956,completed
50,2,120,60,dispersed,1.0,50,7,960,6,0.9,1.0,5,45|1|1|1|1|1,4.9331,31917,completed
50,2,120,60,dispersed,1.0,50,8,521,18,0.66,1.0,17,33|1|1|1|1|1|1|1|1|1|1|1|1|1|1|1|1|1,4.6157,31886,completed
50,2,120,60,dispersed,1.0,50,9,661,13,0.76,1.0,12,38|1|1|1|1|1|1|1|1|1|1|1|1,4.8065,31890,completed
50,2,120,10,clustered,0.3,15,0,28,8,0.533333,1.0,7,8|1|1|1|1|1|1|1,1.4486,10200,completed
50,2,120,10,clustered,0.3,15,1,28,8,0.533333,1.0,7,8|1|1|1|1|1|1|1,1.5271,10200,completed
50,2,120,10,clustered,0.3,15,2,28,8,0.533333,1.0,7,8|1|1|1|1|1|1|1,1.5089,10200,completed
50,2,120,10,clustered,0.3,15,3,28,8,0.533333,1.0,7,8|1|1|1|1|1|1|1,1.552,10200,completed
50,2,120,10,clustered,0.3,15,4,28,8,0.533333,1.0,7,8|1|1|1|1|1|1|1,1.5475,10200,completed
50,2,120,10,clustered,0.3,15,5,28,8,0.533333,1.0,7,8|1|1|1|1|1|1|1,1.4921,10200,completed
50,2,120,10,clustered,0.3,15,6,28,8,0.533333,1.0,7,8|1|1|1|1|1|1|1,1.3547,10200,completed
50,2,120,10,clustered,0.3,15,7,28,8,0.533333,1.0,7,8|1|1|1|1|1|1|1,1.4877,10200,completed
50,2,120,10,clustered,0.3,15,8,28,8,0.533333,1.0,7,8|1|1|1|1|1|1|1,1.5378,10200,completed
50,2,120,10,clustered,0.3,15,9,28,8,0.533333,1.0,7,8|1|1|1|1|1|1|1,1.5124,10200,completed
50,2,120,15,clustered,0.3,15,0,28,8,0.533333,1.0,7,8|1|1|1|1|1|1|1,1.6204,10200,completed
50,2,120,15,clustered,0.3,15,1,28,8,0.533333,1.0,7,8|1|1|1|1|1|1|1,1.4927,10200,completed
50,2,120,15,clustered,0.3,15,2,28,8,0.533333,1.0,7,8|1|1|1|1|1|1|1,1.3603,10200,completed
50,2,120,15,clustered,0.3,15,3,28,8,0.533333,1.0,7,8|1|1|1|1|1|1|1,1.4324,10200,completed
50,2,120,15,clustered,0.3,15,4,28,8,0.533333,1.0,7,8|1|1|1|1|1|1|1,1.4046,10200,completed
50,2,120,15,clustered,0.3,15,5,28,8,0.533333,1.0,7,8|1|1|1|1|1|1|1,1.4528,10200,completed
50,2,120,15,clustered,0.3,15,6,28,8,0.533333,1.0,7,8|1|1|1|1|1|1|1,1.4756,10200,completed
50,2,120,15,clustered,0.3,15,7,28,8,0.533333,1.0,7,8|1|1|1|1|1|1|1,1.4766,10200,completed
50,2,120,15,clustered,0.3,15,8,28,8,0.533333,1.0,7,8|1|1|1|1|1|1|1,1.4774,10200,completed
50,2,120,15,clustered,0.3,15,9,28,8,0.533333,1.0,7,8|1|1|1|1|1|1|1,1.554,10200,completed
50,2,120,20,clustered,0.3,15,0,28,8,0.533333,1.0,7,8|1|1|1|1|1|1|1,1.4338,10200,completed
50,2,120,20,clustered,0.3,15,1,28,8,0.533333,1.0,7,8|1|1|1|1|1|1|1,1.4461,10200,completed
50,2,120,20,clustered,0.3,15,2,55,5,0.733333,1.0,4,11|1|1|1|1,1.4248,10203,completed
50,2,120,20,clustered,0.3,15,3,28,8,0.533333,1.0,7,8|1|1|1|1|1|1|1,1.4146,10200,completed
50,2,120,20,clustered,0.3,15,4,36,7,0.6,1.0,6,9|1|1|1|1|1|1,1.544,10201,completed
50,2,120,20,clustered,0.3,15,5,55,5,0.733333,1.0,4,11|1|1|1|1,1.2938,10204,completed
50,2,120,20,clustered,0.3,15,6,36,7,0.6,1.0,6,9|1|1|1|1|1|1,1.294,10203,completed
50,2,120,20,clustered,0.3,15,7,28,8,0.533333,1.0,7,8|1|1|1|1|1|1|1,1.3708,10200,completed
50,2,120,20,clustered,0.3,15,8,28,8,0.533333,1.0,7,8|1|1|1|1|1|1|1,1.4408,10200,completed
50,2,120,20,clustered,0.3,15,9,36,7,0.6,1.0,6,9|1|1|1|1|1|1,1.4219,10201,completed
50,2,120,30,clustered,0.3,15,0,36,7,0.6,1.0,6,9|1|1|1|1|1|1,1.41,10201,completed
50,2,120,30,clustered,0.3,15,1,36,7,0.6,1.0,6,9|1|1|1|1|1|1,1.4703,10201,completed
50,2,120,30,clustered,0.3,15,2,28,8,0.533333,1.0,7,8|1|1|1|1|1|1|1,1.4902,10200,completed
50,2,120,30,clustered,0.3,15,3,28,8,0.533333,1.0,7,8|1|1|1|1|1|1|1,1.4435,10200,completed
50,2,120,30,clustered,0.3,15,4,28,8,0.533333,1.0,7,8|1|1|1|1|1|1|1,1.5625,10200,completed
50,2,120,30,clustered,0.3,15,5,44,6,0.666667,1.0,5,10|1|1|1|1|1,1.3738,10202,completed
50,2,120,30,clustered,0.3,15,6,28,8,0.533333,1.0,7,8|1|1|1|1|1|1|1,1.3475,10200,completed
50,2,120,30,clustered,0.3,15,7,28,8,0.533333,1.0,7,8|1|1|1|1|1|1|1,1.3255,10200,completed
50,2,120,30,clustered,0.3,15,8,36,7,0.6,1.0,6,9|1|1|1|1|1|1,1.4016,10201,completed
50,2,120,30,clustered,0.3,15,9,36,7,0.6,1.0,6,9|1|1|1|1|1|1,1.2716,10201,completed
50,2,120,45,clustered,0.3,15,0,66,4,0.8,1.0,3,12|1|1|1,1.2466,10208,completed
50,2,120,45,clustered,0.3,15,1,44,6,0.666667,1.0,5,10|1|1|1|1|1,1.2531,10204,completed
50,2,120,45,clustered,0.3,15,2,45,6,0.666667,1.0,5,10|1|1|1|1|1,1.4113,10203,completed
50,2,120,45,clustered,0.3,15,3,53,5,0.733333,1.0,4,11|1|1|1|1,1.3922,10203,completed
50,2,120,45,clustered,0.3,15,4,91,2,0.933333,7.5,1,14|1,1.5149,10206,completed
50,2,120,45,clustered,0.3,15,5,55,5,0.733333,1.0,4,11|1|1|1|1,1.3655,10205,completed
50,2,120,45,clustered,0.3,15,6,52,5,0.733333,1.0,4,11|1|1|1|1,1.3624,10205,completed
50,2,120,45,clustered,0.3,15,7,36,7,0.6,1.0,6,9|1|1|1|1|1|1,1.3396,10201,completed
50,2,120,45,clustered,0.3,15,8,55,5,0.733333,1.0,4,11|1|1|1|1,1.3879,10205,completed
50,2,120,45,clustered,0.3,15,9,36,7,0.6,1.0,6,9|1|1|1|1|1|1,1.4322,10201,completed
50,2,120,60,clustered,0.3,15,0,77,3,0.866667,1.0,2,13|1|1,1.4118,10208,completed
50,2,120,60,clustered,0.3,15,1,90,2,0.933333,7.5,1,14|1,1.4279,10212,completed
50,2,120,60,clustered,0.3,15,2,45,6,0.666667,1.0,5,10|1|1|1|1|1,1.3387,10204,completed
50,2,120,60,clustered,0.3,15,3,88,2,0.933333,7.5,1,14|1,1.3763,10214,completed
50,2,120,60,clustered,0.3,15,4,28,8,0.533333,1.0,7,8|1|1|1|1|1|1|1,1.3864,10200,completed
50,2,120,60,clustered,0.3,15,5,36,7,0.6,1.0,6,9|1|1|1|1|1|1,1.3058,10202,completed
50,2,120,60,clustered,0.3,15,6,102,1,1.0,15.0,0,15,1.3602,10219,completed
50,2,120,60,clustered,0.3,15,7,45,6,0.666667,1.0,5,10|1|1|1|1|1,1.4418,10203,completed
50,2,120,60,clustered,0.3,15,8,95,1,1.0,15.0,0,15,1.3021,10214,completed
50,2,120,60,clustered,0.3,15,9,44,6,0.666667,1.0,5,10|1|1|1|1|1,1.3998,10202,completed
50,2,120,10,clustered,0.6,30,0,105,16,0.5,1.0,15,15|1|1|1|1|1|1|1|1|1|1|1|1|1|1|1,2.8792,19125,completed
50,2,120,10,clustered,0.6,30,1,105,16,0.5,1.0,15,15|1|1|1|1|1|1|1|1|1|1|1|1|1|1|1,2.7109,19125,completed
50,2,120,10,clustered,0.6,30,2,105,16,0.5,1.0,15,15|1|1|1|1|1|1|1|1|1|1|1|1|1|1|1,2.8928,19125,completed
50,2,120,10,clustered,0.6,30,3,105,16,0.5,1.0,15,15|1|1|1|1|1|1|1|1|1|1|1|1|1|1|1,2.7538,19125,completed
50,2,120,10,clustered,0.6,30,4,105,16,0.5,1.0,15,15|1|1|1|1|1|1|1|1|1|1|1|1|1|1|1,2.7217,19125,completed
50,2,120,10,clustered,0.6,30,5,105,16,0.5,1.0,15,15|1|1|1|1|1|1|1|1|1|1|1|1|1|1|1,2.7115,19125,completed
50,2,120,10,clustered,0.6,30,6,105,16,0.5,1.0,15,15|1|1|1|1|1|1|1|1|1|1|1|1|1|1|1,2.8714,19125,completed
50,2,120,10,clustered,0.6,30,7,105,16,0.5,1.0,15,15|1|1|1|1|1|1|1|1|1|1|1|1|1|1|1,2.8952,19125,completed
50,2,120,10,clustered,0.6,30,8,105,16,0.5,1.0,15,15|1|1|1|1|1|1|1|1|1|1|1|1|1|1|1,2.6957,19125,completed
50,2,120,10,clustered,0.6,30,9,105,16,0.5,1.0,15,15|1|1|1|1|1|1|1|1|1|1|1|1|1|1|1,2.8527,19125,completed
50,2,120,15,clustered,0.6,30,0,105,16,0.5,1.0,15,15|1|1|1|1|1|1|1|1|1|1|1|1|1|1|1,2.7326,19125,completed
50,2,120,15,clustered,0.6,30,1,105,16,0.5,1.0,15,15|1|1|1|1|1|1|1|1|1|1|1|1|1|1|1,3.105,19125,completed
50,2,120,15,clustered,0.6,30,2,105,16,0.5,1.0,15,15|1|1|1|1|1|1|1|1|1|1|1|1|1|1|1,2.7835,19125,completed
50,2,120,15,clustered,0.6,30,3,105,16,0.5,1.0,15,15|1|1|1|1|1|1|1|1|1|1|1|1|1|1|1,2.3303,19125,completed
50,2,120,15,clustered,0.6,30,4,120,15,0.533333,1.0,14,16|1|1|1|1|1|1|1|1|1|1|1|1|1|1,3.2809,19126,completed
50,2,120,15,clustered,0.6,30,5,105,16,0.5,1.0,15,15|1|1|1|1|1|1|1|1|1|1|1|1|1|1|1,3.2483,19125,completed
50,2,120,15,clustered,0.6,30,6,105,16,0.5,1.0,15,15|1|1|1|1|1|1|1|1|1|1|1|1|1|1|1,2.8985,19125,completed
50,2,120,15,clustered,0.6,30,7,105,16,0.5,1.0,15,15|1|1|1|1|1|1|1|1|1|1|1|1|1|1|1,3.0898,19125,completed
50,2,120,15,clustered,0.6,30,8,105,16,0.5,1.0,15,15|1|1|1|1|1|1|1|1|1|1|1|1|1|1|1,2.9761,19125,completed
50,2,120,15,clustered,0.6,30,9,153,13,0.6,1.0,12,18|1|1|1|1|1|1|1|1|1|1|1|1,2.9538,19128,completed
50,2,120,20,clustered,0.6,30,0,120,15,0.533333,1.0,14,16|1|1|1|1|1|1|1|1|1|1|1|1|1|1,2.862,19126,completed
50,2,120,20,clustered,0.6,30,1,136,14,0.566667,1.0,13,17|1|1|1|1|1|1|1|1|1|1|1|1|1,2.8852,19127,completed
50,2,120,20,clustered,0.6,30,2,120,15,0.533333,1.0,14,16|1|1|1|1|1|1|1|1|1|1|1|1|1|1,2.8657,19126,completed
50,2,120,20,clustered,0.6,30,3,105,16,0.5,1.0,15,15|1|1|1|1|1|1|1|1|1|1|1|1|1|1|1,3.0816,19125,completed
50,2,120,20,clustered,0.6,30,4,105,16,0.5,1.0,15,15|1|1|1|1|1|1|1|1|1|1|1|1|1|1|1,3.1675,19125,completed
50,2,120,20,clustered,0.6,30,5,136,14,0.566667,1.0,13,17|1|1|1|1|1|1|1|1|1|1|1|1|1,2.8963,19127,completed
50,2,120,20,clustered,0.6,30,6,105,16,0.5,1.0,15,15|1|1|1|1|1|1|1|1|1|1|1|1|1|1|1,2.9538,19125,completed
50,2,120,20,clustered,0.6,30,7,105,16,0.5,1.0,15,15|1|1|1|1|1|1|1|1|1|1|1|1|1|1|1,3.1325,19125,completed
50,2,120,20,clustered,0.6,30,8,135,14,0.566667,1.0,13,17|1|1|1|1|1|1|1|1|1|1|1|1|1,2.9117,19127,completed
50,2,120,20,clustered,0.6,30,9,171,12,0.633333,1.0,11,19|1|1|1|1|1|1|1|1|1|1|1,2.9341,19129,completed
50,2,120,30,clustered,0.6,30,0,105,16,0.5,1.0,15,15|1|1|1|1|1|1|1|1|1|1|1|1|1|1|1,2.9126,19125,completed
50,2,120,30,clustered,0.6,30,1,225,9,0.733333,1.0,8,22|1|1|1|1|1|1|1|1,2.9456,19134,completed
50,2,120,30,clustered,0.6,30,2,105,16,0.5,1.0,15,15|1|1|1|1|1|1|1|1|1|1|1|1|1|1|1,2.9435,19125,completed
50,2,120,30,clustered,0.6,30,3,105,16,0.5,1.0,15,15|1|1|1|1|1|1|1|1|1|1|1|1|1|1|1,3.0974,19125,completed
50,2,120,30,clustered,0.6,30,4,136,14,0.566667,1.0,13,17|1|1|1|1|1|1|1|1|1|1|1|1|1,2.9575,19127,completed
50,2,120,30,clustered,0.6,30,5,135,14,0.566667,1.0,13,17|1|1|1|1|1|1|1|1|1|1|1|1|1,2.9267,19127,completed
50,2,120,30,clustered,0.6,30,6,151,13,0.6,1.0,12,18|1|1|1|1|1|1|1|1|1|1|1|1,3.0004,19128,completed
50,2,120,30,clustered,0.6,30,7,105,16,0.5,1.0,15,15|1|1|1|1|1|1|1|1|1|1|1|1|1|1|1,2.9787,19125,completed
50,2,120,30,clustered,0.6,30,8,120,15,0.533333,1.0,14,16|1|1|1|1|1|1|1|1|1|1|1|1|1|1,2.9591,19126,completed
50,2,120,30,clustered,0.6,30,9,244,8,0.766667,1.0,7,23|1|1|1|1|1|1|1,3.0236,19137,completed
50,2,120,45,clustered,0.6,30,0,120,15,0.533333,1.0,14,16|1|1|1|1|1|1|1|1|1|1|1|1|1|1,2.9369,19126,completed
50,2,120,45,clustered,0.6,30,1,186,11,0.666667,1.0,10,20|1|1|1|1|1|1|1|1|1|1,3.027,19133,completed
50,2,120,45,clustered,0.6,30,2,151,13,0.6,1.0,12,18|1|1|1|1|1|1|1|1|1|1|1|1,2.8746,19128,completed
50,2,120,45,clustered,0.6,30,3,204,10,0.7,1.0,9,21|1|1|1|1|1|1|1|1|1,2.8331,19134,completed
50,2,120,45,clustered,0.6,30,4,136,14,0.566667,1.0,13,17|1|1|1|1|1|1|1|1|1|1|1|1|1,2.9256,19128,completed
50,2,120,45,clustered,0.6,30,5,166,12,0.633333,1.0,11,19|1|1|1|1|1|1|1|1|1|1|1,2.8067,19130,completed
50,2,120,45,clustered,0.6,30,6,187,11,0.666667,1.0,10,20|1|1|1|1|1|1|1|1|1|1,3.0712,19132,completed
50,2,120,45,clustered,0.6,30,7,190,11,0.666667,1.0,10,20|1|1|1|1|1|1|1|1|1|1,2.8818,19132,completed
50,2,120,45,clustered,0.6,30,8,205,10,0.7,1.0,9,21|1|1|1|1|1|1|1|1|1,3.1785,19136,completed
50,2,120,45,clustered,0.6,30,9,226,9,0.733333,1.0,8,22|1|1|1|1|1|1|1|1,2.9045,19140,completed
50,2,120,60,clustered,0.6,30,0,399,2,0.966667,15.0,1,29|1,2.9932,19175,completed
50,2,120,60,clustered,0.6,30,1,253,8,0.766667,1.0,7,23|1|1|1|1|1|1|1,3.0415,19134,completed
50,2,120,60,clustered,0.6,30,2,351,4,0.9,1.0,3,27|1|1|1,2.8202,19166,completed
50,2,120,60,clustered,0.6,30,3,325,5,0.866667,1.0,4,26|1|1|1|1,2.7065,19158,completed
50,2,120,60,clustered,0.6,30,4,346,4,0.9,1.0,3,27|1|1|1,2.8098,19164,completed
50,2,120,60,clustered,0.6,30,5,243,8,0.766667,1.0,7,23|1|1|1|1|1|1|1,2.6784,19136,completed
50,2,120,60,clustered,0.6,30,6,166,12,0.633333,1.0,11,19|1|1|1|1|1|1|1|1|1|1|1,2.7427,19129,completed
50,2,120,60,clustered,0.6,30,7,300,6,0.833333,1.0,5,25|1|1|1|1|1,2.7827,19146,completed
50,2,120,60,clustered,0.6,30,8,120,15,0.533333,1.0,14,16|1|1|1|1|1|1|1|1|1|1|1|1|1|1,2.8589,19126,completed
50,2,120,60,clustered,0.6,30,9,342,4,0.9,1.0,3,27|1|1|1,2.7594,19154,completed
50,2,120,10,clustered,1.0,50,0,300,26,0.5,1.0,25,25|1|1|1|1|1|1|1|1|1|1|1|1|1|1|1|1|1|1|1|1|1|1|1|1|1,4.6135,31875,completed
50,2,120,10,clustered,1.0,50,1,300,26,0.5,1.0,25,25|1|1|1|1|1|1|1|1|1|1|1|1|1|1|1|1|1|1|1|1|1|1|1|1|1,5.2432,31875,completed
50,2,120,10,clustered,1.0,50,2,300,26,0.5,1.0,25,25|1|1|1|1|1|1|1|1|1|1|1|1|1|1|1|1|1|1|1|1|1|1|1|1|1,5.603,31875,completed
50,2,120,10,clustered,1.0,50,3,300,26,0.5,1.0,25,25|1|1|1|1|1|1|1|1|1|1|1|1|1|1|1|1|1|1|1|1|1|1|1|1|1,5.1562,31875,completed
50,2,120,10,clustered,1.0,50,4,300,26,0.5,1.0,25,25|1|1|1|1|1|1|1|1|1|1|1|1|1|1|1|1|1|1|1|1|1|1|1|1|1,5.9267,31875,completed
50,2,120,10,clustered,1.0,50,5,300,26,0.5,1.0,25,25|1|1|1|1|1|1|1|1|1|1|1|1|1|1|1|1|1|1|1|1|1|1|1|1|1,4.8001,31875,completed
50,2,120,10,clustered,1.0,50,6,300,26,0.5,1.0,25,25|1|1|1|1|1|1|1|1|1|1|1|1|1|1|1|1|1|1|1|1|1|1|1|1|1,5.6402,31875,completed
50,2,120,10,clustered,1.0,50,7,300,26,0.5,1.0,25,25|1|1|1|1|1|1|1|1|1|1|1|1|1|1|1|1|1|1|1|1|1|1|1|1|1,6.1881,31875,completed
50,2,120,10,clustered,1.0,50,8,300,26,0.5,1.0,25,25|1|1|1|1|1|1|1|1|1|1|1|1|1|1|1|1|1|1|1|1|1|1|1|1|1,5.5019,31875,completed
50,2,120,10,clustered,1.0,50,9,300,26,0.5,1.0,25,25|1|1|1|1|1|1|1|1|1|1|1|1|1|1|1|1|1|1|1|1|1|1|1|1|1,5.2927,31875,completed
50,2,120,15,clustered,1.0,50,0,325,25,0.52,1.0,24,26|1|1|1|1|1|1|1|1|1|1|1|1|1|1|1|1|1|1|1|1|1|1|1|1,5.4893,31876,completed
50,2,120,15,clustered,1.0,50,1,300,26,0.5,1.0,25,25|1|1|1|1|1|1|1|1|1|1|1|1|1|1|1|1|1|1|1|1|1|1|1|1|1,5.5193,31875,completed
50,2,120,15,clustered,1.0,50,2,300,26,0.5,1.0,25,25|1|1|1|1|1|1|1|1|1|1|1|1|1|1|1|1|1|1|1|1|1|1|1|1|1,5.2511,31875,completed
50,2,120,15,clustered,1.0,50,3,300,26,0.5,1.0,25,25|1|1|1|1|1|1|1|1|1|1|1|1|1|1|1|1|1|1|1|1|1|1|1|1|1,5.2669,31875,completed
50,2,120,15,clustered,1.0,50,4,300,26,0.5,1.0,25,25|1|1|1|1|1|1|1|1|1|1|1|1|1|1|1|1|1|1|1|1|1|1|1|1|1,5.5499,31875,completed
50,2,120,15,clustered,1.0,50,5,300,26,0.5,1.0,25,25|1|1|1|1|1|1|1|1|1|1|1|1|1|1|1|1|1|1|1|1|1|1|1|1|1,5.3159,31875,completed
50,2,120,15,clustered,1.0,50,6,300,26,0.5,1.0,25,25|1|1|1|1|1|1|1|1|1|1|1|1|1|1|1|1|1|1|1|1|1|1|1|1|1,5.9051,31875,completed
50,2,120,15,clustered,1.0,50,7,300,26,0.5,1.0,25,25|1|1|1|1|1|1|1|1|1|1|1|1|1|1|1|1|1|1|1|1|1|1|1|1|1,6.2615,31875,completed
50,2,120,15,clustered,1.0,50,8,300,26,0.5,1.0,25,25|1|1|1|1|1|1|1|1|1|1|1|1|1|1|1|1|1|1|1|1|1|1|1|1|1,6.5273,31875,completed
50,2,120,15,clustered,1.0,50,9,300,26,0.5,1.0,25,25|1|1|1|1|1|1|1|1|1|1|1|1|1|1|1|1|1|1|1|1|1|1|1|1|1,5.6897,31875,completed
50,2,120,20,clustered,1.0,50,0,300,26,0.5,1.0,25,25|1|1|1|1|1|1|1|1|1|1|1|1|1|1|1|1|1|1|1|1|1|1|1|1|1,6.025,31875,completed
50,2,120,20,clustered,1.0,50,1,300,26,0.5,1.0,25,25|1|1|1|1|1|1|1|1|1|1|1|1|1|1|1|1|1|1|1|1|1|1|1|1|1,5.4324,31875,completed
50,2,120,20,clustered,1.0,50,2,325,25,0.52,1.0,24,26|1|1|1|1|1|1|1|1|1|1|1|1|1|1|1|1|1|1|1|1|1|1|1|1,5.2134,31876,completed
50,2,120,20,clustered,1.0,50,3,376,23,0.56,1.0,22,28|1|1|1|1|1|1|1|1|1|1|1|1|1|1|1|1|1|1|1|1|1|1,5.3658,31878,completed
50,2,120,20,clustered,1.0,50,4,300,26,0.5,1.0,25,25|1|1|1|1|1|1|1|1|1|1|1|1|1|1|1|1|1|1|1|1|1|1|1|1|1,5.531,31875,completed
50,2,120,20,clustered,1.0,50,5,325,25,0.52,1.0,24,26|1|1|1|1|1|1|1|1|1|1|1|1|1|1|1|1|1|1|1|1|1|1|1|1,5.0977,31876,completed
50,2,120,20,clustered,1.0,50,6,325,25,0.52,1.0,24,26|1|1|1|1|1|1|1|1|1|1|1|1|1|1|1|1|1|1|1|1|1|1|1|1,5.9629,31876,completed
50,2,120,20,clustered,1.0,50,7,300,26,0.5,1.0,25,25|1|1|1|1|1|1|1|1|1|1|1|1|1|1|1|1|1|1|1|1|1|1|1|1|1,5.7154,31875,completed
50,2,120,20,clustered,1.0,50,8,300,26,0.5,1.0,25,25|1|1|1|1|1|1|1|1|1|1|1|1|1|1|1|1|1|1|1|1|1|1|1|1|1,5.5746,31875,completed
50,2,120,20,clustered,1.0,50,9,325,25,0.52,1.0,24,26|1|1|1|1|1|1|1|1|1|1|1|1|1|1|1|1|1|1|1|1|1|1|1|1,6.0421,31876,completed
50,2,120,30,clustered,1.0,50,0,378,23,0.56,1.0,22,28|1|1|1|1|1|1|1|1|1|1|1|1|1|1|1|1|1|1|1|1|1|1,5.5863,31878,completed
50,2,120,30,clustered,1.0,50,1,351,24,0.54,1.0,23,27|1|1|1|1|1|1|1|1|1|1|1|1|1|1|1|1|1|1|1|1|1|1|1,5.3223,31877,completed
50,2,120,30,clustered,1.0,50,2,435,21,0.6,1.0,20,30|1|1|1|1|1|1|1|1|1|1|1|1|1|1|1|1|1|1|1|1,5.3863,31880,completed
50,2,120,30,clustered,1.0,50,3,351,24,0.54,1.0,23,27|1|1|1|1|1|1|1|1|1|1|1|1|1|1|1|1|1|1|1|1|1|1|1,5.6404,31877,completed
50,2,120,30,clustered,1.0,50,4,300,26,0.5,1.0,25,25|1|1|1|1|1|1|1|1|1|1|1|1|1|1|1|1|1|1|1|1|1|1|1|1|1,5.163,31875,completed
50,2,120,30,clustered,1.0,50,5,300,26,0.5,1.0,25,25|1|1|1|1|1|1|1|1|1|1|1|1|1|1|1|1|1|1|1|1|1|1|1|1|1,5.4745,31875,completed
50,2,120,30,clustered,1.0,50,6,694,13,0.76,1.0,12,38|1|1|1|1|1|1|1|1|1|1|1|1,6.1439,31896,completed
50,2,120,30,clustered,1.0,50,7,577,16,0.7,1.0,15,35|1|1|1|1|1|1|1|1|1|1|1|1|1|1|1,5.4396,31888,completed
50,2,120,30,clustered,1.0,50,8,666,14,0.74,1.0,13,37|1|1|1|1|1|1|1|1|1|1|1|1|1,5.4834,31889,completed
50,2,120,30,clustered,1.0,50,9,376,23,0.56,1.0,22,28|1|1|1|1|1|1|1|1|1|1|1|1|1|1|1|1|1|1|1|1|1|1,4.6048,31878,completed
50,2,120,45,clustered,1.0,50,0,403,22,0.58,1.0,21,29|1|1|1|1|1|1|1|1|1|1|1|1|1|1|1|1|1|1|1|1|1,4.2658,31879,completed
50,2,120,45,clustered,1.0,50,1,678,13,0.76,1.0,12,38|1|1|1|1|1|1|1|1|1|1|1|1,4.0003,31893,completed
50,2,120,45,clustered,1.0,50,2,325,25,0.52,1.0,24,26|1|1|1|1|1|1|1|1|1|1|1|1|1|1|1|1|1|1|1|1|1|1|1|1,4.1554,31876,completed
50,2,120,45,clustered,1.0,50,3,741,12,0.78,1.0,11,39|1|1|1|1|1|1|1|1|1|1|1,4.4396,31892,completed
50,2,120,45,clustered,1.0,50,4,630,15,0.72,1.0,14,36|1|1|1|1|1|1|1|1|1|1|1|1|1|1,4.1413,31889,completed
50,2,120,45,clustered,1.0,50,5,1063,4,0.94,1.0,3,47|1|1|1,4.2231,31919,completed
50,2,120,45,clustered,1.0,50,6,820,10,0.82,1.0,9,41|1|1|1|1|1|1|1|1|1,4.0851,31893,completed
50,2,120,45,clustered,1.0,50,7,300,26,0.5,1.0,25,25|1|1|1|1|1|1|1|1|1|1|1|1|1|1|1|1|1|1|1|1|1|1|1|1|1,4.508,31875,completed
50,2,120,45,clustered,1.0,50,8,460,20,0.62,1.0,19,31|1|1|1|1|1|1|1|1|1|1|1|1|1|1|1|1|1|1|1,4.3401,31882,completed
50,2,120,45,clustered,1.0,50,9,516,18,0.66,1.0,17,33|1|1|1|1|1|1|1|1|1|1|1|1|1|1|1|1|1,4.1251,31887,completed
50,2,120,60,clustered,1.0,50,0,907,7,0.88,1.0,6,44|1|1|1|1|1|1,4.3177,31897,completed
50,2,120,60,clustered,1.0,50,1,940,7,0.88,1.0,6,44|1|1|1|1|1|1,4.3963,31922,completed
50,2,120,60,clustered,1.0,50,2,538,17,0.68,1.0,16,34|1|1|1|1|1|1|1|1|1|1|1|1|1|1|1|1,4.2983,31890,completed
50,2,120,60,clustered,1.0,50,3,561,17,0.68,1.0,16,34|1|1|1|1|1|1|1|1|1|1|1|1|1|1|1|1,4.4827,31891,completed
50,2,120,60,clustered,1.0,50,4,715,12,0.78,1.0,11,39|1|1|1|1|1|1|1|1|1|1|1,4.1287,31903,completed
50,2,120,60,clustered,1.0,50,5,1080,4,0.94,1.0,3,47|1|1|1,4.0893,31986,completed
50,2,120,60,clustered,1.0,50,6,456,20,0.62,1.0,19,31|1|1|1|1|1|1|1|1|1|1|1|1|1|1|1|1|1|1|1,4.167,31881,completed
50,2,120,60,clustered,1.0,50,7,1170,1,1.0,50.0,0,50,4.0419,31929,completed
50,2,120,60,clustered,1.0,50,8,738,12,0.78,1.0,11,39|1|1|1|1|1|1|1|1|1|1|1,4.3348,31929,completed
50,2,120,60,clustered,1.0,50,9,1215,1,1.0,50.0,0,50,4.397,31924,completed
