cls,n,B,tw_width,status,t_gen_s,t_dp_s,n_generated,n_surviving,survival_ratio,peak_frontier,n_bundles,k_values
GW,10,2,30,completed,0.001,0.002,187,143,0.764706,166,49,1|2
GW,20,2,30,completed,0.001,0.006,700,514,0.734286,660,162,1|2
GW,30,2,30,completed,0.002,0.014,1469,1059,0.720899,1405,318,1|2
GW,40,2,30,completed,0.002,0.03,2721,2044,0.751194,2638,617,1|2
GW,50,2,30,completed,0.003,0.048,4489,3250,0.723992,4379,998,1|2
GW,60,2,30,completed,0.003,0.061,6053,4449,0.735007,5931,1285,1|2
GW,75,2,30,completed,0.005,0.098,9163,6737,0.73524,9012,1849,1|2
GW,100,2,30,completed,0.008,0.175,16658,12181,0.73124,16440,3509,1|2
GW,10,2,60,completed,0.001,0.003,243,173,0.711934,218,55,1|2
GW,20,2,60,completed,0.002,0.009,935,649,0.694118,881,209,1|2
GW,30,2,60,completed,0.003,0.02,2100,1466,0.698095,2003,457,1|2
GW,40,2,60,completed,0.003,0.043,3846,2641,0.686687,3703,813,1|2
GW,50,2,60,completed,0.004,0.062,6087,4126,0.677838,5879,1266,1|2
GW,60,2,60,completed,0.004,0.089,8487,5802,0.683634,8251,1812,1|2
GW,75,2,60,completed,0.004,0.15,13284,9044,0.680819,12892,2802,1|2
GW,100,2,60,completed,0.007,0.306,23461,15981,0.681173,22835,4988,1|2
GW,10,2,120,completed,0.001,0.004,333,218,0.654655,304,55,1|2
GW,20,2,120,completed,0.002,0.013,1396,878,0.62894,1293,210,1|2
GW,30,2,120,completed,0.002,0.03,3183,1987,0.624254,2967,465,1|2
GW,40,2,120,completed,0.002,0.068,5635,3478,0.617214,5331,820,1|2
GW,50,2,120,completed,0.004,0.097,8394,5310,0.632595,7941,1275,1|2
GW,60,2,120,completed,0.005,0.157,13396,8186,0.611078,12654,1830,1|2
GW,75,2,120,completed,0.004,0.265,19386,12084,0.623336,18394,2850,1|2
GW,100,2,120,completed,0.008,0.461,34051,21315,0.625973,32424,5050,1|2
GW,10,2,240,completed,0.001,0.006,481,288,0.598753,424,55,1|2
GW,20,2,240,completed,0.001,0.021,2189,1244,0.568296,1974,210,1|2
GW,30,2,240,completed,0.002,0.046,4803,2768,0.576306,4436,465,1|2
GW,40,2,240,completed,0.003,0.11,8970,5220,0.58194,8231,820,1|2
GW,50,2,240,completed,0.003,0.146,13599,8023,0.58997,12599,1275,1|2
GW,60,2,240,completed,0.004,0.214,19365,11314,0.58425,18054,1830,1|2
GW,75,2,240,completed,0.004,0.45,29373,17244,0.58707,27303,2850,1|2
GW,100,2,240,completed,0.007,0.733,53200,30624,0.575639,49491,5050,1|2
GW,10,3,30,completed,0.001,0.015,679,516,0.759941,513,66,1|2|3
GW,20,3,30,completed,0.002,0.094,6867,4142,0.603175,6131,773,1|2|3
GW,30,3,30,completed,0.005,0.409,26358,15670,0.594506,24446,2465,1|2|3
GW,40,3,30,completed,0.003,0.957,64761,39200,0.605303,61210,6634,1|2|3
GW,50,3,30,completed,0.005,2.152,120756,72653,0.601651,115245,11591,1|2|3
GW,60,3,30,completed,0.007,3.504,199608,120928,0.605827,191185,18054,1|2|3
GW,75,3,30,completed,0.006,7.292,414165,245827,0.593548,399090,40358,1|2|3
GW,100,3,30,completed,0.007,20.38,963423,581682,0.603766,932573,87443,1|2|3
GW,10,3,60,completed,0.001,0.079,1730,855,0.49422,1330,173,1|2|3
GW,20,3,60,completed,0.002,0.212,16010,7485,0.46752,13090,1336,1|2|3
GW,30,3,60,completed,0.002,0.574,45874,22768,0.496316,39133,4376,1|2|3
GW,40,3,60,completed,0.003,1.581,109816,54321,0.494655,95364,10140,1|2|3
GW,50,3,60,completed,0.004,3.888,220970,108514,0.49108,194215,20138,1|2|3
GW,60,3,60,completed,0.003,7.175,380212,186103,0.489472,336389,34380,1|2|3
GW,75,3,60,completed,0.005,13.705,724565,357706,0.493684,646559,66550,1|2|3
GW,100,3,60,completed,0.006,33.366,1777727,867304,0.487872,1584930,157965,1|2|3
GW,10,3,120,completed,0.002,0.156,3191,1133,0.355061,2114,175,1|2|3
GW,20,3,120,completed,0.002,0.313,26160,9898,0.378364,19674,1350,1|2|3
GW,30,3,120,completed,0.003,1.189,99570,35576,0.357296,75377,4525,1|2|3
GW,40,3,120,completed,0.005,3.699,247240,85727,0.346736,188092,10700,1|2|3
GW,50,3,120,completed,0.004,8.158,490721,169442,0.345292,371316,20875,1|2|3
GW,60,3,120,completed,0.005,16.401,905912,302446,0.333858,681975,36050,1|2|3
GW,75,3,120,completed,0.02,30.201,1669955,572010,0.34253,1276474,70375,1|2|3
GW,100,3,120,completed,0.009,77.216,4105781,1406587,0.342587,3180176,166750,1|2|3
GW,10,3,240,completed,0.003,0.381,10322,2815,0.272718,6433,175,1|2|3
GW,20,3,240,completed,0.002,0.889,81538,21532,0.264073,53222,1350,1|2|3
GW,30,3,240,completed,0.004,3.209,277726,74693,0.268945,186319,4525,1|2|3
GW,40,3,240,completed,0.004,10.556,665932,178301,0.267747,443931,10700,1|2|3
GW,50,3,240,completed,0.003,23.14,1360113,366571,0.269515,920158,20875,1|2|3
GW,60,3,240,completed,0.005,41.255,2368480,639963,0.2702,1601895,36050,1|2|3
GW,75,3,240,completed,0.005,76.075,4649524,1239040,0.266487,3128594,70375,1|2|3
GW,100,3,240,broke,0.008,169.963,10990743,2905862,0.264392,7358501,166750,1|2|3
GW,10,4,30,completed,0.003,0.661,1513,916,0.60542,876,105,1|2|3|4
GW,20,4,30,completed,0.002,0.875,57635,31738,0.550672,48801,2367,1|2|3|4
GW,30,4,30,completed,0.003,5.434,324677,170353,0.524685,288727,14421,1|2|3|4
GW,40,4,30,completed,0.005,16.121,853864,475570,0.556962,783352,31397,1|2|3|4
GW,50,4,30,completed,0.004,34.691,1816968,994561,0.547374,1691175,61578,1|2|3|4
GW,60,4,30,completed,0.003,78.175,4122711,2324269,0.563772,3862840,136564,1|2|3|4
GW,75,4,30,broke,0.006,186.308,9990598,5481499,0.548666,9485047,369408,1|2|3|4
GW,10,4,60,completed,0.003,0.267,6025,2688,0.446141,3912,362,1|2|3|4
GW,20,4,60,completed,0.002,1.426,116401,49218,0.422831,94855,5348,1|2|3|4
GW,30,4,60,completed,0.002,11.739,688962,274416,0.398304,563683,28422,1|2|3|4
GW,40,4,60,completed,0.003,39.869,2311092,907957,0.392869,1917158,90554,1|2|3|4
GW,50,4,60,broke,0.004,108.038,5911030,2291117,0.3876,5029907,218272,1|2|3|4
GW,10,4,120,completed,0.001,0.516,27852,6058,0.217507,15512,385,1|2|3|4
GW,20,4,120,completed,0.002,4.957,489264,104281,0.213139,315739,6195,1|2|3|4
GW,30,4,120,completed,0.003,31.2,1964267,479431,0.244076,1296173,31929,1|2|3|4
GW,40,4,120,broke,0.002,113.56,7129065,1563448,0.219306,4467586,102090,1|2|3|4
GW,10,4,240,completed,0.002,1.095,81082,11694,0.144224,34658,385,1|2|3|4
GW,20,4,240,completed,0.002,22.176,1533747,228469,0.148961,779081,6195,1|2|3|4
GW,30,4,240,broke,0.003,162.422,10425634,1469677,0.140968,5241012,31930,1|2|3|4
OD,10,2,30,completed,0.002,0.38,199,99,0.497487,178,0,
OD,20,2,30,completed,0.002,0.006,645,359,0.556589,606,0,
OD,30,2,30,completed,0.002,0.01,1506,792,0.525896,1448,0,
OD,40,2,30,completed,0.002,0.029,2936,1476,0.502725,2851,0,
OD,50,2,30,completed,0.004,0.053,4283,2179,0.508756,4170,0,
OD,60,2,30,completed,0.005,0.055,6017,3054,0.507562,5888,0,
OD,75,2,30,completed,0.004,0.101,9996,5166,0.516807,9836,0,
OD,100,2,30,completed,0.007,0.16,17126,8703,0.508175,16889,0,
OD,10,2,60,completed,0.001,0.003,234,101,0.431624,210,0,
OD,20,2,60,completed,0.002,0.009,945,406,0.42963,894,0,
OD,30,2,60,completed,0.002,0.018,2061,908,0.440563,1962,0,
OD,40,2,60,completed,0.003,0.033,3751,1623,0.432685,3617,0,
OD,50,2,60,completed,0.002,0.051,5717,2507,0.438517,5506,0,
OD,60,2,60,completed,0.005,0.07,8455,3646,0.431224,8189,0,
OD,75,2,60,completed,0.004,0.112,13588,5727,0.421475,13145,0,
OD,100,2,60,completed,0.008,0.23,23642,10175,0.430378,22980,0,
OD,10,2,120,completed,0.001,0.002,313,115,0.367412,279,0,
OD,20,2,120,completed,0.002,0.013,1504,500,0.332447,1398,0,
OD,30,2,120,completed,0.003,0.027,3020,1067,0.353311,2854,0,
OD,40,2,120,completed,0.003,0.057,5773,1999,0.346267,5394,0,
OD,50,2,120,completed,0.004,0.079,8589,2991,0.348236,8143,0,
OD,60,2,120,completed,0.005,0.119,12379,4311,0.348251,11756,0,
OD,75,2,120,completed,0.006,0.161,19109,6792,0.355435,18126,0,
OD,100,2,120,completed,0.008,0.323,34161,11958,0.350048,32594,0,
OD,10,2,240,completed,0.001,0.003,491,154,0.313646,432,0,
OD,20,2,240,completed,0.002,0.017,1945,593,0.304884,1807,0,
OD,30,2,240,completed,0.002,0.037,4819,1461,0.303175,4434,0,
OD,40,2,240,completed,0.002,0.074,8476,2566,0.302737,7847,0,
OD,50,2,240,completed,0.004,0.116,13319,4048,0.303927,12295,0,
OD,60,2,240,completed,0.004,0.156,19360,5888,0.304132,17817,0,
OD,75,2,240,completed,0.01,0.234,28880,8803,0.304813,26921,0,
OD,100,2,240,completed,0.007,0.489,52997,15961,0.301168,49575,0,
OD,10,3,30,completed,0.001,0.004,358,225,0.628492,255,0,
OD,20,3,30,completed,0.002,0.08,7142,3509,0.491319,6320,0,
OD,30,3,30,completed,0.003,0.301,27105,13180,0.486257,25021,0,
OD,40,3,30,completed,0.003,0.673,56443,30076,0.532856,53347,0,
OD,50,3,30,completed,0.003,1.197,103817,56281,0.542117,98659,0,
OD,60,3,30,completed,0.003,2.161,185097,94986,0.513169,176270,0,
OD,75,3,30,completed,0.006,4.913,395611,203466,0.514308,381795,0,
OD,100,3,30,completed,0.008,13.422,834350,413836,0.495998,809165,0,
OD,10,3,60,completed,0.002,0.019,1452,583,0.401515,1097,0,
OD,20,3,60,completed,0.002,0.146,12757,4947,0.387787,10777,0,
OD,30,3,60,completed,0.002,0.464,45878,17254,0.376084,39789,0,
OD,40,3,60,completed,0.003,1.26,104339,40476,0.387928,91284,0,
OD,50,3,60,completed,0.004,2.797,215075,80529,0.374423,187259,0,
OD,60,3,60,completed,0.005,5.288,364841,139548,0.38249,322338,0,
OD,75,3,60,completed,0.007,10.698,736349,278436,0.37813,654502,0,
OD,100,3,60,completed,0.007,26.475,1685844,646332,0.383388,1519586,1,1
OD,10,3,120,completed,0.002,0.025,2902,794,0.273604,1985,0,
OD,20,3,120,completed,0.003,0.285,29112,7143,0.245363,20968,0,
OD,30,3,120,completed,0.003,0.917,99541,25213,0.253293,75510,0,
OD,40,3,120,completed,0.003,2.722,230070,55995,0.243382,178757,1,1
OD,50,3,120,completed,0.005,6.929,492117,112669,0.228948,373865,0,
OD,60,3,120,completed,0.006,12.106,860882,198268,0.230308,659874,0,
OD,75,3,120,completed,0.007,24.02,1601873,379712,0.237043,1227611,0,
OD,100,3,120,completed,0.007,57.019,3919337,916341,0.2338,3007313,0,
OD,10,3,240,completed,0.003,0.097,9401,1605,0.170727,5956,0,
OD,20,3,240,completed,0.002,0.814,87852,15320,0.174384,57632,0,
OD,30,3,240,completed,0.003,3.362,280767,47710,0.169927,190515,0,
OD,40,3,240,completed,0.003,9.538,672253,113960,0.16952,446248,0,
OD,50,3,240,completed,0.004,19.544,1367229,227529,0.166416,912658,0,
OD,60,3,240,completed,0.005,32.505,2299690,389596,0.169412,1552344,0,
OD,75,3,240,completed,0.005,64.428,4664666,773432,0.165807,3114517,0,
OD,100,3,240,broke,0.008,139.046,10474663,1744209,0.166517,7080848,1,1
OD,10,4,30,completed,0.004,0.036,2473,1236,0.499798,1614,0,
OD,20,4,30,completed,0.002,0.608,44196,22379,0.506358,37125,0,
OD,30,4,30,completed,0.003,4.201,254701,126610,0.497093,227342,0,
OD,40,4,30,completed,0.006,10.323,598234,332438,0.555699,539525,0,
OD,50,4,30,completed,0.005,36.128,2014164,1008237,0.500573,1871739,0,
OD,60,4,30,completed,0.01,66.107,3543480,1866011,0.526604,3329337,0,
OD,75,4,30,broke,0.006,220.178,11816658,5888991,0.498363,11260354,0,
OD,10,4,60,completed,0.002,0.097,6156,2318,0.376543,4218,0,
OD,20,4,60,completed,0.002,1.625,146550,48023,0.32769,114426,0,
OD,30,4,60,completed,0.002,8.277,690290,239965,0.347629,564102,0,
OD,40,4,60,completed,0.004,32.818,2363657,774774,0.327786,1920910,0,
OD,50,4,60,completed,0.005,80.883,5615200,1906301,0.339489,4757521,0,
OD,60,4,60,broke,0.003,189.767,12457946,4125476,0.331152,10641001,0,
OD,10,4,120,completed,0.002,0.375,34176,5010,0.146594,19315,0,
OD,20,4,120,completed,0.002,3.703,362063,67689,0.186954,240547,0,
OD,30,4,120,completed,0.003,33.958,2568578,410904,0.159973,1655762,0,
OD,40,4,120,broke,0.004,99.539,6463398,1206996,0.186743,4312886,0,
OD,10,4,240,completed,0.001,0.691,76603,7846,0.102424,37224,0,
OD,20,4,240,completed,0.003,20.057,1506116,158483,0.105226,771488,0,
OD,30,4,240,broke,0.003,169.628,11115572,1177709,0.105951,5601971,0,
